{"type": "FeatureCollection", "features": [{"type": "Feature", "properties": {"t": "2026-04-21T10:00:00+00:00Z", "z_m": 10.0}, "geometry": {"type": "Point", "coordinates": [-113.48582596045874, 53.54936889080929]}}, {"type": "Feature", "properties": {"t": "2026-04-21T10:00:00+00:00Z", "z_m": 10.0}, "geometry": {"type": "Point", "coordinates": [-113.48591919051731, 53.54937393876737]}}, {"type": "Feature", "properties": {"t": "2026-04-21T10:00:00+00:00Z", "z_m": 10.0}, "geometry": {"type": "Point", "coordinates": [-113.48588078076705, 53.5494287500756]}}, {"type": "Feature", "properties": {"t": "2026-04-21T10:00:00+00:00Z", "z_m": 10.0}, "geometry": {"type": "Point", "coordinates": [-113.48580545186375, 53.549549042390446]}}, {"type": "Feature", "properties": {"t": "2026-04-21T10:00:00+00:00Z", "z_m": 10.0}, "geometry": {"type": "Point", "coordinates": [-113.4859494277042, 53.54948291205035]}}, {"type": "Feature", "properties": {"t": "2026-04-21T10:00:00+00:00Z", "z_m": 10.0}, "geometry": {"type": "Point", "coordinates": [-113.48589193574242, 53.54956719588859]}}, {"type": "Feature", "properties": {"t": "2026-04-21T10:00:00+00:00Z", "z_m": 10.0}, "geometry": {"type": "Point", "coordinates": [-113.48611747533694, 53.54956490562299]}}, {"type": "Feature", "properties": {"t": "2026-04-21T10:00:00+00:00Z", "z_m": 10.0}, "geometry": {"type": "Point", "coordinates": [-113.48603168108072, 53.549611576228834]}}, {"type": "Feature", "properties": {"t": "2026-04-21T10:00:00+00:00Z", "z_m": 10.0}, "geometry": {"type": "Point", "coordinates": [-113.48600683172857, 53.549502671805456]}}, {"type": "Feature", "properties": {"t": "2026-04-21T10:00:00+00:00Z", "z_m": 10.0}, "geometry": {"type": "Point", "coordinates": [-113.48613813656681, 53.549552870543636]}}, {"type": "Feature", "properties": {"t": "2026-04-21T10:00:00+00:00Z", "z_m": 10.0}, "geometry": {"type": "Point", "coordinates": [-113.48594570269123, 53.54949074254175]}}, {"type": "Feature", "properties": {"t": "2026-04-21T10:00:00+00:00Z", "z_m": 10.0}, "geometry": {"type": "Point", "coordinates": [-113.48619265086887, 53.5495591707034]}}, {"type": "Feature", "properties": {"t": "2026-04-21T10:00:00+00:00Z", "z_m": 10.0}, "geometry": {"type": "Point", "coordinates": [-113.48593655761175, 53.5494978070914]}}, {"type": "Feature", "properties": {"t": "2026-04-21T10:00:00+00:00Z", "z_m": 10.0}, "geometry": {"type": "Point", "coordinates": [-113.48595896623507, 53.549423666491236]}}, {"type": "Feature", "properties": {"t": "2026-04-21T10:00:00+00:00Z", "z_m": 10.0}, "geometry": {"type": "Point", "coordinates": [-113.4860174656886, 53.54944571892953]}}, {"type": "Feature", "properties": {"t": "2026-04-21T10:00:00+00:00Z", "z_m": 10.0}, "geometry": {"type": "Point", "coordinates": [-113.48594663239022, 53.54948721570554]}}, {"type": "Feature", "properties": {"t": "2026-04-21T10:00:00+00:00Z", "z_m": 10.0}, "geometry": {"type": "Point", "coordinates": [-113.4861311047666, 53.54946477778129]}}, {"type": "Feature", "properties": {"t": "2026-04-21T10:00:00+00:00Z", "z_m": 10.0}, "geometry": {"type": "Point", "coordinates": [-113.48585627175125, 53.54948317706331]}}, {"type": "Feature", "properties": {"t": "2026-04-21T10:00:00+00:00Z", "z_m": 10.0}, "geometry": {"type": "Point", "coordinates": [-113.48608249548892, 53.549515361406876]}}, {"type": "Feature", "properties": {"t": "2026-04-21T10:00:00+00:00Z", "z_m": 10.0}, "geometry": {"type": "Point", "coordinates": [-113.4858990914009, 53.549532523189924]}}, {"type": "Feature", "properties": {"t": "2026-04-21T10:00:00+00:00Z", "z_m": 10.0}, "geometry": {"type": "Point", "coordinates": [-113.4860214572591, 53.549424020373]}}, {"type": "Feature", "properties": {"t": "2026-04-21T10:00:00+00:00Z", "z_m": 10.0}, "geometry": {"type": "Point", "coordinates": [-113.48593460505221, 53.54950038341279]}}, {"type": "Feature", "properties": {"t": "2026-04-21T10:00:00+00:00Z", "z_m": 10.0}, "geometry": {"type": "Point", "coordinates": [-113.48604161529894, 53.549642671267904]}}, {"type": "Feature", "properties": {"t": "2026-04-21T10:00:00+00:00Z", "z_m": 10.0}, "geometry": {"type": "Point", "coordinates": [-113.48589002699717, 53.54959822840386]}}, {"type": "Feature", "properties": {"t": "2026-04-21T10:00:00+00:00Z", "z_m": 10.0}, "geometry": {"type": "Point", "coordinates": [-113.48589776230853, 53.54960943554493]}}, {"type": "Feature", "properties": {"t": "2026-04-21T10:00:00+00:00Z", "z_m": 10.0}, "geometry": {"type": "Point", "coordinates": [-113.48575043894172, 53.549517290502536]}}, {"type": "Feature", "properties": {"t": "2026-04-21T10:00:00+00:00Z", "z_m": 10.0}, "geometry": {"type": "Point", "coordinates": [-113.48609780031832, 53.54941885282455]}}, {"type": "Feature", "properties": {"t": "2026-04-21T10:00:00+00:00Z", "z_m": 10.0}, "geometry": {"type": "Point", "coordinates": [-113.4859608655534, 53.549490776536565]}}, {"type": "Feature", "properties": {"t": "2026-04-21T10:00:00+00:00Z", "z_m": 10.0}, "geometry": {"type": "Point", "coordinates": [-113.48602589649751, 53.549598120345465]}}, {"type": "Feature", "properties": {"t": "2026-04-21T10:00:00+00:00Z", "z_m": 10.0}, "geometry": {"type": "Point", "coordinates": [-113.48602521582126, 53.54953373020154]}}, {"type": "Feature", "properties": {"t": "2026-04-21T10:00:00+00:00Z", "z_m": 10.0}, "geometry": {"type": "Point", "coordinates": [-113.48602181352962, 53.549554677359815]}}, {"type": "Feature", "properties": {"t": "2026-04-21T10:00:00+00:00Z", "z_m": 10.0}, "geometry": {"type": "Point", "coordinates": [-113.48569152443669, 53.54939273758279]}}, {"type": "Feature", "properties": {"t": "2026-04-21T10:00:00+00:00Z", "z_m": 10.0}, "geometry": {"type": "Point", "coordinates": [-113.48610729054886, 53.54951738562463]}}, {"type": "Feature", "properties": {"t": "2026-04-21T10:00:00+00:00Z", "z_m": 10.0}, "geometry": {"type": "Point", "coordinates": [-113.48610198553106, 53.5494102422939]}}, {"type": "Feature", "properties": {"t": "2026-04-21T10:00:00+00:00Z", "z_m": 10.0}, "geometry": {"type": "Point", "coordinates": [-113.4860693581902, 53.54948744477214]}}, {"type": "Feature", "properties": {"t": "2026-04-21T10:00:00+00:00Z", "z_m": 10.0}, "geometry": {"type": "Point", "coordinates": [-113.48578173780716, 53.54943685914417]}}, {"type": "Feature", "properties": {"t": "2026-04-21T10:00:00+00:00Z", "z_m": 10.0}, "geometry": {"type": "Point", "coordinates": [-113.486108558151, 53.54944694091175]}}, {"type": "Feature", "properties": {"t": "2026-04-21T10:00:00+00:00Z", "z_m": 10.0}, "geometry": {"type": "Point", "coordinates": [-113.4858531269526, 53.54942086141173]}}, {"type": "Feature", "properties": {"t": "2026-04-21T10:00:00+00:00Z", "z_m": 10.0}, "geometry": {"type": "Point", "coordinates": [-113.48598777045639, 53.54942092549986]}}, {"type": "Feature", "properties": {"t": "2026-04-21T10:00:00+00:00Z", "z_m": 10.0}, "geometry": {"type": "Point", "coordinates": [-113.48608715353036, 53.54968065836036]}}, {"type": "Feature", "properties": {"t": "2026-04-21T10:00:00+00:00Z", "z_m": 10.0}, "geometry": {"type": "Point", "coordinates": [-113.48583846336986, 53.54957472397191]}}, {"type": "Feature", "properties": {"t": "2026-04-21T10:00:00+00:00Z", "z_m": 10.0}, "geometry": {"type": "Point", "coordinates": [-113.48615546628024, 53.549422442740756]}}, {"type": "Feature", "properties": {"t": "2026-04-21T10:00:00+00:00Z", "z_m": 10.0}, "geometry": {"type": "Point", "coordinates": [-113.48598826695249, 53.54954503781293]}}, {"type": "Feature", "properties": {"t": "2026-04-21T10:00:00+00:00Z", "z_m": 10.0}, "geometry": {"type": "Point", "coordinates": [-113.48617223418766, 53.54971980419038]}}, {"type": "Feature", "properties": {"t": "2026-04-21T10:00:00+00:00Z", "z_m": 10.0}, "geometry": {"type": "Point", "coordinates": [-113.48602277950408, 53.54940324783908]}}, {"type": "Feature", "properties": {"t": "2026-04-21T10:00:00+00:00Z", "z_m": 10.0}, "geometry": {"type": "Point", "coordinates": [-113.48589127804047, 53.54960799826793]}}, {"type": "Feature", "properties": {"t": "2026-04-21T10:00:00+00:00Z", "z_m": 10.0}, "geometry": {"type": "Point", "coordinates": [-113.48589239641045, 53.54955709419926]}}, {"type": "Feature", "properties": {"t": "2026-04-21T10:00:00+00:00Z", "z_m": 10.0}, "geometry": {"type": "Point", "coordinates": [-113.48604152669812, 53.54931065823992]}}, {"type": "Feature", "properties": {"t": "2026-04-21T10:00:00+00:00Z", "z_m": 10.0}, "geometry": {"type": "Point", "coordinates": [-113.48617987437835, 53.54940565553279]}}, {"type": "Feature", "properties": {"t": "2026-04-21T10:00:00+00:00Z", "z_m": 10.0}, "geometry": {"type": "Point", "coordinates": [-113.48621683256681, 53.549349334333826]}}, {"type": "Feature", "properties": {"t": "2026-04-21T09:55:00+00:00Z", "z_m": 10.671083662993473}, "geometry": {"type": "Point", "coordinates": [-113.4909944483732, 53.5660702336474]}}, {"type": "Feature", "properties": {"t": "2026-04-21T09:55:00+00:00Z", "z_m": 9.577607437337118}, "geometry": {"type": "Point", "coordinates": [-113.49018904984945, 53.56522031074016]}}, {"type": "Feature", "properties": {"t": "2026-04-21T09:55:00+00:00Z", "z_m": 10.530836586424476}, "geometry": {"type": "Point", "coordinates": [-113.49329974702233, 53.566236405470754]}}, {"type": "Feature", "properties": {"t": "2026-04-21T09:55:00+00:00Z", "z_m": 11.288248938289172}, "geometry": {"type": "Point", "coordinates": [-113.49215014416447, 53.565928453832115]}}, {"type": "Feature", "properties": {"t": "2026-04-21T09:55:00+00:00Z", "z_m": 12.330450026138953}, "geometry": {"type": "Point", "coordinates": [-113.49155440353026, 53.566313463737536]}}, {"type": "Feature", "properties": {"t": "2026-04-21T09:55:00+00:00Z", "z_m": 13.07830277776325}, "geometry": {"type": "Point", "coordinates": [-113.49081934415611, 53.56616257932293]}}, {"type": "Feature", "properties": {"t": "2026-04-21T09:55:00+00:00Z", "z_m": 11.141230920512252}, "geometry": {"type": "Point", "coordinates": [-113.49035817835193, 53.56637231921655]}}, {"type": "Feature", "properties": {"t": "2026-04-21T09:55:00+00:00Z", "z_m": 10.41305197512534}, "geometry": {"type": "Point", "coordinates": [-113.49067862323595, 53.56682246998273]}}, {"type": "Feature", "properties": {"t": "2026-04-21T09:55:00+00:00Z", "z_m": 10.233611047596675}, "geometry": {"type": "Point", "coordinates": [-113.49166159515407, 53.56515896833686]}}, {"type": "Feature", "properties": {"t": "2026-04-21T09:55:00+00:00Z", "z_m": 10.403999944520178}, "geometry": {"type": "Point", "coordinates": [-113.49107887171935, 53.565469288481665]}}, {"type": "Feature", "properties": {"t": "2026-04-21T09:55:00+00:00Z", "z_m": 9.89778329559654}, "geometry": {"type": "Point", "coordinates": [-113.49150062413753, 53.5663759344074]}}, {"type": "Feature", "properties": {"t": "2026-04-21T09:55:00+00:00Z", "z_m": 11.916777000067043}, "geometry": {"type": "Point", "coordinates": [-113.491109772885, 53.56675190961047]}}, {"type": "Feature", "properties": {"t": "2026-04-21T09:55:00+00:00Z", "z_m": 8.443140977118468}, "geometry": {"type": "Point", "coordinates": [-113.4933558421964, 53.56484579505215]}}, {"type": "Feature", "properties": {"t": "2026-04-21T09:55:00+00:00Z", "z_m": 10.531521723163436}, "geometry": {"type": "Point", "coordinates": [-113.49193306253648, 53.565789326554]}}, {"type": "Feature", "properties": {"t": "2026-04-21T09:55:00+00:00Z", "z_m": 7.5003624431442955}, "geometry": {"type": "Point", "coordinates": [-113.49060101306364, 53.564354685676]}}, {"type": "Feature", "properties": {"t": "2026-04-21T09:55:00+00:00Z", "z_m": 7.843156214660227}, "geometry": {"type": "Point", "coordinates": [-113.49151982487214, 53.56546165408996]}}, {"type": "Feature", "properties": {"t": "2026-04-21T09:55:00+00:00Z", "z_m": 9.177888766564369}, "geometry": {"type": "Point", "coordinates": [-113.4923874309988, 53.56579748864806]}}, {"type": "Feature", "properties": {"t": "2026-04-21T09:55:00+00:00Z", "z_m": 9.93458685458466}, "geometry": {"type": "Point", "coordinates": [-113.49064409380875, 53.565913766073145]}}, {"type": "Feature", "properties": {"t": "2026-04-21T09:55:00+00:00Z", "z_m": 12.099377616879561}, "geometry": {"type": "Point", "coordinates": [-113.49285421149678, 53.56437313232802]}}, {"type": "Feature", "properties": {"t": "2026-04-21T09:55:00+00:00Z", "z_m": 7.672502985114595}, "geometry": {"type": "Point", "coordinates": [-113.49171307346252, 53.566812678425215]}}, {"type": "Feature", "properties": {"t": "2026-04-21T09:55:00+00:00Z", "z_m": 9.833985266198168}, "geometry": {"type": "Point", "coordinates": [-113.49269633985446, 53.56674104446854]}}, {"type": "Feature", "properties": {"t": "2026-04-21T09:55:00+00:00Z", "z_m": 8.211167950504695}, "geometry": {"type": "Point", "coordinates": [-113.49164068865618, 53.565929113739]}}, {"type": "Feature", "properties": {"t": "2026-04-21T09:55:00+00:00Z", "z_m": 14.60186110786231}, "geometry": {"type": "Point", "coordinates": [-113.49236456143342, 53.5640856195802]}}, {"type": "Feature", "properties": {"t": "2026-04-21T09:55:00+00:00Z", "z_m": 10.421598984798555}, "geometry": {"type": "Point", "coordinates": [-113.49073373132613, 53.56515897681982]}}, {"type": "Feature", "properties": {"t": "2026-04-21T09:55:00+00:00Z", "z_m": 7.4625958632766025}, "geometry": {"type": "Point", "coordinates": [-113.49139585249098, 53.56500950289863]}}, {"type": "Feature", "properties": {"t": "2026-04-21T09:55:00+00:00Z", "z_m": 11.675272103725574}, "geometry": {"type": "Point", "coordinates": [-113.49072422100363, 53.565789896454824]}}, {"type": "Feature", "properties": {"t": "2026-04-21T09:55:00+00:00Z", "z_m": 10.614403829545944}, "geometry": {"type": "Point", "coordinates": [-113.49389645147784, 53.566341301807135]}}, {"type": "Feature", "properties": {"t": "2026-04-21T09:55:00+00:00Z", "z_m": 10.599037926293859}, "geometry": {"type": "Point", "coordinates": [-113.48912800328665, 53.566486054452646]}}, {"type": "Feature", "properties": {"t": "2026-04-21T09:55:00+00:00Z", "z_m": 8.48321003531791}, "geometry": {"type": "Point", "coordinates": [-113.4900084866171, 53.564577791286865]}}, {"type": "Feature", "properties": {"t": "2026-04-21T09:55:00+00:00Z", "z_m": 11.737894124203253}, "geometry": {"type": "Point", "coordinates": [-113.49082185601058, 53.56594483359904]}}, {"type": "Feature", "properties": {"t": "2026-04-21T09:55:00+00:00Z", "z_m": 9.90537212597131}, "geometry": {"type": "Point", "coordinates": [-113.49254133820222, 53.56595873678018]}}, {"type": "Feature", "properties": {"t": "2026-04-21T09:55:00+00:00Z", "z_m": 9.267767265267434}, "geometry": {"type": "Point", "coordinates": [-113.49160200943047, 53.5663006884765]}}, {"type": "Feature", "properties": {"t": "2026-04-21T09:55:00+00:00Z", "z_m": 9.811537107096362}, "geometry": {"type": "Point", "coordinates": [-113.49079045548073, 53.56605262064121]}}, {"type": "Feature", "properties": {"t": "2026-04-21T09:55:00+00:00Z", "z_m": 10.61729258252507}, "geometry": {"type": "Point", "coordinates": [-113.49218620695476, 53.56607225639048]}}, {"type": "Feature", "properties": {"t": "2026-04-21T09:55:00+00:00Z", "z_m": 9.506449896226174}, "geometry": {"type": "Point", "coordinates": [-113.49066866981332, 53.56632503047436]}}, {"type": "Feature", "properties": {"t": "2026-04-21T09:55:00+00:00Z", "z_m": 7.936218252014621}, "geometry": {"type": "Point", "coordinates": [-113.48851733124062, 53.56476710919369]}}, {"type": "Feature", "properties": {"t": "2026-04-21T09:55:00+00:00Z", "z_m": 11.174559259144276}, "geometry": {"type": "Point", "coordinates": [-113.49187944317285, 53.56576421659454]}}, {"type": "Feature", "properties": {"t": "2026-04-21T09:55:00+00:00Z", "z_m": 12.929200143853215}, "geometry": {"type": "Point", "coordinates": [-113.48958995263665, 53.56483861618039]}}, {"type": "Feature", "properties": {"t": "2026-04-21T09:55:00+00:00Z", "z_m": 11.189609885244504}, "geometry": {"type": "Point", "coordinates": [-113.49333883485579, 53.564284618800905]}}, {"type": "Feature", "properties": {"t": "2026-04-21T09:55:00+00:00Z", "z_m": 10.159436171293734}, "geometry": {"type": "Point", "coordinates": [-113.49270071252758, 53.56537520885153]}}, {"type": "Feature", "properties": {"t": "2026-04-21T09:55:00+00:00Z", "z_m": 9.078473346930123}, "geometry": {"type": "Point", "coordinates": [-113.49023876120643, 53.566689747599526]}}, {"type": "Feature", "properties": {"t": "2026-04-21T09:55:00+00:00Z", "z_m": 6.988674539462136}, "geometry": {"type": "Point", "coordinates": [-113.49189541335436, 53.56556908376074]}}, {"type": "Feature", "properties": {"t": "2026-04-21T09:55:00+00:00Z", "z_m": 7.74701319466458}, "geometry": {"type": "Point", "coordinates": [-113.49019307402442, 53.566624900014425]}}, {"type": "Feature", "properties": {"t": "2026-04-21T09:55:00+00:00Z", "z_m": 9.667992599220744}, "geometry": {"type": "Point", "coordinates": [-113.4912813251265, 53.56543672555417]}}, {"type": "Feature", "properties": {"t": "2026-04-21T09:55:00+00:00Z", "z_m": 11.165139956015162}, "geometry": {"type": "Point", "coordinates": [-113.49034818312387, 53.56504216393465]}}, {"type": "Feature", "properties": {"t": "2026-04-21T09:55:00+00:00Z", "z_m": 9.723175539908036}, "geometry": {"type": "Point", "coordinates": [-113.48940808673022, 53.56616156030198]}}, {"type": "Feature", "properties": {"t": "2026-04-21T09:55:00+00:00Z", "z_m": 8.42045116995646}, "geometry": {"type": "Point", "coordinates": [-113.49147207585723, 53.56613465362246]}}, {"type": "Feature", "properties": {"t": "2026-04-21T09:55:00+00:00Z", "z_m": 6.529393177881554}, "geometry": {"type": "Point", "coordinates": [-113.49163414691655, 53.56628148535934]}}, {"type": "Feature", "properties": {"t": "2026-04-21T09:55:00+00:00Z", "z_m": 12.152604355136248}, "geometry": {"type": "Point", "coordinates": [-113.49249239982126, 53.56641276904333]}}, {"type": "Feature", "properties": {"t": "2026-04-21T09:55:00+00:00Z", "z_m": 10.724020556702587}, "geometry": {"type": "Point", "coordinates": [-113.49178739810527, 53.56474862509875]}}, {"type": "Feature", "properties": {"t": "2026-04-21T09:50:00+00:00Z", "z_m": 9.112831888006214}, "geometry": {"type": "Point", "coordinates": [-113.49414468829383, 53.58254919827835]}}, {"type": "Feature", "properties": {"t": "2026-04-21T09:50:00+00:00Z", "z_m": 6.743594959398949}, "geometry": {"type": "Point", "coordinates": [-113.49554078796635, 53.58262146571461]}}, {"type": "Feature", "properties": {"t": "2026-04-21T09:50:00+00:00Z", "z_m": 7.24305792720128}, "geometry": {"type": "Point", "coordinates": [-113.4974954702522, 53.583095448455026]}}, {"type": "Feature", "properties": {"t": "2026-04-21T09:50:00+00:00Z", "z_m": 11.758252819497187}, "geometry": {"type": "Point", "coordinates": [-113.49619169692468, 53.58289566575038]}}, {"type": "Feature", "properties": {"t": "2026-04-21T09:50:00+00:00Z", "z_m": 9.941359813522835}, "geometry": {"type": "Point", "coordinates": [-113.49504286541284, 53.582818266448015]}}, {"type": "Feature", "properties": {"t": "2026-04-21T09:50:00+00:00Z", "z_m": 12.337110669680657}, "geometry": {"type": "Point", "coordinates": [-113.49562550764394, 53.581380746565635]}}, {"type": "Feature", "properties": {"t": "2026-04-21T09:50:00+00:00Z", "z_m": 11.800995118967107}, "geometry": {"type": "Point", "coordinates": [-113.49614215997406, 53.58286318207075]}}, {"type": "Feature", "properties": {"t": "2026-04-21T09:50:00+00:00Z", "z_m": 13.61652044344179}, "geometry": {"type": "Point", "coordinates": [-113.4950166759015, 53.58250844301611]}}, {"type": "Feature", "properties": {"t": "2026-04-21T09:50:00+00:00Z", "z_m": 10.861717157629887}, "geometry": {"type": "Point", "coordinates": [-113.49693658730041, 53.58136358973367]}}, {"type": "Feature", "properties": {"t": "2026-04-21T09:50:00+00:00Z", "z_m": 7.782809822417153}, "geometry": {"type": "Point", "coordinates": [-113.4967822174039, 53.581728326717716]}}, {"type": "Feature", "properties": {"t": "2026-04-21T09:50:00+00:00Z", "z_m": 10.199151646504529}, "geometry": {"type": "Point", "coordinates": [-113.49673356065414, 53.5819439520433]}}, {"type": "Feature", "properties": {"t": "2026-04-21T09:50:00+00:00Z", "z_m": 9.91426041024417}, "geometry": {"type": "Point", "coordinates": [-113.49829561081793, 53.5834166771212]}}, {"type": "Feature", "properties": {"t": "2026-04-21T09:50:00+00:00Z", "z_m": 4.8895628677297065}, "geometry": {"type": "Point", "coordinates": [-113.497155813047, 53.58166042450015]}}, {"type": "Feature", "properties": {"t": "2026-04-21T09:50:00+00:00Z", "z_m": 14.391843136235362}, "geometry": {"type": "Point", "coordinates": [-113.4946610973741, 53.58296527374027]}}, {"type": "Feature", "properties": {"t": "2026-04-21T09:50:00+00:00Z", "z_m": 8.008058650517514}, "geometry": {"type": "Point", "coordinates": [-113.49802190289638, 53.57958458879079]}}, {"type": "Feature", "properties": {"t": "2026-04-21T09:50:00+00:00Z", "z_m": 9.423424641582177}, "geometry": {"type": "Point", "coordinates": [-113.49700202905773, 53.58083181244599]}}, {"type": "Feature", "properties": {"t": "2026-04-21T09:50:00+00:00Z", "z_m": 10.082710621203708}, "geometry": {"type": "Point", "coordinates": [-113.49790359022207, 53.58370400339017]}}, {"type": "Feature", "properties": {"t": "2026-04-21T09:50:00+00:00Z", "z_m": 8.297454100483453}, "geometry": {"type": "Point", "coordinates": [-113.49573541171816, 53.58243230060793]}}, {"type": "Feature", "properties": {"t": "2026-04-21T09:50:00+00:00Z", "z_m": 11.891221657449353}, "geometry": {"type": "Point", "coordinates": [-113.49852061257914, 53.58073572117791]}}, {"type": "Feature", "properties": {"t": "2026-04-21T09:50:00+00:00Z", "z_m": 7.858962360666698}, "geometry": {"type": "Point", "coordinates": [-113.49639354889361, 53.58281303447472]}}, {"type": "Feature", "properties": {"t": "2026-04-21T09:50:00+00:00Z", "z_m": 10.26996207935826}, "geometry": {"type": "Point", "coordinates": [-113.49887949076049, 53.58276307066103]}}, {"type": "Feature", "properties": {"t": "2026-04-21T09:50:00+00:00Z", "z_m": 11.262013790646186}, "geometry": {"type": "Point", "coordinates": [-113.49663426208161, 53.58270218004705]}}, {"type": "Feature", "properties": {"t": "2026-04-21T09:50:00+00:00Z", "z_m": 13.67268419324097}, "geometry": {"type": "Point", "coordinates": [-113.49792474064026, 53.58090398954387]}}, {"type": "Feature", "properties": {"t": "2026-04-21T09:50:00+00:00Z", "z_m": 11.200605468277939}, "geometry": {"type": "Point", "coordinates": [-113.49652212477338, 53.579583906469175]}}, {"type": "Feature", "properties": {"t": "2026-04-21T09:50:00+00:00Z", "z_m": 5.653739752118553}, "geometry": {"type": "Point", "coordinates": [-113.4996477594146, 53.58094201146214]}}, {"type": "Feature", "properties": {"t": "2026-04-21T09:50:00+00:00Z", "z_m": 11.873421951850517}, "geometry": {"type": "Point", "coordinates": [-113.49663819262584, 53.58208220515873]}}, {"type": "Feature", "properties": {"t": "2026-04-21T09:50:00+00:00Z", "z_m": 9.275201153950137}, "geometry": {"type": "Point", "coordinates": [-113.49927111485162, 53.58259770947351]}}, {"type": "Feature", "properties": {"t": "2026-04-21T09:50:00+00:00Z", "z_m": 12.652214056735318}, "geometry": {"type": "Point", "coordinates": [-113.49375904934799, 53.583106608013395]}}, {"type": "Feature", "properties": {"t": "2026-04-21T09:50:00+00:00Z", "z_m": 9.472012522030596}, "geometry": {"type": "Point", "coordinates": [-113.4951468577262, 53.58008104844745]}}, {"type": "Feature", "properties": {"t": "2026-04-21T09:50:00+00:00Z", "z_m": 12.05808948504938}, "geometry": {"type": "Point", "coordinates": [-113.49805473862529, 53.58223146429814]}}, {"type": "Feature", "properties": {"t": "2026-04-21T09:50:00+00:00Z", "z_m": 9.27408617743999}, "geometry": {"type": "Point", "coordinates": [-113.49938877420459, 53.581596035333746]}}, {"type": "Feature", "properties": {"t": "2026-04-21T09:50:00+00:00Z", "z_m": 13.861622260271416}, "geometry": {"type": "Point", "coordinates": [-113.49720538314517, 53.58253986106911]}}, {"type": "Feature", "properties": {"t": "2026-04-21T09:50:00+00:00Z", "z_m": 10.683641254483401}, "geometry": {"type": "Point", "coordinates": [-113.49760940449009, 53.58323358130711]}}, {"type": "Feature", "properties": {"t": "2026-04-21T09:50:00+00:00Z", "z_m": 10.838011631848067}, "geometry": {"type": "Point", "coordinates": [-113.49998583199043, 53.583108871402246]}}, {"type": "Feature", "properties": {"t": "2026-04-21T09:50:00+00:00Z", "z_m": 9.035421940782667}, "geometry": {"type": "Point", "coordinates": [-113.49725824120286, 53.5828368007587]}}, {"type": "Feature", "properties": {"t": "2026-04-21T09:50:00+00:00Z", "z_m": 6.288662004014821}, "geometry": {"type": "Point", "coordinates": [-113.49379563530549, 53.58114080418091]}}, {"type": "Feature", "properties": {"t": "2026-04-21T09:50:00+00:00Z", "z_m": 11.705211933989885}, "geometry": {"type": "Point", "coordinates": [-113.4971030044611, 53.582528055903424]}}, {"type": "Feature", "properties": {"t": "2026-04-21T09:50:00+00:00Z", "z_m": 12.487767007928442}, "geometry": {"type": "Point", "coordinates": [-113.49231451752891, 53.58114715745486]}}, {"type": "Feature", "properties": {"t": "2026-04-21T09:50:00+00:00Z", "z_m": 10.91381295045635}, "geometry": {"type": "Point", "coordinates": [-113.49834839834587, 53.58014678783203]}}, {"type": "Feature", "properties": {"t": "2026-04-21T09:50:00+00:00Z", "z_m": 10.583720293407566}, "geometry": {"type": "Point", "coordinates": [-113.49749854407003, 53.581668227891235]}}, {"type": "Feature", "properties": {"t": "2026-04-21T09:50:00+00:00Z", "z_m": 10.398026852000761}, "geometry": {"type": "Point", "coordinates": [-113.49571562289869, 53.582592907853304]}}, {"type": "Feature", "properties": {"t": "2026-04-21T09:50:00+00:00Z", "z_m": 7.494562600915434}, "geometry": {"type": "Point", "coordinates": [-113.49686479616281, 53.581568678170946]}}, {"type": "Feature", "properties": {"t": "2026-04-21T09:50:00+00:00Z", "z_m": 4.681653823894191}, "geometry": {"type": "Point", "coordinates": [-113.49593835966904, 53.58407348536265]}}, {"type": "Feature", "properties": {"t": "2026-04-21T09:50:00+00:00Z", "z_m": 7.21863191134441}, "geometry": {"type": "Point", "coordinates": [-113.49954852669923, 53.58212815260924]}}, {"type": "Feature", "properties": {"t": "2026-04-21T09:50:00+00:00Z", "z_m": 9.494932987422619}, "geometry": {"type": "Point", "coordinates": [-113.49579524055528, 53.58205019031452]}}, {"type": "Feature", "properties": {"t": "2026-04-21T09:50:00+00:00Z", "z_m": 9.144423860871019}, "geometry": {"type": "Point", "coordinates": [-113.49538670878817, 53.583646793297994]}}, {"type": "Feature", "properties": {"t": "2026-04-21T09:50:00+00:00Z", "z_m": 5.952713511543877}, "geometry": {"type": "Point", "coordinates": [-113.49568227223399, 53.58173259544356]}}, {"type": "Feature", "properties": {"t": "2026-04-21T09:50:00+00:00Z", "z_m": 7.5007436428747045}, "geometry": {"type": "Point", "coordinates": [-113.49735165511767, 53.582929259159684]}}, {"type": "Feature", "properties": {"t": "2026-04-21T09:50:00+00:00Z", "z_m": 15.98067583821738}, "geometry": {"type": "Point", "coordinates": [-113.498164737145, 53.58265436667193]}}, {"type": "Feature", "properties": {"t": "2026-04-21T09:50:00+00:00Z", "z_m": 10.98323606710313}, "geometry": {"type": "Point", "coordinates": [-113.49733560654444, 53.58149627041393]}}, {"type": "Feature", "properties": {"t": "2026-04-21T09:45:00+00:00Z", "z_m": 7.746647736708652}, "geometry": {"type": "Point", "coordinates": [-113.4978224425605, 53.59877000609297]}}, {"type": "Feature", "properties": {"t": "2026-04-21T09:45:00+00:00Z", "z_m": 7.527962754542915}, "geometry": {"type": "Point", "coordinates": [-113.4988484407475, 53.59948884683255]}}, {"type": "Feature", "properties": {"t": "2026-04-21T09:45:00+00:00Z", "z_m": 6.557268132810422}, "geometry": {"type": "Point", "coordinates": [-113.49998529722734, 53.59996905261068]}}, {"type": "Feature", "properties": {"t": "2026-04-21T09:45:00+00:00Z", "z_m": 9.803857363785388}, "geometry": {"type": "Point", "coordinates": [-113.4989038918198, 53.59939817890214]}}, {"type": "Feature", "properties": {"t": "2026-04-21T09:45:00+00:00Z", "z_m": 8.790558197133102}, "geometry": {"type": "Point", "coordinates": [-113.49827794557052, 53.59861625063582]}}, {"type": "Feature", "properties": {"t": "2026-04-21T09:45:00+00:00Z", "z_m": 10.800865904940816}, "geometry": {"type": "Point", "coordinates": [-113.49848975034371, 53.59720024533712]}}, {"type": "Feature", "properties": {"t": "2026-04-21T09:45:00+00:00Z", "z_m": 11.187377868767953}, "geometry": {"type": "Point", "coordinates": [-113.50293802358075, 53.59894566066801]}}, {"type": "Feature", "properties": {"t": "2026-04-21T09:45:00+00:00Z", "z_m": 13.65599707819751}, "geometry": {"type": "Point", "coordinates": [-113.49859142111538, 53.59953178573628]}}, {"type": "Feature", "properties": {"t": "2026-04-21T09:45:00+00:00Z", "z_m": 10.709814466036184}, "geometry": {"type": "Point", "coordinates": [-113.50271403727477, 53.59773189568368]}}, {"type": "Feature", "properties": {"t": "2026-04-21T09:45:00+00:00Z", "z_m": 6.54443059111974}, "geometry": {"type": "Point", "coordinates": [-113.49983982018072, 53.59691613960581]}}, {"type": "Feature", "properties": {"t": "2026-04-21T09:45:00+00:00Z", "z_m": 7.345682549684745}, "geometry": {"type": "Point", "coordinates": [-113.50173849861693, 53.59719777397803]}}, {"type": "Feature", "properties": {"t": "2026-04-21T09:45:00+00:00Z", "z_m": 10.190891648441218}, "geometry": {"type": "Point", "coordinates": [-113.50449080855549, 53.59941051579667]}}, {"type": "Feature", "properties": {"t": "2026-04-21T09:45:00+00:00Z", "z_m": 5.156309858088626}, "geometry": {"type": "Point", "coordinates": [-113.50210400889638, 53.59840670256931]}}, {"type": "Feature", "properties": {"t": "2026-04-21T09:45:00+00:00Z", "z_m": 13.874542149173891}, "geometry": {"type": "Point", "coordinates": [-113.49905422304315, 53.60004981075026]}}, {"type": "Feature", "properties": {"t": "2026-04-21T09:45:00+00:00Z", "z_m": 8.027779269692804}, "geometry": {"type": "Point", "coordinates": [-113.50057110676315, 53.595771315182056]}}, {"type": "Feature", "properties": {"t": "2026-04-21T09:45:00+00:00Z", "z_m": 7.6705303159743625}, "geometry": {"type": "Point", "coordinates": [-113.49977234194148, 53.59605392447828]}}, {"type": "Feature", "properties": {"t": "2026-04-21T09:45:00+00:00Z", "z_m": 9.672865055204163}, "geometry": {"type": "Point", "coordinates": [-113.50164909129828, 53.59922587642088]}}, {"type": "Feature", "properties": {"t": "2026-04-21T09:45:00+00:00Z", "z_m": 6.152039583362288}, "geometry": {"type": "Point", "coordinates": [-113.50126623448169, 53.599338822554984]}}, {"type": "Feature", "properties": {"t": "2026-04-21T09:45:00+00:00Z", "z_m": 12.69916309703518}, "geometry": {"type": "Point", "coordinates": [-113.50427614289194, 53.598404860519786]}}, {"type": "Feature", "properties": {"t": "2026-04-21T09:45:00+00:00Z", "z_m": 6.677582887621706}, "geometry": {"type": "Point", "coordinates": [-113.49873623106909, 53.5987071016495]}}, {"type": "Feature", "properties": {"t": "2026-04-21T09:45:00+00:00Z", "z_m": 7.477906825873262}, "geometry": {"type": "Point", "coordinates": [-113.50335746682754, 53.598861534522136]}}, {"type": "Feature", "properties": {"t": "2026-04-21T09:45:00+00:00Z", "z_m": 11.621370496486065}, "geometry": {"type": "Point", "coordinates": [-113.50271782214575, 53.59752397515365]}}, {"type": "Feature", "properties": {"t": "2026-04-21T09:45:00+00:00Z", "z_m": 11.069047633773973}, "geometry": {"type": "Point", "coordinates": [-113.50094926479906, 53.59694250054933]}}, {"type": "Feature", "properties": {"t": "2026-04-21T09:45:00+00:00Z", "z_m": 12.995969540201509}, "geometry": {"type": "Point", "coordinates": [-113.50329234357405, 53.594593248383106]}}, {"type": "Feature", "properties": {"t": "2026-04-21T09:45:00+00:00Z", "z_m": 5.42188763598596}, "geometry": {"type": "Point", "coordinates": [-113.507444555707, 53.595754826891906]}}, {"type": "Feature", "properties": {"t": "2026-04-21T09:45:00+00:00Z", "z_m": 13.669700932393896}, "geometry": {"type": "Point", "coordinates": [-113.50271510461243, 53.59760101126609]}}, {"type": "Feature", "properties": {"t": "2026-04-21T09:45:00+00:00Z", "z_m": 9.779437379658273}, "geometry": {"type": "Point", "coordinates": [-113.50346736724418, 53.59889170386606]}}, {"type": "Feature", "properties": {"t": "2026-04-21T09:45:00+00:00Z", "z_m": 14.584057690378781}, "geometry": {"type": "Point", "coordinates": [-113.49564927430332, 53.59889989744585]}}, {"type": "Feature", "properties": {"t": "2026-04-21T09:45:00+00:00Z", "z_m": 7.624584401781554}, "geometry": {"type": "Point", "coordinates": [-113.49802419106928, 53.59670464014407]}}, {"type": "Feature", "properties": {"t": "2026-04-21T09:45:00+00:00Z", "z_m": 14.641170790392032}, "geometry": {"type": "Point", "coordinates": [-113.50185962322078, 53.59773901212594]}}, {"type": "Feature", "properties": {"t": "2026-04-21T09:45:00+00:00Z", "z_m": 8.769552332237309}, "geometry": {"type": "Point", "coordinates": [-113.50623829784504, 53.59792215616587]}}, {"type": "Feature", "properties": {"t": "2026-04-21T09:45:00+00:00Z", "z_m": 12.984020334389268}, "geometry": {"type": "Point", "coordinates": [-113.50151238531038, 53.597675060873904]}}, {"type": "Feature", "properties": {"t": "2026-04-21T09:45:00+00:00Z", "z_m": 10.562906975833501}, "geometry": {"type": "Point", "coordinates": [-113.50292137862264, 53.59944070587177]}}, {"type": "Feature", "properties": {"t": "2026-04-21T09:45:00+00:00Z", "z_m": 11.678838281818011}, "geometry": {"type": "Point", "coordinates": [-113.50481321197807, 53.59831240665408]}}, {"type": "Feature", "properties": {"t": "2026-04-21T09:45:00+00:00Z", "z_m": 9.035126979553802}, "geometry": {"type": "Point", "coordinates": [-113.50412606259424, 53.59882659185992]}}, {"type": "Feature", "properties": {"t": "2026-04-21T09:45:00+00:00Z", "z_m": 5.3020070509961466}, "geometry": {"type": "Point", "coordinates": [-113.49818091737352, 53.598885248626104]}}, {"type": "Feature", "properties": {"t": "2026-04-21T09:45:00+00:00Z", "z_m": 12.95706469622746}, "geometry": {"type": "Point", "coordinates": [-113.50076904122514, 53.5995179845716]}}, {"type": "Feature", "properties": {"t": "2026-04-21T09:45:00+00:00Z", "z_m": 11.807088313282748}, "geometry": {"type": "Point", "coordinates": [-113.49664840602338, 53.59777933375734]}}, {"type": "Feature", "properties": {"t": "2026-04-21T09:45:00+00:00Z", "z_m": 11.642508491391473}, "geometry": {"type": "Point", "coordinates": [-113.50458552635769, 53.59514128900797]}}, {"type": "Feature", "properties": {"t": "2026-04-21T09:45:00+00:00Z", "z_m": 9.841046631185579}, "geometry": {"type": "Point", "coordinates": [-113.50193215654829, 53.59711084080391]}}, {"type": "Feature", "properties": {"t": "2026-04-21T09:45:00+00:00Z", "z_m": 9.387799701564301}, "geometry": {"type": "Point", "coordinates": [-113.50289096494741, 53.59818515449868]}}, {"type": "Feature", "properties": {"t": "2026-04-21T09:45:00+00:00Z", "z_m": 8.962751705855979}, "geometry": {"type": "Point", "coordinates": [-113.50208636641825, 53.59707890371084]}}, {"type": "Feature", "properties": {"t": "2026-04-21T09:45:00+00:00Z", "z_m": 3.3701796671772404}, "geometry": {"type": "Point", "coordinates": [-113.50007240317696, 53.600644999366445]}}, {"type": "Feature", "properties": {"t": "2026-04-21T09:45:00+00:00Z", "z_m": 8.025311113801143}, "geometry": {"type": "Point", "coordinates": [-113.50499379070793, 53.59795468503029]}}, {"type": "Feature", "properties": {"t": "2026-04-21T09:45:00+00:00Z", "z_m": 11.096827771253539}, "geometry": {"type": "Point", "coordinates": [-113.50004288015245, 53.59859673221026]}}, {"type": "Feature", "properties": {"t": "2026-04-21T09:45:00+00:00Z", "z_m": 10.58729738514787}, "geometry": {"type": "Point", "coordinates": [-113.49998061455372, 53.59960523567386]}}, {"type": "Feature", "properties": {"t": "2026-04-21T09:45:00+00:00Z", "z_m": 4.746906539954413}, "geometry": {"type": "Point", "coordinates": [-113.49766869062837, 53.59714827069565]}}, {"type": "Feature", "properties": {"t": "2026-04-21T09:45:00+00:00Z", "z_m": 6.671849388784326}, "geometry": {"type": "Point", "coordinates": [-113.5033247653948, 53.59852595123983]}}, {"type": "Feature", "properties": {"t": "2026-04-21T09:45:00+00:00Z", "z_m": 15.968795355977193}, "geometry": {"type": "Point", "coordinates": [-113.50247167705035, 53.59904479282898]}}, {"type": "Feature", "properties": {"t": "2026-04-21T09:45:00+00:00Z", "z_m": 14.72675438509039}, "geometry": {"type": "Point", "coordinates": [-113.50202877041866, 53.59758502505264]}}, {"type": "Feature", "properties": {"t": "2026-04-21T09:40:00+00:00Z", "z_m": 9.3083995411192}, "geometry": {"type": "Point", "coordinates": [-113.50110571836127, 53.61445169479797]}}, {"type": "Feature", "properties": {"t": "2026-04-21T09:40:00+00:00Z", "z_m": 7.49164119713623}, "geometry": {"type": "Point", "coordinates": [-113.50209996832157, 53.614936149878005]}}, {"type": "Feature", "properties": {"t": "2026-04-21T09:40:00+00:00Z", "z_m": 7.832784053941563}, "geometry": {"type": "Point", "coordinates": [-113.50202921638152, 53.61549977844783]}}, {"type": "Feature", "properties": {"t": "2026-04-21T09:40:00+00:00Z", "z_m": 7.554210115860974}, "geometry": {"type": "Point", "coordinates": [-113.5026799026424, 53.615100964891404]}}, {"type": "Feature", "properties": {"t": "2026-04-21T09:40:00+00:00Z", "z_m": 11.025161040080887}, "geometry": {"type": "Point", "coordinates": [-113.50121962950347, 53.61469558847265]}}, {"type": "Feature", "properties": {"t": "2026-04-21T09:40:00+00:00Z", "z_m": 9.843836274451021}, "geometry": {"type": "Point", "coordinates": [-113.50126782728508, 53.613171715522704]}}, {"type": "Feature", "properties": {"t": "2026-04-21T09:40:00+00:00Z", "z_m": 10.310993630339995}, "geometry": {"type": "Point", "coordinates": [-113.50772500924843, 53.61501676202373]}}, {"type": "Feature", "properties": {"t": "2026-04-21T09:40:00+00:00Z", "z_m": 13.716211548147513}, "geometry": {"type": "Point", "coordinates": [-113.50407426499024, 53.61575860518794]}}, {"type": "Feature", "properties": {"t": "2026-04-21T09:40:00+00:00Z", "z_m": 10.712803865155308}, "geometry": {"type": "Point", "coordinates": [-113.50582955709491, 53.6132235379694]}}, {"type": "Feature", "properties": {"t": "2026-04-21T09:40:00+00:00Z", "z_m": 7.841476387836918}, "geometry": {"type": "Point", "coordinates": [-113.50522897238747, 53.612867288118245]}}, {"type": "Feature", "properties": {"t": "2026-04-21T09:40:00+00:00Z", "z_m": 9.353629301556722}, "geometry": {"type": "Point", "coordinates": [-113.50544046589735, 53.61468731321384]}}, {"type": "Feature", "properties": {"t": "2026-04-21T09:40:00+00:00Z", "z_m": 4.712854708039559}, "geometry": {"type": "Point", "coordinates": [-113.50990852113874, 53.61526156423721]}}, {"type": "Feature", "properties": {"t": "2026-04-21T09:40:00+00:00Z", "z_m": 5.454045751888696}, "geometry": {"type": "Point", "coordinates": [-113.50613418613761, 53.61510634057204]}}, {"type": "Feature", "properties": {"t": "2026-04-21T09:40:00+00:00Z", "z_m": 9.959190492165327}, "geometry": {"type": "Point", "coordinates": [-113.50331448077671, 53.61633159119909]}}, {"type": "Feature", "properties": {"t": "2026-04-21T09:40:00+00:00Z", "z_m": 7.029281452085266}, "geometry": {"type": "Point", "coordinates": [-113.50350624519781, 53.612765147278076]}}, {"type": "Feature", "properties": {"t": "2026-04-21T09:40:00+00:00Z", "z_m": 6.841152646932078}, "geometry": {"type": "Point", "coordinates": [-113.50428990248794, 53.61144903238771]}}, {"type": "Feature", "properties": {"t": "2026-04-21T09:40:00+00:00Z", "z_m": 10.61136689781977}, "geometry": {"type": "Point", "coordinates": [-113.50553175049208, 53.61501351354264]}}, {"type": "Feature", "properties": {"t": "2026-04-21T09:40:00+00:00Z", "z_m": 4.497179774264841}, "geometry": {"type": "Point", "coordinates": [-113.50746347485274, 53.614833149532224]}}, {"type": "Feature", "properties": {"t": "2026-04-21T09:40:00+00:00Z", "z_m": 9.512272433263854}, "geometry": {"type": "Point", "coordinates": [-113.50694200139684, 53.613036625141895]}}, {"type": "Feature", "properties": {"t": "2026-04-21T09:40:00+00:00Z", "z_m": 5.216412298167125}, "geometry": {"type": "Point", "coordinates": [-113.50147478479721, 53.61425937204924]}}, {"type": "Feature", "properties": {"t": "2026-04-21T09:40:00+00:00Z", "z_m": 5.293288808908593}, "geometry": {"type": "Point", "coordinates": [-113.50810654296683, 53.613823980945824]}}, {"type": "Feature", "properties": {"t": "2026-04-21T09:40:00+00:00Z", "z_m": 13.569626597635292}, "geometry": {"type": "Point", "coordinates": [-113.50587569167305, 53.613746777383874]}}, {"type": "Feature", "properties": {"t": "2026-04-21T09:40:00+00:00Z", "z_m": 11.897412022023019}, "geometry": {"type": "Point", "coordinates": [-113.50299935671507, 53.61183540281725]}}, {"type": "Feature", "properties": {"t": "2026-04-21T09:40:00+00:00Z", "z_m": 12.107607643948032}, "geometry": {"type": "Point", "coordinates": [-113.50722823393218, 53.609983542933165]}}, {"type": "Feature", "properties": {"t": "2026-04-21T09:40:00+00:00Z", "z_m": 8.075764856017404}, "geometry": {"type": "Point", "coordinates": [-113.51280750664226, 53.61004002557196]}}, {"type": "Feature", "properties": {"t": "2026-04-21T09:40:00+00:00Z", "z_m": 12.763865358901137}, "geometry": {"type": "Point", "coordinates": [-113.50728171912257, 53.61361381841576]}}, {"type": "Feature", "properties": {"t": "2026-04-21T09:40:00+00:00Z", "z_m": 10.208314764493373}, "geometry": {"type": "Point", "coordinates": [-113.50472708623943, 53.61504480345384]}}, {"type": "Feature", "properties": {"t": "2026-04-21T09:40:00+00:00Z", "z_m": 12.852253903618898}, "geometry": {"type": "Point", "coordinates": [-113.50087690615108, 53.614837670393136]}}, {"type": "Feature", "properties": {"t": "2026-04-21T09:40:00+00:00Z", "z_m": 8.412195711438034}, "geometry": {"type": "Point", "coordinates": [-113.50195633477249, 53.61139585903232]}}, {"type": "Feature", "properties": {"t": "2026-04-21T09:40:00+00:00Z", "z_m": 15.737775081398436}, "geometry": {"type": "Point", "coordinates": [-113.50623327714067, 53.61268709644524]}}, {"type": "Feature", "properties": {"t": "2026-04-21T09:40:00+00:00Z", "z_m": 8.906987799155583}, "geometry": {"type": "Point", "coordinates": [-113.50975428719993, 53.61250859897592]}}, {"type": "Feature", "properties": {"t": "2026-04-21T09:40:00+00:00Z", "z_m": 12.143851696863054}, "geometry": {"type": "Point", "coordinates": [-113.50511135312304, 53.612562926932355]}}, {"type": "Feature", "properties": {"t": "2026-04-21T09:40:00+00:00Z", "z_m": 9.164781845121897}, "geometry": {"type": "Point", "coordinates": [-113.50753168736622, 53.614936346792405]}}, {"type": "Feature", "properties": {"t": "2026-04-21T09:40:00+00:00Z", "z_m": 11.070826536985852}, "geometry": {"type": "Point", "coordinates": [-113.50655032304384, 53.61572594602618]}}, {"type": "Feature", "properties": {"t": "2026-04-21T09:40:00+00:00Z", "z_m": 10.211221190576088}, "geometry": {"type": "Point", "coordinates": [-113.50993673095044, 53.61603122649375]}}, {"type": "Feature", "properties": {"t": "2026-04-21T09:40:00+00:00Z", "z_m": 5.034194018598285}, "geometry": {"type": "Point", "coordinates": [-113.50106004097505, 53.614501150334426]}}, {"type": "Feature", "properties": {"t": "2026-04-21T09:40:00+00:00Z", "z_m": 13.753600809642311}, "geometry": {"type": "Point", "coordinates": [-113.50338721733421, 53.61605919408013]}}, {"type": "Feature", "properties": {"t": "2026-04-21T09:40:00+00:00Z", "z_m": 10.921659175953696}, "geometry": {"type": "Point", "coordinates": [-113.50045704402633, 53.61306404919941]}}, {"type": "Feature", "properties": {"t": "2026-04-21T09:40:00+00:00Z", "z_m": 10.50793258751182}, "geometry": {"type": "Point", "coordinates": [-113.50944330272324, 53.61140836979845]}}, {"type": "Feature", "properties": {"t": "2026-04-21T09:40:00+00:00Z", "z_m": 6.70613448556233}, "geometry": {"type": "Point", "coordinates": [-113.50664065092101, 53.611410611509605]}}, {"type": "Feature", "properties": {"t": "2026-04-21T09:40:00+00:00Z", "z_m": 10.866786285879002}, "geometry": {"type": "Point", "coordinates": [-113.5106052276788, 53.614043169485996]}}, {"type": "Feature", "properties": {"t": "2026-04-21T09:40:00+00:00Z", "z_m": 6.851666761421288}, "geometry": {"type": "Point", "coordinates": [-113.50624483174903, 53.61333959712543]}}, {"type": "Feature", "properties": {"t": "2026-04-21T09:40:00+00:00Z", "z_m": 2.0}, "geometry": {"type": "Point", "coordinates": [-113.50350365718893, 53.61632862125764]}}, {"type": "Feature", "properties": {"t": "2026-04-21T09:40:00+00:00Z", "z_m": 8.050170307677174}, "geometry": {"type": "Point", "coordinates": [-113.50880698353804, 53.61306031253483]}}, {"type": "Feature", "properties": {"t": "2026-04-21T09:40:00+00:00Z", "z_m": 9.69333975007259}, "geometry": {"type": "Point", "coordinates": [-113.50465565454948, 53.61481584761482]}}, {"type": "Feature", "properties": {"t": "2026-04-21T09:40:00+00:00Z", "z_m": 13.04258031790051}, "geometry": {"type": "Point", "coordinates": [-113.50405404545492, 53.615386932423604]}}, {"type": "Feature", "properties": {"t": "2026-04-21T09:40:00+00:00Z", "z_m": 4.662649151523512}, "geometry": {"type": "Point", "coordinates": [-113.50162918063425, 53.61224355626182]}}, {"type": "Feature", "properties": {"t": "2026-04-21T09:40:00+00:00Z", "z_m": 8.495583358222394}, "geometry": {"type": "Point", "coordinates": [-113.50766917139792, 53.61291929589061]}}, {"type": "Feature", "properties": {"t": "2026-04-21T09:40:00+00:00Z", "z_m": 16.593310158244787}, "geometry": {"type": "Point", "coordinates": [-113.50452295316998, 53.61480039683094]}}, {"type": "Feature", "properties": {"t": "2026-04-21T09:40:00+00:00Z", "z_m": 16.16904749370665}, "geometry": {"type": "Point", "coordinates": [-113.50682821060585, 53.613362405515325]}}, {"type": "Feature", "properties": {"t": "2026-04-21T09:35:00+00:00Z", "z_m": 6.882960924904316}, "geometry": {"type": "Point", "coordinates": [-113.50328340532785, 53.63024343603763]}}, {"type": "Feature", "properties": {"t": "2026-04-21T09:35:00+00:00Z", "z_m": 8.938227968314521}, "geometry": {"type": "Point", "coordinates": [-113.50432224077542, 53.630098894472404]}}, {"type": "Feature", "properties": {"t": "2026-04-21T09:35:00+00:00Z", "z_m": 8.771144801058039}, "geometry": {"type": "Point", "coordinates": [-113.50438597830565, 53.630681104452634]}}, {"type": "Feature", "properties": {"t": "2026-04-21T09:35:00+00:00Z", "z_m": 6.417414493443126}, "geometry": {"type": "Point", "coordinates": [-113.50623012107256, 53.629629174727285]}}, {"type": "Feature", "properties": {"t": "2026-04-21T09:35:00+00:00Z", "z_m": 11.499103002622448}, "geometry": {"type": "Point", "coordinates": [-113.50393086604964, 53.63092498055927]}}, {"type": "Feature", "properties": {"t": "2026-04-21T09:35:00+00:00Z", "z_m": 9.759016422328381}, "geometry": {"type": "Point", "coordinates": [-113.50486249883275, 53.628799370866304]}}, {"type": "Feature", "properties": {"t": "2026-04-21T09:35:00+00:00Z", "z_m": 10.47721738948712}, "geometry": {"type": "Point", "coordinates": [-113.51205719480942, 53.630379254589364]}}, {"type": "Feature", "properties": {"t": "2026-04-21T09:35:00+00:00Z", "z_m": 12.630582045673016}, "geometry": {"type": "Point", "coordinates": [-113.5096126857357, 53.63156848084231]}}, {"type": "Feature", "properties": {"t": "2026-04-21T09:35:00+00:00Z", "z_m": 11.118471326807063}, "geometry": {"type": "Point", "coordinates": [-113.50860772733942, 53.62904431823522]}}, {"type": "Feature", "properties": {"t": "2026-04-21T09:35:00+00:00Z", "z_m": 8.786863736421656}, "geometry": {"type": "Point", "coordinates": [-113.51112046212589, 53.62864633415223]}}, {"type": "Feature", "properties": {"t": "2026-04-21T09:35:00+00:00Z", "z_m": 10.35817920279704}, "geometry": {"type": "Point", "coordinates": [-113.50896192770351, 53.630781572619156]}}, {"type": "Feature", "properties": {"t": "2026-04-21T09:35:00+00:00Z", "z_m": 2.0457339352555852}, "geometry": {"type": "Point", "coordinates": [-113.51264206708005, 53.63059202382548]}}, {"type": "Feature", "properties": {"t": "2026-04-21T09:35:00+00:00Z", "z_m": 5.946605607962849}, "geometry": {"type": "Point", "coordinates": [-113.50744464700442, 53.630438982240804]}}, {"type": "Feature", "properties": {"t": "2026-04-21T09:35:00+00:00Z", "z_m": 11.635909457945145}, "geometry": {"type": "Point", "coordinates": [-113.50650482016981, 53.63059959553906]}}, {"type": "Feature", "properties": {"t": "2026-04-21T09:35:00+00:00Z", "z_m": 7.683265248822769}, "geometry": {"type": "Point", "coordinates": [-113.50498210135788, 53.62943956816441]}}, {"type": "Feature", "properties": {"t": "2026-04-21T09:35:00+00:00Z", "z_m": 6.630533842956234}, "geometry": {"type": "Point", "coordinates": [-113.50761955469447, 53.62680394367588]}}, {"type": "Feature", "properties": {"t": "2026-04-21T09:35:00+00:00Z", "z_m": 12.158871537762366}, "geometry": {"type": "Point", "coordinates": [-113.51084856090813, 53.63023683065147]}}, {"type": "Feature", "properties": {"t": "2026-04-21T09:35:00+00:00Z", "z_m": 2.521374797196634}, "geometry": {"type": "Point", "coordinates": [-113.51010408770708, 53.62934301721929]}}, {"type": "Feature", "properties": {"t": "2026-04-21T09:35:00+00:00Z", "z_m": 10.536145247752328}, "geometry": {"type": "Point", "coordinates": [-113.51155132809107, 53.62802528949272]}}, {"type": "Feature", "properties": {"t": "2026-04-21T09:35:00+00:00Z", "z_m": 5.954159502452897}, "geometry": {"type": "Point", "coordinates": [-113.50504748142643, 53.630050287881375]}}, {"type": "Feature", "properties": {"t": "2026-04-21T09:35:00+00:00Z", "z_m": 7.076278403631721}, "geometry": {"type": "Point", "coordinates": [-113.51190859298576, 53.62893900681568]}}, {"type": "Feature", "properties": {"t": "2026-04-21T09:35:00+00:00Z", "z_m": 16.500529707609346}, "geometry": {"type": "Point", "coordinates": [-113.50908056345597, 53.63004085421936]}}, {"type": "Feature", "properties": {"t": "2026-04-21T09:35:00+00:00Z", "z_m": 14.477714720850319}, "geometry": {"type": "Point", "coordinates": [-113.50960502853418, 53.62832108991131]}}, {"type": "Feature", "properties": {"t": "2026-04-21T09:35:00+00:00Z", "z_m": 8.197115525397624}, "geometry": {"type": "Point", "coordinates": [-113.51250066622825, 53.62525730081106]}}, {"type": "Feature", "properties": {"t": "2026-04-21T09:35:00+00:00Z", "z_m": 6.206198301258036}, "geometry": {"type": "Point", "coordinates": [-113.51628868739378, 53.62643884820331]}}, {"type": "Feature", "properties": {"t": "2026-04-21T09:35:00+00:00Z", "z_m": 13.078154256562222}, "geometry": {"type": "Point", "coordinates": [-113.5077251008957, 53.629422361914045]}}, {"type": "Feature", "properties": {"t": "2026-04-21T09:35:00+00:00Z", "z_m": 9.796836454610256}, "geometry": {"type": "Point", "coordinates": [-113.5080388045133, 53.62964978310159]}}, {"type": "Feature", "properties": {"t": "2026-04-21T09:35:00+00:00Z", "z_m": 15.012479071461176}, "geometry": {"type": "Point", "coordinates": [-113.50543464215473, 53.62932755571584]}}, {"type": "Feature", "properties": {"t": "2026-04-21T09:35:00+00:00Z", "z_m": 7.414702933434995}, "geometry": {"type": "Point", "coordinates": [-113.50475670991138, 53.627443992002355]}}, {"type": "Feature", "properties": {"t": "2026-04-21T09:35:00+00:00Z", "z_m": 15.295021850032592}, "geometry": {"type": "Point", "coordinates": [-113.50853774695578, 53.627548863569814]}}, {"type": "Feature", "properties": {"t": "2026-04-21T09:35:00+00:00Z", "z_m": 9.61977294577767}, "geometry": {"type": "Point", "coordinates": [-113.51238511409684, 53.628547821428214]}}, {"type": "Feature", "properties": {"t": "2026-04-21T09:35:00+00:00Z", "z_m": 11.065458270282663}, "geometry": {"type": "Point", "coordinates": [-113.50881689873442, 53.62801391443395]}}, {"type": "Feature", "properties": {"t": "2026-04-21T09:35:00+00:00Z", "z_m": 10.355586355009846}, "geometry": {"type": "Point", "coordinates": [-113.51152958556533, 53.62903842723796]}}, {"type": "Feature", "properties": {"t": "2026-04-21T09:35:00+00:00Z", "z_m": 11.058014379542435}, "geometry": {"type": "Point", "coordinates": [-113.51088038386543, 53.631574131194306]}}, {"type": "Feature", "properties": {"t": "2026-04-21T09:35:00+00:00Z", "z_m": 11.215619976555969}, "geometry": {"type": "Point", "coordinates": [-113.513574177722, 53.63180057921053]}}, {"type": "Feature", "properties": {"t": "2026-04-21T09:35:00+00:00Z", "z_m": 6.589704081730324}, "geometry": {"type": "Point", "coordinates": [-113.50371885724688, 53.62926455830269]}}, {"type": "Feature", "properties": {"t": "2026-04-21T09:35:00+00:00Z", "z_m": 13.583685456279637}, "geometry": {"type": "Point", "coordinates": [-113.50610163125695, 53.63217999203841]}}, {"type": "Feature", "properties": {"t": "2026-04-21T09:35:00+00:00Z", "z_m": 14.505387868047448}, "geometry": {"type": "Point", "coordinates": [-113.504943990779, 53.627792264159275]}}, {"type": "Feature", "properties": {"t": "2026-04-21T09:35:00+00:00Z", "z_m": 8.083031081052928}, "geometry": {"type": "Point", "coordinates": [-113.51102629492023, 53.62769198321032]}}, {"type": "Feature", "properties": {"t": "2026-04-21T09:35:00+00:00Z", "z_m": 7.6485438890952535}, "geometry": {"type": "Point", "coordinates": [-113.50966452217328, 53.625202243062866]}}, {"type": "Feature", "properties": {"t": "2026-04-21T09:35:00+00:00Z", "z_m": 9.684074047560124}, "geometry": {"type": "Point", "coordinates": [-113.5127161709001, 53.629874112799904]}}, {"type": "Feature", "properties": {"t": "2026-04-21T09:35:00+00:00Z", "z_m": 8.57575166173999}, "geometry": {"type": "Point", "coordinates": [-113.51094608759537, 53.63056024286219]}}, {"type": "Feature", "properties": {"t": "2026-04-21T09:35:00+00:00Z", "z_m": 2.0}, "geometry": {"type": "Point", "coordinates": [-113.50661292743419, 53.63244301096972]}}, {"type": "Feature", "properties": {"t": "2026-04-21T09:35:00+00:00Z", "z_m": 7.310603557417904}, "geometry": {"type": "Point", "coordinates": [-113.51192302886079, 53.62836793728086]}}, {"type": "Feature", "properties": {"t": "2026-04-21T09:35:00+00:00Z", "z_m": 10.4420109699277}, "geometry": {"type": "Point", "coordinates": [-113.50791254291487, 53.6309200116177]}}, {"type": "Feature", "properties": {"t": "2026-04-21T09:35:00+00:00Z", "z_m": 8.215853368157125}, "geometry": {"type": "Point", "coordinates": [-113.50721654663194, 53.63021158292618]}}, {"type": "Feature", "properties": {"t": "2026-04-21T09:35:00+00:00Z", "z_m": 3.8341625573267772}, "geometry": {"type": "Point", "coordinates": [-113.50713725382664, 53.62753361719815]}}, {"type": "Feature", "properties": {"t": "2026-04-21T09:35:00+00:00Z", "z_m": 8.686010342668885}, "geometry": {"type": "Point", "coordinates": [-113.51138578809883, 53.62683551189142]}}, {"type": "Feature", "properties": {"t": "2026-04-21T09:35:00+00:00Z", "z_m": 17.559762993544084}, "geometry": {"type": "Point", "coordinates": [-113.50754045827686, 53.62981243152194]}}, {"type": "Feature", "properties": {"t": "2026-04-21T09:35:00+00:00Z", "z_m": 15.453948653300227}, "geometry": {"type": "Point", "coordinates": [-113.509187504747, 53.628409907176604]}}, {"type": "Feature", "properties": {"t": "2026-04-21T09:30:00+00:00Z", "z_m": 3.9132729607491865}, "geometry": {"type": "Point", "coordinates": [-113.50385110700601, 53.6448036587139]}}, {"type": "Feature", "properties": {"t": "2026-04-21T09:30:00+00:00Z", "z_m": 12.292993412228194}, "geometry": {"type": "Point", "coordinates": [-113.50509478205852, 53.645500654843595]}}, {"type": "Feature", "properties": {"t": "2026-04-21T09:30:00+00:00Z", "z_m": 8.417496011306925}, "geometry": {"type": "Point", "coordinates": [-113.50617251828324, 53.645623355655346]}}, {"type": "Feature", "properties": {"t": "2026-04-21T09:30:00+00:00Z", "z_m": 5.211003199193279}, "geometry": {"type": "Point", "coordinates": [-113.50903320605228, 53.64565031853827]}}, {"type": "Feature", "properties": {"t": "2026-04-21T09:30:00+00:00Z", "z_m": 11.56296198664285}, "geometry": {"type": "Point", "coordinates": [-113.507004841428, 53.64587977437293]}}, {"type": "Feature", "properties": {"t": "2026-04-21T09:30:00+00:00Z", "z_m": 7.603275223328007}, "geometry": {"type": "Point", "coordinates": [-113.50844229165456, 53.643060622687834]}}, {"type": "Feature", "properties": {"t": "2026-04-21T09:30:00+00:00Z", "z_m": 11.659241530882573}, "geometry": {"type": "Point", "coordinates": [-113.51366508632319, 53.644132917978276]}}, {"type": "Feature", "properties": {"t": "2026-04-21T09:30:00+00:00Z", "z_m": 12.863193878703738}, "geometry": {"type": "Point", "coordinates": [-113.5103730080976, 53.64693051958269]}}, {"type": "Feature", "properties": {"t": "2026-04-21T09:30:00+00:00Z", "z_m": 14.302165618289246}, "geometry": {"type": "Point", "coordinates": [-113.51046819668, 53.644929385814365]}}, {"type": "Feature", "properties": {"t": "2026-04-21T09:30:00+00:00Z", "z_m": 7.0974406297347}, "geometry": {"type": "Point", "coordinates": [-113.51432709973417, 53.643180199433836]}}, {"type": "Feature", "properties": {"t": "2026-04-21T09:30:00+00:00Z", "z_m": 12.821670282699456}, "geometry": {"type": "Point", "coordinates": [-113.51279802764364, 53.64631627612522]}}, {"type": "Feature", "properties": {"t": "2026-04-21T09:30:00+00:00Z", "z_m": 2.258045738367031}, "geometry": {"type": "Point", "coordinates": [-113.51748372551336, 53.6464503745922]}}, {"type": "Feature", "properties": {"t": "2026-04-21T09:30:00+00:00Z", "z_m": 6.74945123041087}, "geometry": {"type": "Point", "coordinates": [-113.50814594428697, 53.646293524380795]}}, {"type": "Feature", "properties": {"t": "2026-04-21T09:30:00+00:00Z", "z_m": 13.266589005747061}, "geometry": {"type": "Point", "coordinates": [-113.50954408838626, 53.64532232108097]}}, {"type": "Feature", "properties": {"t": "2026-04-21T09:30:00+00:00Z", "z_m": 8.677060285860682}, "geometry": {"type": "Point", "coordinates": [-113.50552990154829, 53.64476468605165]}}, {"type": "Feature", "properties": {"t": "2026-04-21T09:30:00+00:00Z", "z_m": 6.205819921336412}, "geometry": {"type": "Point", "coordinates": [-113.5098204473126, 53.64133764668066]}}, {"type": "Feature", "properties": {"t": "2026-04-21T09:30:00+00:00Z", "z_m": 9.402744654892881}, "geometry": {"type": "Point", "coordinates": [-113.51635686994138, 53.644510877468846]}}, {"type": "Feature", "properties": {"t": "2026-04-21T09:30:00+00:00Z", "z_m": 3.821335819584276}, "geometry": {"type": "Point", "coordinates": [-113.51290828345277, 53.64488382860833]}}, {"type": "Feature", "properties": {"t": "2026-04-21T09:30:00+00:00Z", "z_m": 12.943426836725859}, "geometry": {"type": "Point", "coordinates": [-113.51485941007807, 53.64426038184952]}}, {"type": "Feature", "properties": {"t": "2026-04-21T09:30:00+00:00Z", "z_m": 4.987481329311911}, "geometry": {"type": "Point", "coordinates": [-113.50933351574771, 53.64501460188246]}}, {"type": "Feature", "properties": {"t": "2026-04-21T09:30:00+00:00Z", "z_m": 7.028991852567098}, "geometry": {"type": "Point", "coordinates": [-113.51583593240807, 53.6422936858331]}}, {"type": "Feature", "properties": {"t": "2026-04-21T09:30:00+00:00Z", "z_m": 12.401967174121893}, "geometry": {"type": "Point", "coordinates": [-113.51203023343818, 53.64577765536288]}}, {"type": "Feature", "properties": {"t": "2026-04-21T09:30:00+00:00Z", "z_m": 13.46052583808708}, "geometry": {"type": "Point", "coordinates": [-113.51264378436944, 53.6441236511567]}}, {"type": "Feature", "properties": {"t": "2026-04-21T09:30:00+00:00Z", "z_m": 11.17368080345596}, "geometry": {"type": "Point", "coordinates": [-113.51788255592466, 53.640654503234785]}}, {"type": "Feature", "properties": {"t": "2026-04-21T09:30:00+00:00Z", "z_m": 6.410201400569245}, "geometry": {"type": "Point", "coordinates": [-113.52027492337285, 53.64206904845674]}}, {"type": "Feature", "properties": {"t": "2026-04-21T09:30:00+00:00Z", "z_m": 13.915336876528578}, "geometry": {"type": "Point", "coordinates": [-113.50821166953043, 53.64429793970567]}}, {"type": "Feature", "properties": {"t": "2026-04-21T09:30:00+00:00Z", "z_m": 10.546082151916444}, "geometry": {"type": "Point", "coordinates": [-113.51142212177771, 53.64451491891849]}}, {"type": "Feature", "properties": {"t": "2026-04-21T09:30:00+00:00Z", "z_m": 12.755172042340117}, "geometry": {"type": "Point", "coordinates": [-113.50862437057631, 53.64386759041715]}}, {"type": "Feature", "properties": {"t": "2026-04-21T09:30:00+00:00Z", "z_m": 3.7060920578902623}, "geometry": {"type": "Point", "coordinates": [-113.50837871207493, 53.64225322710912]}}, {"type": "Feature", "properties": {"t": "2026-04-21T09:30:00+00:00Z", "z_m": 13.140453440402794}, "geometry": {"type": "Point", "coordinates": [-113.51192239277904, 53.64141126900207]}}, {"type": "Feature", "properties": {"t": "2026-04-21T09:30:00+00:00Z", "z_m": 10.626962047392889}, "geometry": {"type": "Point", "coordinates": [-113.51701959415963, 53.64349256016307]}}, {"type": "Feature", "properties": {"t": "2026-04-21T09:30:00+00:00Z", "z_m": 9.955346525966805}, "geometry": {"type": "Point", "coordinates": [-113.51151101842984, 53.64299693929044]}}, {"type": "Feature", "properties": {"t": "2026-04-21T09:30:00+00:00Z", "z_m": 9.061642772766314}, "geometry": {"type": "Point", "coordinates": [-113.51533490122041, 53.64343843235377]}}, {"type": "Feature", "properties": {"t": "2026-04-21T09:30:00+00:00Z", "z_m": 10.090121886500592}, "geometry": {"type": "Point", "coordinates": [-113.5147008346437, 53.64645819576549]}}, {"type": "Feature", "properties": {"t": "2026-04-21T09:30:00+00:00Z", "z_m": 12.700347623331295}, "geometry": {"type": "Point", "coordinates": [-113.51758478371356, 53.64535121622086]}}, {"type": "Feature", "properties": {"t": "2026-04-21T09:30:00+00:00Z", "z_m": 5.951973062018699}, "geometry": {"type": "Point", "coordinates": [-113.50637976602988, 53.6435659926958]}}, {"type": "Feature", "properties": {"t": "2026-04-21T09:30:00+00:00Z", "z_m": 15.11247121306568}, "geometry": {"type": "Point", "coordinates": [-113.50947827636949, 53.64706676652391]}}, {"type": "Feature", "properties": {"t": "2026-04-21T09:30:00+00:00Z", "z_m": 15.359449100225731}, "geometry": {"type": "Point", "coordinates": [-113.50854904463641, 53.64341464707319]}}, {"type": "Feature", "properties": {"t": "2026-04-21T09:30:00+00:00Z", "z_m": 10.34439619183106}, "geometry": {"type": "Point", "coordinates": [-113.51273796824043, 53.6426050017577]}}, {"type": "Feature", "properties": {"t": "2026-04-21T09:30:00+00:00Z", "z_m": 5.2712082909959825}, "geometry": {"type": "Point", "coordinates": [-113.51215740322631, 53.64027569399639]}}, {"type": "Feature", "properties": {"t": "2026-04-21T09:30:00+00:00Z", "z_m": 7.4402518183066695}, "geometry": {"type": "Point", "coordinates": [-113.5168139512977, 53.644187348056924]}}, {"type": "Feature", "properties": {"t": "2026-04-21T09:30:00+00:00Z", "z_m": 7.484555720598051}, "geometry": {"type": "Point", "coordinates": [-113.51599038858019, 53.64654319835653]}}, {"type": "Feature", "properties": {"t": "2026-04-21T09:30:00+00:00Z", "z_m": 3.9043168570363043}, "geometry": {"type": "Point", "coordinates": [-113.50914127098973, 53.64800199124623]}}, {"type": "Feature", "properties": {"t": "2026-04-21T09:30:00+00:00Z", "z_m": 6.988659238366128}, "geometry": {"type": "Point", "coordinates": [-113.51503027303579, 53.642739978225855]}}, {"type": "Feature", "properties": {"t": "2026-04-21T09:30:00+00:00Z", "z_m": 12.391335877315584}, "geometry": {"type": "Point", "coordinates": [-113.51037197859927, 53.64646452027526]}}, {"type": "Feature", "properties": {"t": "2026-04-21T09:30:00+00:00Z", "z_m": 8.920413665173445}, "geometry": {"type": "Point", "coordinates": [-113.50887270892946, 53.64485435602999]}}, {"type": "Feature", "properties": {"t": "2026-04-21T09:30:00+00:00Z", "z_m": 2.8816398409289734}, "geometry": {"type": "Point", "coordinates": [-113.50974169426098, 53.642216799896744]}}, {"type": "Feature", "properties": {"t": "2026-04-21T09:30:00+00:00Z", "z_m": 10.63091334516344}, "geometry": {"type": "Point", "coordinates": [-113.51179868432608, 53.64094920967398]}}, {"type": "Feature", "properties": {"t": "2026-04-21T09:30:00+00:00Z", "z_m": 17.252573073391694}, "geometry": {"type": "Point", "coordinates": [-113.51157144940441, 53.64457102056219]}}, {"type": "Feature", "properties": {"t": "2026-04-21T09:30:00+00:00Z", "z_m": 14.292212506594737}, "geometry": {"type": "Point", "coordinates": [-113.51469997436706, 53.64359018826492]}}, {"type": "Feature", "properties": {"t": "2026-04-21T09:25:00+00:00Z", "z_m": 5.828365420492009}, "geometry": {"type": "Point", "coordinates": [-113.50557879283355, 53.659337552103736]}}, {"type": "Feature", "properties": {"t": "2026-04-21T09:25:00+00:00Z", "z_m": 14.918975547393362}, "geometry": {"type": "Point", "coordinates": [-113.50783432388374, 53.65913133475573]}}, {"type": "Feature", "properties": {"t": "2026-04-21T09:25:00+00:00Z", "z_m": 4.8196708581925805}, "geometry": {"type": "Point", "coordinates": [-113.50946223646204, 53.659487501155105]}}, {"type": "Feature", "properties": {"t": "2026-04-21T09:25:00+00:00Z", "z_m": 5.497019801743746}, "geometry": {"type": "Point", "coordinates": [-113.5103700772152, 53.660306114451245]}}, {"type": "Feature", "properties": {"t": "2026-04-21T09:25:00+00:00Z", "z_m": 10.545734581967105}, "geometry": {"type": "Point", "coordinates": [-113.50860501755615, 53.65996206633168]}}, {"type": "Feature", "properties": {"t": "2026-04-21T09:25:00+00:00Z", "z_m": 11.794776107952094}, "geometry": {"type": "Point", "coordinates": [-113.51024953936502, 53.65772441702588]}}, {"type": "Feature", "properties": {"t": "2026-04-21T09:25:00+00:00Z", "z_m": 11.276487875538955}, "geometry": {"type": "Point", "coordinates": [-113.51833832767859, 53.65817201548707]}}, {"type": "Feature", "properties": {"t": "2026-04-21T09:25:00+00:00Z", "z_m": 12.565035940035276}, "geometry": {"type": "Point", "coordinates": [-113.51433303597304, 53.661326418711575]}}, {"type": "Feature", "properties": {"t": "2026-04-21T09:25:00+00:00Z", "z_m": 17.434677623281903}, "geometry": {"type": "Point", "coordinates": [-113.51227084677753, 53.659524145745294]}}, {"type": "Feature", "properties": {"t": "2026-04-21T09:25:00+00:00Z", "z_m": 7.972374056307565}, "geometry": {"type": "Point", "coordinates": [-113.51614886716759, 53.65662261041699]}}, {"type": "Feature", "properties": {"t": "2026-04-21T09:25:00+00:00Z", "z_m": 10.798286300024754}, "geometry": {"type": "Point", "coordinates": [-113.51461850145424, 53.66134364839883]}}, {"type": "Feature", "properties": {"t": "2026-04-21T09:25:00+00:00Z", "z_m": 5.070547719120586}, "geometry": {"type": "Point", "coordinates": [-113.52023235448165, 53.66102389417375]}}, {"type": "Feature", "properties": {"t": "2026-04-21T09:25:00+00:00Z", "z_m": 9.506551862980704}, "geometry": {"type": "Point", "coordinates": [-113.5090234722232, 53.66145521204253]}}, {"type": "Feature", "properties": {"t": "2026-04-21T09:25:00+00:00Z", "z_m": 10.704801717204116}, "geometry": {"type": "Point", "coordinates": [-113.51199147683931, 53.66092975233121]}}, {"type": "Feature", "properties": {"t": "2026-04-21T09:25:00+00:00Z", "z_m": 9.35685312399021}, "geometry": {"type": "Point", "coordinates": [-113.50552126106304, 53.65915713934742]}}, {"type": "Feature", "properties": {"t": "2026-04-21T09:25:00+00:00Z", "z_m": 8.325373463529493}, "geometry": {"type": "Point", "coordinates": [-113.51255287442235, 53.655784169397904]}}, {"type": "Feature", "properties": {"t": "2026-04-21T09:25:00+00:00Z", "z_m": 10.525753106029617}, "geometry": {"type": "Point", "coordinates": [-113.52052078436438, 53.65802367530573]}}, {"type": "Feature", "properties": {"t": "2026-04-21T09:25:00+00:00Z", "z_m": 3.9193510220303844}, "geometry": {"type": "Point", "coordinates": [-113.51485015174097, 53.65912636425286]}}, {"type": "Feature", "properties": {"t": "2026-04-21T09:25:00+00:00Z", "z_m": 13.820657614754198}, "geometry": {"type": "Point", "coordinates": [-113.51846499826648, 53.65964080280024]}}, {"type": "Feature", "properties": {"t": "2026-04-21T09:25:00+00:00Z", "z_m": 3.07051395297231}, "geometry": {"type": "Point", "coordinates": [-113.51102923419029, 53.658936589669246]}}, {"type": "Feature", "properties": {"t": "2026-04-21T09:25:00+00:00Z", "z_m": 7.229953677640447}, "geometry": {"type": "Point", "coordinates": [-113.51968118803357, 53.6552778542264]}}, {"type": "Feature", "properties": {"t": "2026-04-21T09:25:00+00:00Z", "z_m": 11.737842365175098}, "geometry": {"type": "Point", "coordinates": [-113.51695557137803, 53.659660119686045]}}, {"type": "Feature", "properties": {"t": "2026-04-21T09:25:00+00:00Z", "z_m": 15.123314645278322}, "geometry": {"type": "Point", "coordinates": [-113.51581409832842, 53.65881809119461]}}, {"type": "Feature", "properties": {"t": "2026-04-21T09:25:00+00:00Z", "z_m": 15.146765810590377}, "geometry": {"type": "Point", "coordinates": [-113.5197284197881, 53.655315221682045]}}, {"type": "Feature", "properties": {"t": "2026-04-21T09:25:00+00:00Z", "z_m": 6.436712142694555}, "geometry": {"type": "Point", "coordinates": [-113.5241930728553, 53.65566064319899]}}, {"type": "Feature", "properties": {"t": "2026-04-21T09:25:00+00:00Z", "z_m": 13.757432139396606}, "geometry": {"type": "Point", "coordinates": [-113.51076295440161, 53.65912474567881]}}, {"type": "Feature", "properties": {"t": "2026-04-21T09:25:00+00:00Z", "z_m": 8.942423231073521}, "geometry": {"type": "Point", "coordinates": [-113.51394165676301, 53.658352663587294]}}, {"type": "Feature", "properties": {"t": "2026-04-21T09:25:00+00:00Z", "z_m": 13.712801083818004}, "geometry": {"type": "Point", "coordinates": [-113.5127660390077, 53.658307558634085]}}, {"type": "Feature", "properties": {"t": "2026-04-21T09:25:00+00:00Z", "z_m": 3.663889748700173}, "geometry": {"type": "Point", "coordinates": [-113.51128209322407, 53.65719236229325]}}, {"type": "Feature", "properties": {"t": "2026-04-21T09:25:00+00:00Z", "z_m": 15.400489178400093}, "geometry": {"type": "Point", "coordinates": [-113.51479760080008, 53.65711548425029]}}, {"type": "Feature", "properties": {"t": "2026-04-21T09:25:00+00:00Z", "z_m": 11.431832867028007}, "geometry": {"type": "Point", "coordinates": [-113.52214587533668, 53.657853908059096]}}, {"type": "Feature", "properties": {"t": "2026-04-21T09:25:00+00:00Z", "z_m": 11.006465701081327}, "geometry": {"type": "Point", "coordinates": [-113.51314311961086, 53.65774610842752]}}, {"type": "Feature", "properties": {"t": "2026-04-21T09:25:00+00:00Z", "z_m": 10.385609733698306}, "geometry": {"type": "Point", "coordinates": [-113.5183780837038, 53.65801360332048]}}, {"type": "Feature", "properties": {"t": "2026-04-21T09:25:00+00:00Z", "z_m": 9.426605781101884}, "geometry": {"type": "Point", "coordinates": [-113.51851087146218, 53.661021338772386]}}, {"type": "Feature", "properties": {"t": "2026-04-21T09:25:00+00:00Z", "z_m": 15.835510067038113}, "geometry": {"type": "Point", "coordinates": [-113.52119653209212, 53.659004896613126]}}, {"type": "Feature", "properties": {"t": "2026-04-21T09:25:00+00:00Z", "z_m": 6.965232847876541}, "geometry": {"type": "Point", "coordinates": [-113.50968793811332, 53.65810938119991]}}, {"type": "Feature", "properties": {"t": "2026-04-21T09:25:00+00:00Z", "z_m": 9.70816894249801}, "geometry": {"type": "Point", "coordinates": [-113.50969723937393, 53.66257330753806]}}, {"type": "Feature", "properties": {"t": "2026-04-21T09:25:00+00:00Z", "z_m": 12.24396828412359}, "geometry": {"type": "Point", "coordinates": [-113.51276473098791, 53.65835765351909]}}, {"type": "Feature", "properties": {"t": "2026-04-21T09:25:00+00:00Z", "z_m": 10.05985326562031}, "geometry": {"type": "Point", "coordinates": [-113.51457099008329, 53.657068446656105]}}, {"type": "Feature", "properties": {"t": "2026-04-21T09:25:00+00:00Z", "z_m": 5.514175546088934}, "geometry": {"type": "Point", "coordinates": [-113.51307700141764, 53.655594171701]}}, {"type": "Feature", "properties": {"t": "2026-04-21T09:25:00+00:00Z", "z_m": 8.706656801529778}, "geometry": {"type": "Point", "coordinates": [-113.51843499638655, 53.658930614839385]}}, {"type": "Feature", "properties": {"t": "2026-04-21T09:25:00+00:00Z", "z_m": 6.441376853733775}, "geometry": {"type": "Point", "coordinates": [-113.52122249918607, 53.66138342797694]}}, {"type": "Feature", "properties": {"t": "2026-04-21T09:25:00+00:00Z", "z_m": 6.930596729812155}, "geometry": {"type": "Point", "coordinates": [-113.51189924121813, 53.661890742241745]}}, {"type": "Feature", "properties": {"t": "2026-04-21T09:25:00+00:00Z", "z_m": 5.602946935367077}, "geometry": {"type": "Point", "coordinates": [-113.5185926775384, 53.657575799231836]}}, {"type": "Feature", "properties": {"t": "2026-04-21T09:25:00+00:00Z", "z_m": 11.399996814232642}, "geometry": {"type": "Point", "coordinates": [-113.51163915480895, 53.6605996228543]}}, {"type": "Feature", "properties": {"t": "2026-04-21T09:25:00+00:00Z", "z_m": 8.877409817634053}, "geometry": {"type": "Point", "coordinates": [-113.51031487400928, 53.65945894304513]}}, {"type": "Feature", "properties": {"t": "2026-04-21T09:25:00+00:00Z", "z_m": 3.7872239578947045}, "geometry": {"type": "Point", "coordinates": [-113.51240610669026, 53.65667087200648]}}, {"type": "Feature", "properties": {"t": "2026-04-21T09:25:00+00:00Z", "z_m": 8.058259621938454}, "geometry": {"type": "Point", "coordinates": [-113.5144886026759, 53.65617403048329]}}, {"type": "Feature", "properties": {"t": "2026-04-21T09:25:00+00:00Z", "z_m": 16.177941686571398}, "geometry": {"type": "Point", "coordinates": [-113.51353037953074, 53.65864113952088]}}, {"type": "Feature", "properties": {"t": "2026-04-21T09:25:00+00:00Z", "z_m": 15.461519956107203}, "geometry": {"type": "Point", "coordinates": [-113.51708040330433, 53.658992111166796]}}, {"type": "Feature", "properties": {"t": "2026-04-21T09:20:00+00:00Z", "z_m": 5.954054128153642}, "geometry": {"type": "Point", "coordinates": [-113.508755845936, 53.67370186095064]}}, {"type": "Feature", "properties": {"t": "2026-04-21T09:20:00+00:00Z", "z_m": 14.633543695339252}, "geometry": {"type": "Point", "coordinates": [-113.5098689040784, 53.67362113286996]}}, {"type": "Feature", "properties": {"t": "2026-04-21T09:20:00+00:00Z", "z_m": 4.16533697735562}, "geometry": {"type": "Point", "coordinates": [-113.51074353196906, 53.67270742074056]}}, {"type": "Feature", "properties": {"t": "2026-04-21T09:20:00+00:00Z", "z_m": 5.290370602538861}, "geometry": {"type": "Point", "coordinates": [-113.51128931484875, 53.67564620758149]}}, {"type": "Feature", "properties": {"t": "2026-04-21T09:20:00+00:00Z", "z_m": 8.839787903690265}, "geometry": {"type": "Point", "coordinates": [-113.51002852481402, 53.67364259023712]}}, {"type": "Feature", "properties": {"t": "2026-04-21T09:20:00+00:00Z", "z_m": 12.8401730041147}, "geometry": {"type": "Point", "coordinates": [-113.5116488354613, 53.670828785700785]}}, {"type": "Feature", "properties": {"t": "2026-04-21T09:20:00+00:00Z", "z_m": 12.666004485418616}, "geometry": {"type": "Point", "coordinates": [-113.52085735384182, 53.671942805717]}}, {"type": "Feature", "properties": {"t": "2026-04-21T09:20:00+00:00Z", "z_m": 11.336168967078116}, "geometry": {"type": "Point", "coordinates": [-113.51771066550803, 53.67671637162463]}}, {"type": "Feature", "properties": {"t": "2026-04-21T09:20:00+00:00Z", "z_m": 17.274618117546904}, "geometry": {"type": "Point", "coordinates": [-113.51529402479204, 53.67451301244941]}}, {"type": "Feature", "properties": {"t": "2026-04-21T09:20:00+00:00Z", "z_m": 5.817850413155702}, "geometry": {"type": "Point", "coordinates": [-113.51924710215923, 53.67171050890475]}}, {"type": "Feature", "properties": {"t": "2026-04-21T09:20:00+00:00Z", "z_m": 10.538393883090956}, "geometry": {"type": "Point", "coordinates": [-113.51724026613527, 53.67521407758657]}}, {"type": "Feature", "properties": {"t": "2026-04-21T09:20:00+00:00Z", "z_m": 7.4702054958751845}, "geometry": {"type": "Point", "coordinates": [-113.52200529965906, 53.67612217658314]}}, {"type": "Feature", "properties": {"t": "2026-04-21T09:20:00+00:00Z", "z_m": 9.18382511029212}, "geometry": {"type": "Point", "coordinates": [-113.50991573457928, 53.67568261335219]}}, {"type": "Feature", "properties": {"t": "2026-04-21T09:20:00+00:00Z", "z_m": 9.619648699912206}, "geometry": {"type": "Point", "coordinates": [-113.51581132485572, 53.67452732569538]}}, {"type": "Feature", "properties": {"t": "2026-04-21T09:20:00+00:00Z", "z_m": 9.329533665259682}, "geometry": {"type": "Point", "coordinates": [-113.50645479599036, 53.673402309639876]}}, {"type": "Feature", "properties": {"t": "2026-04-21T09:20:00+00:00Z", "z_m": 8.534859159685045}, "geometry": {"type": "Point", "coordinates": [-113.51564833917422, 53.6702237244785]}}, {"type": "Feature", "properties": {"t": "2026-04-21T09:20:00+00:00Z", "z_m": 12.376078519615671}, "geometry": {"type": "Point", "coordinates": [-113.52365802418166, 53.672563607270256]}}, {"type": "Feature", "properties": {"t": "2026-04-21T09:20:00+00:00Z", "z_m": 3.837496246965844}, "geometry": {"type": "Point", "coordinates": [-113.5169854355509, 53.67316907108085]}}, {"type": "Feature", "properties": {"t": "2026-04-21T09:20:00+00:00Z", "z_m": 12.413309867038539}, "geometry": {"type": "Point", "coordinates": [-113.51988963751951, 53.674297570419384]}}, {"type": "Feature", "properties": {"t": "2026-04-21T09:20:00+00:00Z", "z_m": 2.5385727350958645}, "geometry": {"type": "Point", "coordinates": [-113.51373182499826, 53.67226659893882]}}, {"type": "Feature", "properties": {"t": "2026-04-21T09:20:00+00:00Z", "z_m": 8.955142077635278}, "geometry": {"type": "Point", "coordinates": [-113.52308018737168, 53.66893508786266]}}, {"type": "Feature", "properties": {"t": "2026-04-21T09:20:00+00:00Z", "z_m": 13.124508251239943}, "geometry": {"type": "Point", "coordinates": [-113.52157384029132, 53.67343386215135]}}, {"type": "Feature", "properties": {"t": "2026-04-21T09:20:00+00:00Z", "z_m": 14.294460349547798}, "geometry": {"type": "Point", "coordinates": [-113.51674381158914, 53.67336936217516]}}, {"type": "Feature", "properties": {"t": "2026-04-21T09:20:00+00:00Z", "z_m": 17.266892554799774}, "geometry": {"type": "Point", "coordinates": [-113.52229140451122, 53.66863513277471]}}, {"type": "Feature", "properties": {"t": "2026-04-21T09:20:00+00:00Z", "z_m": 7.866208046116637}, "geometry": {"type": "Point", "coordinates": [-113.52744712086468, 53.66996722652598]}}, {"type": "Feature", "properties": {"t": "2026-04-21T09:20:00+00:00Z", "z_m": 14.908293636954205}, "geometry": {"type": "Point", "coordinates": [-113.5131267848103, 53.67242776810982]}}, {"type": "Feature", "properties": {"t": "2026-04-21T09:20:00+00:00Z", "z_m": 7.786337662182635}, "geometry": {"type": "Point", "coordinates": [-113.51774520174962, 53.67189791484401]}}, {"type": "Feature", "properties": {"t": "2026-04-21T09:20:00+00:00Z", "z_m": 14.1428931693404}, "geometry": {"type": "Point", "coordinates": [-113.5129410840882, 53.67331923359119]}}, {"type": "Feature", "properties": {"t": "2026-04-21T09:20:00+00:00Z", "z_m": 3.1933661018471646}, "geometry": {"type": "Point", "coordinates": [-113.51418202810126, 53.672102876634696]}}, {"type": "Feature", "properties": {"t": "2026-04-21T09:20:00+00:00Z", "z_m": 14.920801758494223}, "geometry": {"type": "Point", "coordinates": [-113.5152702656169, 53.671235919867954]}}, {"type": "Feature", "properties": {"t": "2026-04-21T09:20:00+00:00Z", "z_m": 10.748827294169393}, "geometry": {"type": "Point", "coordinates": [-113.52250163102173, 53.672722441386675]}}, {"type": "Feature", "properties": {"t": "2026-04-21T09:20:00+00:00Z", "z_m": 11.73365201275261}, "geometry": {"type": "Point", "coordinates": [-113.51592371148, 53.670934498021516]}}, {"type": "Feature", "properties": {"t": "2026-04-21T09:20:00+00:00Z", "z_m": 8.476434391990066}, "geometry": {"type": "Point", "coordinates": [-113.52012208149131, 53.67218313777909]}}, {"type": "Feature", "properties": {"t": "2026-04-21T09:20:00+00:00Z", "z_m": 8.737238728430276}, "geometry": {"type": "Point", "coordinates": [-113.52209380932952, 53.676372844873356]}}, {"type": "Feature", "properties": {"t": "2026-04-21T09:20:00+00:00Z", "z_m": 17.851919383618693}, "geometry": {"type": "Point", "coordinates": [-113.5222608386456, 53.67318216890277]}}, {"type": "Feature", "properties": {"t": "2026-04-21T09:20:00+00:00Z", "z_m": 7.392920675314284}, "geometry": {"type": "Point", "coordinates": [-113.51272530527342, 53.67164900722943]}}, {"type": "Feature", "properties": {"t": "2026-04-21T09:20:00+00:00Z", "z_m": 8.44935105234832}, "geometry": {"type": "Point", "coordinates": [-113.5099115934622, 53.67675303417492]}}, {"type": "Feature", "properties": {"t": "2026-04-21T09:20:00+00:00Z", "z_m": 12.788371072477357}, "geometry": {"type": "Point", "coordinates": [-113.51654909365273, 53.67246178253823]}}, {"type": "Feature", "properties": {"t": "2026-04-21T09:20:00+00:00Z", "z_m": 10.80158166859174}, "geometry": {"type": "Point", "coordinates": [-113.5166013124642, 53.6712958088984]}}, {"type": "Feature", "properties": {"t": "2026-04-21T09:20:00+00:00Z", "z_m": 3.1571007567389793}, "geometry": {"type": "Point", "coordinates": [-113.51446047728649, 53.669356125972485]}}, {"type": "Feature", "properties": {"t": "2026-04-21T09:20:00+00:00Z", "z_m": 9.777474126506538}, "geometry": {"type": "Point", "coordinates": [-113.51852924616378, 53.673497301376514]}}, {"type": "Feature", "properties": {"t": "2026-04-21T09:20:00+00:00Z", "z_m": 6.159334205977416}, "geometry": {"type": "Point", "coordinates": [-113.52420789027114, 53.67417856025533]}}, {"type": "Feature", "properties": {"t": "2026-04-21T09:20:00+00:00Z", "z_m": 9.823351418930887}, "geometry": {"type": "Point", "coordinates": [-113.51457501582212, 53.67724939854962]}}, {"type": "Feature", "properties": {"t": "2026-04-21T09:20:00+00:00Z", "z_m": 7.3436442390647745}, "geometry": {"type": "Point", "coordinates": [-113.52184148132561, 53.67141659293458]}}, {"type": "Feature", "properties": {"t": "2026-04-21T09:20:00+00:00Z", "z_m": 11.842400534322778}, "geometry": {"type": "Point", "coordinates": [-113.51158785235073, 53.67459344428198]}}, {"type": "Feature", "properties": {"t": "2026-04-21T09:20:00+00:00Z", "z_m": 10.33224243386578}, "geometry": {"type": "Point", "coordinates": [-113.51310762952842, 53.674873137749714]}}, {"type": "Feature", "properties": {"t": "2026-04-21T09:20:00+00:00Z", "z_m": 2.0}, "geometry": {"type": "Point", "coordinates": [-113.51457060948573, 53.67144270665792]}}, {"type": "Feature", "properties": {"t": "2026-04-21T09:20:00+00:00Z", "z_m": 7.899355923749785}, "geometry": {"type": "Point", "coordinates": [-113.51771337339063, 53.669786062098346]}}, {"type": "Feature", "properties": {"t": "2026-04-21T09:20:00+00:00Z", "z_m": 14.231357334250411}, "geometry": {"type": "Point", "coordinates": [-113.51207408990167, 53.6733451185971]}}, {"type": "Feature", "properties": {"t": "2026-04-21T09:20:00+00:00Z", "z_m": 13.80549556772143}, "geometry": {"type": "Point", "coordinates": [-113.51960213645853, 53.674256876434804]}}, {"type": "Feature", "properties": {"t": "2026-04-21T09:15:00+00:00Z", "z_m": 7.725998999644554}, "geometry": {"type": "Point", "coordinates": [-113.50765446572312, 53.68784198983216]}}, {"type": "Feature", "properties": {"t": "2026-04-21T09:15:00+00:00Z", "z_m": 15.341079640166951}, "geometry": {"type": "Point", "coordinates": [-113.50984725775746, 53.68821841322455]}}, {"type": "Feature", "properties": {"t": "2026-04-21T09:15:00+00:00Z", "z_m": 7.39209444492323}, "geometry": {"type": "Point", "coordinates": [-113.51199719092558, 53.686891354318185]}}, {"type": "Feature", "properties": {"t": "2026-04-21T09:15:00+00:00Z", "z_m": 6.292540415829305}, "geometry": {"type": "Point", "coordinates": [-113.51546408116575, 53.68922343846256]}}, {"type": "Feature", "properties": {"t": "2026-04-21T09:15:00+00:00Z", "z_m": 10.258003643375496}, "geometry": {"type": "Point", "coordinates": [-113.50907558743947, 53.68646650953635]}}, {"type": "Feature", "properties": {"t": "2026-04-21T09:15:00+00:00Z", "z_m": 13.688792827896377}, "geometry": {"type": "Point", "coordinates": [-113.51399422925932, 53.684298357902236]}}, {"type": "Feature", "properties": {"t": "2026-04-21T09:15:00+00:00Z", "z_m": 13.758625618005988}, "geometry": {"type": "Point", "coordinates": [-113.52188457096443, 53.68428949442291]}}, {"type": "Feature", "properties": {"t": "2026-04-21T09:15:00+00:00Z", "z_m": 13.053925768427815}, "geometry": {"type": "Point", "coordinates": [-113.51907869663937, 53.69006279200591]}}, {"type": "Feature", "properties": {"t": "2026-04-21T09:15:00+00:00Z", "z_m": 15.122056556221647}, "geometry": {"type": "Point", "coordinates": [-113.51524361521626, 53.68914619168015]}}, {"type": "Feature", "properties": {"t": "2026-04-21T09:15:00+00:00Z", "z_m": 3.4329154055898297}, "geometry": {"type": "Point", "coordinates": [-113.52289813750384, 53.685058282710166]}}, {"type": "Feature", "properties": {"t": "2026-04-21T09:15:00+00:00Z", "z_m": 10.350187077132102}, "geometry": {"type": "Point", "coordinates": [-113.52049454623379, 53.687769617108856]}}, {"type": "Feature", "properties": {"t": "2026-04-21T09:15:00+00:00Z", "z_m": 5.971263440622265}, "geometry": {"type": "Point", "coordinates": [-113.52561167211678, 53.68909907801865]}}, {"type": "Feature", "properties": {"t": "2026-04-21T09:15:00+00:00Z", "z_m": 11.986171313755069}, "geometry": {"type": "Point", "coordinates": [-113.51155808195347, 53.688812832788905]}}, {"type": "Feature", "properties": {"t": "2026-04-21T09:15:00+00:00Z", "z_m": 10.225799154672996}, "geometry": {"type": "Point", "coordinates": [-113.51800003129364, 53.68790601462346]}}, {"type": "Feature", "properties": {"t": "2026-04-21T09:15:00+00:00Z", "z_m": 10.183099846966027}, "geometry": {"type": "Point", "coordinates": [-113.50910452883794, 53.68572192857984]}}, {"type": "Feature", "properties": {"t": "2026-04-21T09:15:00+00:00Z", "z_m": 7.621146094796804}, "geometry": {"type": "Point", "coordinates": [-113.5183640520391, 53.68390415837291]}}, {"type": "Feature", "properties": {"t": "2026-04-21T09:15:00+00:00Z", "z_m": 13.787064323145788}, "geometry": {"type": "Point", "coordinates": [-113.52471675652713, 53.68641813042898]}}, {"type": "Feature", "properties": {"t": "2026-04-21T09:15:00+00:00Z", "z_m": 3.1093690374620078}, "geometry": {"type": "Point", "coordinates": [-113.51798371430229, 53.68541796922785]}}, {"type": "Feature", "properties": {"t": "2026-04-21T09:15:00+00:00Z", "z_m": 12.342688114001504}, "geometry": {"type": "Point", "coordinates": [-113.52301666437289, 53.6881225357817]}}, {"type": "Feature", "properties": {"t": "2026-04-21T09:15:00+00:00Z", "z_m": 2.7296720300622517}, "geometry": {"type": "Point", "coordinates": [-113.51532116787929, 53.685848172626855]}}, {"type": "Feature", "properties": {"t": "2026-04-21T09:15:00+00:00Z", "z_m": 10.248650142598326}, "geometry": {"type": "Point", "coordinates": [-113.52388145304548, 53.68240989032555]}}, {"type": "Feature", "properties": {"t": "2026-04-21T09:15:00+00:00Z", "z_m": 12.379366565168242}, "geometry": {"type": "Point", "coordinates": [-113.52421211717387, 53.68745134032141]}}, {"type": "Feature", "properties": {"t": "2026-04-21T09:15:00+00:00Z", "z_m": 13.545377903938672}, "geometry": {"type": "Point", "coordinates": [-113.51844745445564, 53.68711563054324]}}, {"type": "Feature", "properties": {"t": "2026-04-21T09:15:00+00:00Z", "z_m": 16.072114679226825}, "geometry": {"type": "Point", "coordinates": [-113.52474708958341, 53.68254374133208]}}, {"type": "Feature", "properties": {"t": "2026-04-21T09:15:00+00:00Z", "z_m": 7.811833007389666}, "geometry": {"type": "Point", "coordinates": [-113.52863199453208, 53.68322837274116]}}, {"type": "Feature", "properties": {"t": "2026-04-21T09:15:00+00:00Z", "z_m": 15.038310124453362}, "geometry": {"type": "Point", "coordinates": [-113.51521210873898, 53.68641240602739]}}, {"type": "Feature", "properties": {"t": "2026-04-21T09:15:00+00:00Z", "z_m": 9.710236469908223}, "geometry": {"type": "Point", "coordinates": [-113.51722367492555, 53.68532007501647]}}, {"type": "Feature", "properties": {"t": "2026-04-21T09:15:00+00:00Z", "z_m": 15.387702668021653}, "geometry": {"type": "Point", "coordinates": [-113.51465796523651, 53.68761478419698]}}, {"type": "Feature", "properties": {"t": "2026-04-21T09:15:00+00:00Z", "z_m": 2.3191033578295692}, "geometry": {"type": "Point", "coordinates": [-113.51596367331057, 53.68503819876684]}}, {"type": "Feature", "properties": {"t": "2026-04-21T09:15:00+00:00Z", "z_m": 16.598416696903012}, "geometry": {"type": "Point", "coordinates": [-113.51594675355781, 53.68478851960027]}}, {"type": "Feature", "properties": {"t": "2026-04-21T09:15:00+00:00Z", "z_m": 10.774250759637843}, "geometry": {"type": "Point", "coordinates": [-113.52381876298364, 53.6866786302764]}}, {"type": "Feature", "properties": {"t": "2026-04-21T09:15:00+00:00Z", "z_m": 11.290847776430642}, "geometry": {"type": "Point", "coordinates": [-113.51914882039738, 53.68484561874748]}}, {"type": "Feature", "properties": {"t": "2026-04-21T09:15:00+00:00Z", "z_m": 11.237844883986883}, "geometry": {"type": "Point", "coordinates": [-113.52310430913799, 53.686781701186035]}}, {"type": "Feature", "properties": {"t": "2026-04-21T09:15:00+00:00Z", "z_m": 10.565056079704403}, "geometry": {"type": "Point", "coordinates": [-113.52390464446447, 53.68973807590718]}}, {"type": "Feature", "properties": {"t": "2026-04-21T09:15:00+00:00Z", "z_m": 18.69975653471642}, "geometry": {"type": "Point", "coordinates": [-113.52331191072714, 53.68866230383197]}}, {"type": "Feature", "properties": {"t": "2026-04-21T09:15:00+00:00Z", "z_m": 7.766449888833304}, "geometry": {"type": "Point", "coordinates": [-113.51543108966045, 53.685632122609775]}}, {"type": "Feature", "properties": {"t": "2026-04-21T09:15:00+00:00Z", "z_m": 7.088921425729524}, "geometry": {"type": "Point", "coordinates": [-113.51082161727994, 53.691196119844655]}}, {"type": "Feature", "properties": {"t": "2026-04-21T09:15:00+00:00Z", "z_m": 13.639857749642378}, "geometry": {"type": "Point", "coordinates": [-113.51742749086573, 53.68701930361853]}}, {"type": "Feature", "properties": {"t": "2026-04-21T09:15:00+00:00Z", "z_m": 11.520743344702968}, "geometry": {"type": "Point", "coordinates": [-113.5179232361565, 53.68485177766828]}}, {"type": "Feature", "properties": {"t": "2026-04-21T09:15:00+00:00Z", "z_m": 5.643510936560218}, "geometry": {"type": "Point", "coordinates": [-113.51670404954965, 53.68254994037997]}}, {"type": "Feature", "properties": {"t": "2026-04-21T09:15:00+00:00Z", "z_m": 9.950156293063426}, "geometry": {"type": "Point", "coordinates": [-113.51876735401098, 53.68880504518756]}}, {"type": "Feature", "properties": {"t": "2026-04-21T09:15:00+00:00Z", "z_m": 9.772666604461927}, "geometry": {"type": "Point", "coordinates": [-113.52547524348537, 53.68815649467728]}}, {"type": "Feature", "properties": {"t": "2026-04-21T09:15:00+00:00Z", "z_m": 11.915920381201365}, "geometry": {"type": "Point", "coordinates": [-113.51519884737726, 53.68979670114429]}}, {"type": "Feature", "properties": {"t": "2026-04-21T09:15:00+00:00Z", "z_m": 5.204058632551069}, "geometry": {"type": "Point", "coordinates": [-113.52751186773311, 53.68658856918677]}}, {"type": "Feature", "properties": {"t": "2026-04-21T09:15:00+00:00Z", "z_m": 9.866472466450492}, "geometry": {"type": "Point", "coordinates": [-113.51210293233135, 53.689209055789355]}}, {"type": "Feature", "properties": {"t": "2026-04-21T09:15:00+00:00Z", "z_m": 9.426109433801727}, "geometry": {"type": "Point", "coordinates": [-113.51290474208697, 53.68858287025467]}}, {"type": "Feature", "properties": {"t": "2026-04-21T09:15:00+00:00Z", "z_m": 4.637541632598309}, "geometry": {"type": "Point", "coordinates": [-113.51673572442388, 53.68500596200424]}}, {"type": "Feature", "properties": {"t": "2026-04-21T09:15:00+00:00Z", "z_m": 11.72849283605956}, "geometry": {"type": "Point", "coordinates": [-113.52031735921517, 53.683776980254045]}}, {"type": "Feature", "properties": {"t": "2026-04-21T09:15:00+00:00Z", "z_m": 13.775285286094055}, "geometry": {"type": "Point", "coordinates": [-113.51345904503854, 53.68773047618393]}}, {"type": "Feature", "properties": {"t": "2026-04-21T09:15:00+00:00Z", "z_m": 12.213060880826545}, "geometry": {"type": "Point", "coordinates": [-113.52065033328543, 53.68816662263968]}}, {"type": "Feature", "properties": {"t": "2026-04-21T09:10:00+00:00Z", "z_m": 11.096844178174536}, "geometry": {"type": "Point", "coordinates": [-113.50817632658837, 53.70106390346085]}}, {"type": "Feature", "properties": {"t": "2026-04-21T09:10:00+00:00Z", "z_m": 12.768850306850789}, "geometry": {"type": "Point", "coordinates": [-113.51218883583437, 53.70240223597069]}}, {"type": "Feature", "properties": {"t": "2026-04-21T09:10:00+00:00Z", "z_m": 8.11905833289607}, "geometry": {"type": "Point", "coordinates": [-113.51239958076653, 53.70084739169346]}}, {"type": "Feature", "properties": {"t": "2026-04-21T09:10:00+00:00Z", "z_m": 10.975215975824579}, "geometry": {"type": "Point", "coordinates": [-113.51885126514718, 53.70318328906018]}}, {"type": "Feature", "properties": {"t": "2026-04-21T09:10:00+00:00Z", "z_m": 7.598040352848002}, "geometry": {"type": "Point", "coordinates": [-113.51090824953737, 53.70017015331905]}}, {"type": "Feature", "properties": {"t": "2026-04-21T09:10:00+00:00Z", "z_m": 12.598402793346846}, "geometry": {"type": "Point", "coordinates": [-113.51657599073963, 53.697869460451514]}}, {"type": "Feature", "properties": {"t": "2026-04-21T09:10:00+00:00Z", "z_m": 12.594563840351672}, "geometry": {"type": "Point", "coordinates": [-113.52268896850778, 53.696943831668264]}}, {"type": "Feature", "properties": {"t": "2026-04-21T09:10:00+00:00Z", "z_m": 12.890737906013996}, "geometry": {"type": "Point", "coordinates": [-113.52233600302148, 53.70396170733941]}}, {"type": "Feature", "properties": {"t": "2026-04-21T09:10:00+00:00Z", "z_m": 13.169683448102083}, "geometry": {"type": "Point", "coordinates": [-113.51741462848784, 53.70292841358852]}}, {"type": "Feature", "properties": {"t": "2026-04-21T09:10:00+00:00Z", "z_m": 5.902260031590049}, "geometry": {"type": "Point", "coordinates": [-113.52421756319482, 53.69875755490135]}}, {"type": "Feature", "properties": {"t": "2026-04-21T09:10:00+00:00Z", "z_m": 9.305449819729597}, "geometry": {"type": "Point", "coordinates": [-113.5213813679341, 53.70144098196603]}}, {"type": "Feature", "properties": {"t": "2026-04-21T09:10:00+00:00Z", "z_m": 8.419582282264287}, "geometry": {"type": "Point", "coordinates": [-113.52817170056535, 53.702367680788605]}}, {"type": "Feature", "properties": {"t": "2026-04-21T09:10:00+00:00Z", "z_m": 12.599986897997338}, "geometry": {"type": "Point", "coordinates": [-113.51160530812918, 53.70247241848891]}}, {"type": "Feature", "properties": {"t": "2026-04-21T09:10:00+00:00Z", "z_m": 9.314855107952168}, "geometry": {"type": "Point", "coordinates": [-113.5182495989033, 53.70088544086872]}}, {"type": "Feature", "properties": {"t": "2026-04-21T09:10:00+00:00Z", "z_m": 10.68446157076041}, "geometry": {"type": "Point", "coordinates": [-113.50954066484853, 53.69903603153479]}}, {"type": "Feature", "properties": {"t": "2026-04-21T09:10:00+00:00Z", "z_m": 9.275890342658215}, "geometry": {"type": "Point", "coordinates": [-113.52006549602889, 53.6977147178991]}}, {"type": "Feature", "properties": {"t": "2026-04-21T09:10:00+00:00Z", "z_m": 15.592943866559194}, "geometry": {"type": "Point", "coordinates": [-113.52697558063409, 53.700386076558374]}}, {"type": "Feature", "properties": {"t": "2026-04-21T09:10:00+00:00Z", "z_m": 2.7366100142718306}, "geometry": {"type": "Point", "coordinates": [-113.51978317718643, 53.69807319836835]}}, {"type": "Feature", "properties": {"t": "2026-04-21T09:10:00+00:00Z", "z_m": 13.873178579120896}, "geometry": {"type": "Point", "coordinates": [-113.52286701640607, 53.701340702356056]}}, {"type": "Feature", "properties": {"t": "2026-04-21T09:10:00+00:00Z", "z_m": 3.532455813006141}, "geometry": {"type": "Point", "coordinates": [-113.51619248318808, 53.69967550761445]}}, {"type": "Feature", "properties": {"t": "2026-04-21T09:10:00+00:00Z", "z_m": 10.846672691732461}, "geometry": {"type": "Point", "coordinates": [-113.52777716075516, 53.695355320084964]}}, {"type": "Feature", "properties": {"t": "2026-04-21T09:10:00+00:00Z", "z_m": 8.190000453424142}, "geometry": {"type": "Point", "coordinates": [-113.52588347307086, 53.700094296331926]}}, {"type": "Feature", "properties": {"t": "2026-04-21T09:10:00+00:00Z", "z_m": 11.214635246177483}, "geometry": {"type": "Point", "coordinates": [-113.5185931576678, 53.70083647218957]}}, {"type": "Feature", "properties": {"t": "2026-04-21T09:10:00+00:00Z", "z_m": 15.204163005852132}, "geometry": {"type": "Point", "coordinates": [-113.5266052036643, 53.69534251951547]}}, {"type": "Feature", "properties": {"t": "2026-04-21T09:10:00+00:00Z", "z_m": 5.949249513508701}, "geometry": {"type": "Point", "coordinates": [-113.53007418845313, 53.69651708326749]}}, {"type": "Feature", "properties": {"t": "2026-04-21T09:10:00+00:00Z", "z_m": 12.992494168261011}, "geometry": {"type": "Point", "coordinates": [-113.51910279886856, 53.70056110948266]}}, {"type": "Feature", "properties": {"t": "2026-04-21T09:10:00+00:00Z", "z_m": 10.733749384621367}, "geometry": {"type": "Point", "coordinates": [-113.51793419114061, 53.699099438834516]}}, {"type": "Feature", "properties": {"t": "2026-04-21T09:10:00+00:00Z", "z_m": 13.234772111775753}, "geometry": {"type": "Point", "coordinates": [-113.51713556787007, 53.701772005774174]}}, {"type": "Feature", "properties": {"t": "2026-04-21T09:10:00+00:00Z", "z_m": 2.3368884552000617}, "geometry": {"type": "Point", "coordinates": [-113.5166463345407, 53.69771511832516]}}, {"type": "Feature", "properties": {"t": "2026-04-21T09:10:00+00:00Z", "z_m": 19.780046555260764}, "geometry": {"type": "Point", "coordinates": [-113.5175257295403, 53.69853105467219]}}, {"type": "Feature", "properties": {"t": "2026-04-21T09:10:00+00:00Z", "z_m": 10.125607826150327}, "geometry": {"type": "Point", "coordinates": [-113.5254104858303, 53.699403517680565]}}, {"type": "Feature", "properties": {"t": "2026-04-21T09:10:00+00:00Z", "z_m": 10.900486603210648}, "geometry": {"type": "Point", "coordinates": [-113.52160770031784, 53.69907795860524]}}, {"type": "Feature", "properties": {"t": "2026-04-21T09:10:00+00:00Z", "z_m": 14.386344849694922}, "geometry": {"type": "Point", "coordinates": [-113.52291836699948, 53.70089538818906]}}, {"type": "Feature", "properties": {"t": "2026-04-21T09:10:00+00:00Z", "z_m": 10.776134912621577}, "geometry": {"type": "Point", "coordinates": [-113.52546916905486, 53.70218258717122]}}, {"type": "Feature", "properties": {"t": "2026-04-21T09:10:00+00:00Z", "z_m": 17.300975431289682}, "geometry": {"type": "Point", "coordinates": [-113.52444855890943, 53.703590603392755]}}, {"type": "Feature", "properties": {"t": "2026-04-21T09:10:00+00:00Z", "z_m": 7.43778519927379}, "geometry": {"type": "Point", "coordinates": [-113.51562809429575, 53.69794505524679]}}, {"type": "Feature", "properties": {"t": "2026-04-21T09:10:00+00:00Z", "z_m": 7.348812044152282}, "geometry": {"type": "Point", "coordinates": [-113.51295647962733, 53.70557291508406]}}, {"type": "Feature", "properties": {"t": "2026-04-21T09:10:00+00:00Z", "z_m": 15.126799040460433}, "geometry": {"type": "Point", "coordinates": [-113.51929163884444, 53.70019140875815]}}, {"type": "Feature", "properties": {"t": "2026-04-21T09:10:00+00:00Z", "z_m": 9.623894913663959}, "geometry": {"type": "Point", "coordinates": [-113.51883529080472, 53.69801105730236]}}, {"type": "Feature", "properties": {"t": "2026-04-21T09:10:00+00:00Z", "z_m": 5.637246204085773}, "geometry": {"type": "Point", "coordinates": [-113.51748532584048, 53.6961631567262]}}, {"type": "Feature", "properties": {"t": "2026-04-21T09:10:00+00:00Z", "z_m": 10.41333890243633}, "geometry": {"type": "Point", "coordinates": [-113.51867799002622, 53.70218253744866]}}, {"type": "Feature", "properties": {"t": "2026-04-21T09:10:00+00:00Z", "z_m": 7.882038445572128}, "geometry": {"type": "Point", "coordinates": [-113.52654290736525, 53.70200243114123]}}, {"type": "Feature", "properties": {"t": "2026-04-21T09:10:00+00:00Z", "z_m": 12.292267895266537}, "geometry": {"type": "Point", "coordinates": [-113.51513414522984, 53.70378871449215]}}, {"type": "Feature", "properties": {"t": "2026-04-21T09:10:00+00:00Z", "z_m": 5.549148673492313}, "geometry": {"type": "Point", "coordinates": [-113.53056256416815, 53.70040537151898]}}, {"type": "Feature", "properties": {"t": "2026-04-21T09:10:00+00:00Z", "z_m": 8.016557946863639}, "geometry": {"type": "Point", "coordinates": [-113.51420384052484, 53.70319651421115]}}, {"type": "Feature", "properties": {"t": "2026-04-21T09:10:00+00:00Z", "z_m": 7.223259101470888}, "geometry": {"type": "Point", "coordinates": [-113.51389687838913, 53.70178033206673]}}, {"type": "Feature", "properties": {"t": "2026-04-21T09:10:00+00:00Z", "z_m": 6.250630036667973}, "geometry": {"type": "Point", "coordinates": [-113.51673901471213, 53.69763009346098]}}, {"type": "Feature", "properties": {"t": "2026-04-21T09:10:00+00:00Z", "z_m": 9.618051887198083}, "geometry": {"type": "Point", "coordinates": [-113.52210266753575, 53.69712710182052]}}, {"type": "Feature", "properties": {"t": "2026-04-21T09:10:00+00:00Z", "z_m": 13.016568654915906}, "geometry": {"type": "Point", "coordinates": [-113.5137452151006, 53.70145497898109]}}, {"type": "Feature", "properties": {"t": "2026-04-21T09:10:00+00:00Z", "z_m": 11.900345047534103}, "geometry": {"type": "Point", "coordinates": [-113.52160043901488, 53.70227022846258]}}, {"type": "Feature", "properties": {"t": "2026-04-21T09:05:00+00:00Z", "z_m": 9.606303215652408}, "geometry": {"type": "Point", "coordinates": [-113.50903456040126, 53.714831552726345]}}, {"type": "Feature", "properties": {"t": "2026-04-21T09:05:00+00:00Z", "z_m": 11.69770619051768}, "geometry": {"type": "Point", "coordinates": [-113.51576237498506, 53.71646132545541]}}, {"type": "Feature", "properties": {"t": "2026-04-21T09:05:00+00:00Z", "z_m": 7.1731735343843805}, "geometry": {"type": "Point", "coordinates": [-113.51132650657405, 53.71410986857368]}}, {"type": "Feature", "properties": {"t": "2026-04-21T09:05:00+00:00Z", "z_m": 9.863026701616826}, "geometry": {"type": "Point", "coordinates": [-113.52146318759283, 53.717601790798334]}}, {"type": "Feature", "properties": {"t": "2026-04-21T09:05:00+00:00Z", "z_m": 6.571739678398701}, "geometry": {"type": "Point", "coordinates": [-113.51286455059328, 53.7132126343744]}}, {"type": "Feature", "properties": {"t": "2026-04-21T09:05:00+00:00Z", "z_m": 10.829915709850253}, "geometry": {"type": "Point", "coordinates": [-113.51838468776693, 53.711487527323335]}}, {"type": "Feature", "properties": {"t": "2026-04-21T09:05:00+00:00Z", "z_m": 11.62934440663441}, "geometry": {"type": "Point", "coordinates": [-113.52252411983612, 53.710632137448776]}}, {"type": "Feature", "properties": {"t": "2026-04-21T09:05:00+00:00Z", "z_m": 15.319431883813731}, "geometry": {"type": "Point", "coordinates": [-113.52228794479237, 53.71753246444864]}}, {"type": "Feature", "properties": {"t": "2026-04-21T09:05:00+00:00Z", "z_m": 12.197220326281359}, "geometry": {"type": "Point", "coordinates": [-113.51887869509073, 53.71679101543296]}}, {"type": "Feature", "properties": {"t": "2026-04-21T09:05:00+00:00Z", "z_m": 5.776728891643275}, "geometry": {"type": "Point", "coordinates": [-113.52530521667506, 53.710953171981956]}}, {"type": "Feature", "properties": {"t": "2026-04-21T09:05:00+00:00Z", "z_m": 10.950563132969362}, "geometry": {"type": "Point", "coordinates": [-113.52405739380458, 53.71478894485811]}}, {"type": "Feature", "properties": {"t": "2026-04-21T09:05:00+00:00Z", "z_m": 9.725609372806458}, "geometry": {"type": "Point", "coordinates": [-113.53005119273622, 53.71527173009599]}}, {"type": "Feature", "properties": {"t": "2026-04-21T09:05:00+00:00Z", "z_m": 11.95115637056808}, "geometry": {"type": "Point", "coordinates": [-113.51075326598624, 53.71516970790639]}}, {"type": "Feature", "properties": {"t": "2026-04-21T09:05:00+00:00Z", "z_m": 9.566006875531736}, "geometry": {"type": "Point", "coordinates": [-113.51966657971519, 53.714002782337026]}}, {"type": "Feature", "properties": {"t": "2026-04-21T09:05:00+00:00Z", "z_m": 9.595426263091955}, "geometry": {"type": "Point", "coordinates": [-113.50966053750172, 53.71298645821051]}}, {"type": "Feature", "properties": {"t": "2026-04-21T09:05:00+00:00Z", "z_m": 5.391528504348311}, "geometry": {"type": "Point", "coordinates": [-113.52096172536795, 53.71042975386308]}}, {"type": "Feature", "properties": {"t": "2026-04-21T09:05:00+00:00Z", "z_m": 17.381836147440193}, "geometry": {"type": "Point", "coordinates": [-113.52820508497844, 53.71311271161761]}}, {"type": "Feature", "properties": {"t": "2026-04-21T09:05:00+00:00Z", "z_m": 3.1610069902514697}, "geometry": {"type": "Point", "coordinates": [-113.52092272366528, 53.71154409626836]}}, {"type": "Feature", "properties": {"t": "2026-04-21T09:05:00+00:00Z", "z_m": 15.344661235460642}, "geometry": {"type": "Point", "coordinates": [-113.52328498133994, 53.715816445386395]}}, {"type": "Feature", "properties": {"t": "2026-04-21T09:05:00+00:00Z", "z_m": 2.0}, "geometry": {"type": "Point", "coordinates": [-113.52007035001789, 53.71302930243172]}}, {"type": "Feature", "properties": {"t": "2026-04-21T09:05:00+00:00Z", "z_m": 8.312996127907642}, "geometry": {"type": "Point", "coordinates": [-113.53074362354015, 53.709020539553904]}}, {"type": "Feature", "properties": {"t": "2026-04-21T09:05:00+00:00Z", "z_m": 7.052243706575749}, "geometry": {"type": "Point", "coordinates": [-113.52670647663096, 53.711230942989935]}}, {"type": "Feature", "properties": {"t": "2026-04-21T09:05:00+00:00Z", "z_m": 9.088897038112714}, "geometry": {"type": "Point", "coordinates": [-113.52008238523634, 53.715700265253325]}}, {"type": "Feature", "properties": {"t": "2026-04-21T09:05:00+00:00Z", "z_m": 15.364830890803633}, "geometry": {"type": "Point", "coordinates": [-113.53033292604462, 53.709310487749285]}}, {"type": "Feature", "properties": {"t": "2026-04-21T09:05:00+00:00Z", "z_m": 3.4833680869514296}, "geometry": {"type": "Point", "coordinates": [-113.52939594804792, 53.70990464891743]}}, {"type": "Feature", "properties": {"t": "2026-04-21T09:05:00+00:00Z", "z_m": 11.853578003318745}, "geometry": {"type": "Point", "coordinates": [-113.52098902123082, 53.71398985942813]}}, {"type": "Feature", "properties": {"t": "2026-04-21T09:05:00+00:00Z", "z_m": 9.873612004816831}, "geometry": {"type": "Point", "coordinates": [-113.5167654802612, 53.71244303717566]}}, {"type": "Feature", "properties": {"t": "2026-04-21T09:05:00+00:00Z", "z_m": 13.84577350633233}, "geometry": {"type": "Point", "coordinates": [-113.51904849690861, 53.7151623414076]}}, {"type": "Feature", "properties": {"t": "2026-04-21T09:05:00+00:00Z", "z_m": 3.1793952851189675}, "geometry": {"type": "Point", "coordinates": [-113.51976940643786, 53.71005017519126]}}, {"type": "Feature", "properties": {"t": "2026-04-21T09:05:00+00:00Z", "z_m": 19.75541891903537}, "geometry": {"type": "Point", "coordinates": [-113.51905058852527, 53.711751495043316]}}, {"type": "Feature", "properties": {"t": "2026-04-21T09:05:00+00:00Z", "z_m": 9.132542762805977}, "geometry": {"type": "Point", "coordinates": [-113.52476520818078, 53.71141070033509]}}, {"type": "Feature", "properties": {"t": "2026-04-21T09:05:00+00:00Z", "z_m": 12.316130318425092}, "geometry": {"type": "Point", "coordinates": [-113.52089867527778, 53.713012007108354]}}, {"type": "Feature", "properties": {"t": "2026-04-21T09:05:00+00:00Z", "z_m": 9.877473490649978}, "geometry": {"type": "Point", "coordinates": [-113.52308721871258, 53.713971943580376]}}, {"type": "Feature", "properties": {"t": "2026-04-21T09:05:00+00:00Z", "z_m": 12.156150701493965}, "geometry": {"type": "Point", "coordinates": [-113.52621404342422, 53.7153084845848]}}, {"type": "Feature", "properties": {"t": "2026-04-21T09:05:00+00:00Z", "z_m": 16.063736950444355}, "geometry": {"type": "Point", "coordinates": [-113.5261247268836, 53.71814859360398]}}, {"type": "Feature", "properties": {"t": "2026-04-21T09:05:00+00:00Z", "z_m": 8.442640460932127}, "geometry": {"type": "Point", "coordinates": [-113.51767357420285, 53.71106433454372]}}, {"type": "Feature", "properties": {"t": "2026-04-21T09:05:00+00:00Z", "z_m": 6.596889192996576}, "geometry": {"type": "Point", "coordinates": [-113.51323236827677, 53.71850493557392]}}, {"type": "Feature", "properties": {"t": "2026-04-21T09:05:00+00:00Z", "z_m": 15.129647452494076}, "geometry": {"type": "Point", "coordinates": [-113.52149965696547, 53.71404072676189]}}, {"type": "Feature", "properties": {"t": "2026-04-21T09:05:00+00:00Z", "z_m": 9.542785221417944}, "geometry": {"type": "Point", "coordinates": [-113.51865856404251, 53.711240812174594]}}, {"type": "Feature", "properties": {"t": "2026-04-21T09:05:00+00:00Z", "z_m": 4.107946456458006}, "geometry": {"type": "Point", "coordinates": [-113.51905052789975, 53.71022581456321]}}, {"type": "Feature", "properties": {"t": "2026-04-21T09:05:00+00:00Z", "z_m": 8.88354587138141}, "geometry": {"type": "Point", "coordinates": [-113.52040425011471, 53.714078378535866]}}, {"type": "Feature", "properties": {"t": "2026-04-21T09:05:00+00:00Z", "z_m": 7.400920251699306}, "geometry": {"type": "Point", "coordinates": [-113.52793063803654, 53.715169072541215]}}, {"type": "Feature", "properties": {"t": "2026-04-21T09:05:00+00:00Z", "z_m": 13.096646899572221}, "geometry": {"type": "Point", "coordinates": [-113.5166085074781, 53.71559492348513]}}, {"type": "Feature", "properties": {"t": "2026-04-21T09:05:00+00:00Z", "z_m": 6.160655345383994}, "geometry": {"type": "Point", "coordinates": [-113.5326605270102, 53.71519308258911]}}, {"type": "Feature", "properties": {"t": "2026-04-21T09:05:00+00:00Z", "z_m": 10.889274642382368}, "geometry": {"type": "Point", "coordinates": [-113.51813153373953, 53.71703044957223]}}, {"type": "Feature", "properties": {"t": "2026-04-21T09:05:00+00:00Z", "z_m": 7.35877831538778}, "geometry": {"type": "Point", "coordinates": [-113.5131645343894, 53.71514730551848]}}, {"type": "Feature", "properties": {"t": "2026-04-21T09:05:00+00:00Z", "z_m": 5.585955298708454}, "geometry": {"type": "Point", "coordinates": [-113.51866501437311, 53.709917145616785]}}, {"type": "Feature", "properties": {"t": "2026-04-21T09:05:00+00:00Z", "z_m": 11.596424367918793}, "geometry": {"type": "Point", "coordinates": [-113.52419617174624, 53.71058512446414]}}, {"type": "Feature", "properties": {"t": "2026-04-21T09:05:00+00:00Z", "z_m": 12.010004022377503}, "geometry": {"type": "Point", "coordinates": [-113.51363965177426, 53.71419802999056]}}, {"type": "Feature", "properties": {"t": "2026-04-21T09:05:00+00:00Z", "z_m": 15.25954225501538}, "geometry": {"type": "Point", "coordinates": [-113.5210707338501, 53.71479794502096]}}, {"type": "Feature", "properties": {"t": "2026-04-21T09:00:00+00:00Z", "z_m": 10.036056963917572}, "geometry": {"type": "Point", "coordinates": [-113.50914664899922, 53.72756335945424]}}, {"type": "Feature", "properties": {"t": "2026-04-21T09:00:00+00:00Z", "z_m": 14.075163617037314}, "geometry": {"type": "Point", "coordinates": [-113.51746410629192, 53.73017280663898]}}, {"type": "Feature", "properties": {"t": "2026-04-21T09:00:00+00:00Z", "z_m": 7.270109373904054}, "geometry": {"type": "Point", "coordinates": [-113.51183779092841, 53.72679941547876]}}, {"type": "Feature", "properties": {"t": "2026-04-21T09:00:00+00:00Z", "z_m": 10.090722984448334}, "geometry": {"type": "Point", "coordinates": [-113.52240670621357, 53.72986664093416]}}, {"type": "Feature", "properties": {"t": "2026-04-21T09:00:00+00:00Z", "z_m": 7.349486381938897}, "geometry": {"type": "Point", "coordinates": [-113.51237299679201, 53.726566000923434]}}, {"type": "Feature", "properties": {"t": "2026-04-21T09:00:00+00:00Z", "z_m": 10.902864153940294}, "geometry": {"type": "Point", "coordinates": [-113.52121373658514, 53.723414672383136]}}, {"type": "Feature", "properties": {"t": "2026-04-21T09:00:00+00:00Z", "z_m": 10.004879051708974}, "geometry": {"type": "Point", "coordinates": [-113.52360379618247, 53.723831348312416]}}, {"type": "Feature", "properties": {"t": "2026-04-21T09:00:00+00:00Z", "z_m": 13.71778482735956}, "geometry": {"type": "Point", "coordinates": [-113.52250260262278, 53.73098147052973]}}, {"type": "Feature", "properties": {"t": "2026-04-21T09:00:00+00:00Z", "z_m": 15.42546855902664}, "geometry": {"type": "Point", "coordinates": [-113.51828925786587, 53.73036163513143]}}, {"type": "Feature", "properties": {"t": "2026-04-21T09:00:00+00:00Z", "z_m": 4.165494783374974}, "geometry": {"type": "Point", "coordinates": [-113.52484385683924, 53.723395334697244]}}, {"type": "Feature", "properties": {"t": "2026-04-21T09:00:00+00:00Z", "z_m": 12.696460600411214}, "geometry": {"type": "Point", "coordinates": [-113.52380604912389, 53.726947227291255]}}, {"type": "Feature", "properties": {"t": "2026-04-21T09:00:00+00:00Z", "z_m": 6.871223220140142}, "geometry": {"type": "Point", "coordinates": [-113.52950771585634, 53.72791781250571]}}, {"type": "Feature", "properties": {"t": "2026-04-21T09:00:00+00:00Z", "z_m": 15.199656592272158}, "geometry": {"type": "Point", "coordinates": [-113.51091143562657, 53.72801494863382]}}, {"type": "Feature", "properties": {"t": "2026-04-21T09:00:00+00:00Z", "z_m": 8.289080390113867}, "geometry": {"type": "Point", "coordinates": [-113.5188121492405, 53.72772799252542]}}, {"type": "Feature", "properties": {"t": "2026-04-21T09:00:00+00:00Z", "z_m": 7.020461350912142}, "geometry": {"type": "Point", "coordinates": [-113.51086596209487, 53.72735616467703]}}, {"type": "Feature", "properties": {"t": "2026-04-21T09:00:00+00:00Z", "z_m": 4.118790719512932}, "geometry": {"type": "Point", "coordinates": [-113.5218412407452, 53.721412277135414]}}, {"type": "Feature", "properties": {"t": "2026-04-21T09:00:00+00:00Z", "z_m": 16.709732093014416}, "geometry": {"type": "Point", "coordinates": [-113.52706250597473, 53.72664803856635]}}, {"type": "Feature", "properties": {"t": "2026-04-21T09:00:00+00:00Z", "z_m": 2.0}, "geometry": {"type": "Point", "coordinates": [-113.52009882010888, 53.72543732540433]}}, {"type": "Feature", "properties": {"t": "2026-04-21T09:00:00+00:00Z", "z_m": 12.390352010387273}, "geometry": {"type": "Point", "coordinates": [-113.52537451036935, 53.7289174914907]}}, {"type": "Feature", "properties": {"t": "2026-04-21T09:00:00+00:00Z", "z_m": 3.1544081322107975}, "geometry": {"type": "Point", "coordinates": [-113.52046026606318, 53.72601667008973]}}, {"type": "Feature", "properties": {"t": "2026-04-21T09:00:00+00:00Z", "z_m": 9.335413332231704}, "geometry": {"type": "Point", "coordinates": [-113.53231468309392, 53.72099224123619]}}, {"type": "Feature", "properties": {"t": "2026-04-21T09:00:00+00:00Z", "z_m": 6.6682674837195535}, "geometry": {"type": "Point", "coordinates": [-113.52581352326449, 53.72430989838934]}}, {"type": "Feature", "properties": {"t": "2026-04-21T09:00:00+00:00Z", "z_m": 8.62568385714854}, "geometry": {"type": "Point", "coordinates": [-113.52008101289123, 53.72914398257569]}}, {"type": "Feature", "properties": {"t": "2026-04-21T09:00:00+00:00Z", "z_m": 14.068382672709344}, "geometry": {"type": "Point", "coordinates": [-113.53258200540019, 53.72178106330406]}}, {"type": "Feature", "properties": {"t": "2026-04-21T09:00:00+00:00Z", "z_m": 5.916700344765285}, "geometry": {"type": "Point", "coordinates": [-113.52982519700892, 53.72209860473877]}}, {"type": "Feature", "properties": {"t": "2026-04-21T09:00:00+00:00Z", "z_m": 12.035718989803758}, "geometry": {"type": "Point", "coordinates": [-113.52094175181178, 53.726568245672574]}}, {"type": "Feature", "properties": {"t": "2026-04-21T09:00:00+00:00Z", "z_m": 7.004294276521615}, "geometry": {"type": "Point", "coordinates": [-113.51775914263648, 53.72466093673744]}}, {"type": "Feature", "properties": {"t": "2026-04-21T09:00:00+00:00Z", "z_m": 14.689690116322659}, "geometry": {"type": "Point", "coordinates": [-113.52194716760117, 53.72809270861015]}}, {"type": "Feature", "properties": {"t": "2026-04-21T09:00:00+00:00Z", "z_m": 2.9528940397446584}, "geometry": {"type": "Point", "coordinates": [-113.52068938033406, 53.722413882195866]}}, {"type": "Feature", "properties": {"t": "2026-04-21T09:00:00+00:00Z", "z_m": 17.37929230709193}, "geometry": {"type": "Point", "coordinates": [-113.51805413486635, 53.72472579612234]}}, {"type": "Feature", "properties": {"t": "2026-04-21T09:00:00+00:00Z", "z_m": 7.93697984222953}, "geometry": {"type": "Point", "coordinates": [-113.52435452343644, 53.72453556376595]}}, {"type": "Feature", "properties": {"t": "2026-04-21T09:00:00+00:00Z", "z_m": 10.925355724528563}, "geometry": {"type": "Point", "coordinates": [-113.5219403173462, 53.725698182257545]}}, {"type": "Feature", "properties": {"t": "2026-04-21T09:00:00+00:00Z", "z_m": 7.856531827209214}, "geometry": {"type": "Point", "coordinates": [-113.5232777121981, 53.72635284095691]}}, {"type": "Feature", "properties": {"t": "2026-04-21T09:00:00+00:00Z", "z_m": 12.178829630798953}, "geometry": {"type": "Point", "coordinates": [-113.5291378025577, 53.72795407574369]}}, {"type": "Feature", "properties": {"t": "2026-04-21T09:00:00+00:00Z", "z_m": 14.675917316327574}, "geometry": {"type": "Point", "coordinates": [-113.52707341594517, 53.72958028008889]}}, {"type": "Feature", "properties": {"t": "2026-04-21T09:00:00+00:00Z", "z_m": 10.192107171677664}, "geometry": {"type": "Point", "coordinates": [-113.51853287266039, 53.72306197986212]}}, {"type": "Feature", "properties": {"t": "2026-04-21T09:00:00+00:00Z", "z_m": 2.77530761462915}, "geometry": {"type": "Point", "coordinates": [-113.5118373663639, 53.73072656263451]}}, {"type": "Feature", "properties": {"t": "2026-04-21T09:00:00+00:00Z", "z_m": 14.583331832193192}, "geometry": {"type": "Point", "coordinates": [-113.52284658998079, 53.72709619344212]}}, {"type": "Feature", "properties": {"t": "2026-04-21T09:00:00+00:00Z", "z_m": 7.530686542605121}, "geometry": {"type": "Point", "coordinates": [-113.51924841976506, 53.724810470952]}}, {"type": "Feature", "properties": {"t": "2026-04-21T09:00:00+00:00Z", "z_m": 4.510862596515654}, "geometry": {"type": "Point", "coordinates": [-113.51906705802108, 53.72191286719481]}}, {"type": "Feature", "properties": {"t": "2026-04-21T09:00:00+00:00Z", "z_m": 6.555340557831076}, "geometry": {"type": "Point", "coordinates": [-113.52256302936979, 53.727591402258675]}}, {"type": "Feature", "properties": {"t": "2026-04-21T09:00:00+00:00Z", "z_m": 5.848867196896418}, "geometry": {"type": "Point", "coordinates": [-113.52858577274817, 53.728834111100085]}}, {"type": "Feature", "properties": {"t": "2026-04-21T09:00:00+00:00Z", "z_m": 11.517079360871918}, "geometry": {"type": "Point", "coordinates": [-113.51842613462381, 53.72800107618097]}}, {"type": "Feature", "properties": {"t": "2026-04-21T09:00:00+00:00Z", "z_m": 5.220410752895846}, "geometry": {"type": "Point", "coordinates": [-113.53497076614833, 53.72803410461813]}}, {"type": "Feature", "properties": {"t": "2026-04-21T09:00:00+00:00Z", "z_m": 12.241188193658358}, "geometry": {"type": "Point", "coordinates": [-113.51866165977518, 53.72976867762299]}}, {"type": "Feature", "properties": {"t": "2026-04-21T09:00:00+00:00Z", "z_m": 6.767926338671178}, "geometry": {"type": "Point", "coordinates": [-113.51291549449657, 53.729031899364934]}}, {"type": "Feature", "properties": {"t": "2026-04-21T09:00:00+00:00Z", "z_m": 4.119696512402957}, "geometry": {"type": "Point", "coordinates": [-113.51879502884958, 53.72256922643421]}}, {"type": "Feature", "properties": {"t": "2026-04-21T09:00:00+00:00Z", "z_m": 10.81333110080595}, "geometry": {"type": "Point", "coordinates": [-113.52305636117971, 53.72255344748869]}}, {"type": "Feature", "properties": {"t": "2026-04-21T09:00:00+00:00Z", "z_m": 10.882389374503589}, "geometry": {"type": "Point", "coordinates": [-113.5141705046241, 53.726967597496326]}}, {"type": "Feature", "properties": {"t": "2026-04-21T09:00:00+00:00Z", "z_m": 15.06770748354208}, "geometry": {"type": "Point", "coordinates": [-113.52254260717895, 53.72801219418348]}}, {"type": "Feature", "properties": {"t": "2026-04-21T08:55:00+00:00Z", "z_m": 8.64315963604198}, "geometry": {"type": "Point", "coordinates": [-113.51231717337085, 53.73171891042141]}}, {"type": "Feature", "properties": {"t": "2026-04-21T08:55:00+00:00Z", "z_m": 13.831871425281829}, "geometry": {"type": "Point", "coordinates": [-113.51883677202224, 53.73319041406523]}}, {"type": "Feature", "properties": {"t": "2026-04-21T08:55:00+00:00Z", "z_m": 7.486232810338079}, "geometry": {"type": "Point", "coordinates": [-113.51630042756878, 53.730087241573464]}}, {"type": "Feature", "properties": {"t": "2026-04-21T08:55:00+00:00Z", "z_m": 11.125282278495632}, "geometry": {"type": "Point", "coordinates": [-113.52247980991457, 53.73305649994715]}}, {"type": "Feature", "properties": {"t": "2026-04-21T08:55:00+00:00Z", "z_m": 6.12457845190505}, "geometry": {"type": "Point", "coordinates": [-113.51482154842851, 53.729794734506726]}}, {"type": "Feature", "properties": {"t": "2026-04-21T08:55:00+00:00Z", "z_m": 12.438714021465266}, "geometry": {"type": "Point", "coordinates": [-113.52284785358242, 53.726691153207845]}}, {"type": "Feature", "properties": {"t": "2026-04-21T08:55:00+00:00Z", "z_m": 11.84253158753443}, "geometry": {"type": "Point", "coordinates": [-113.52232721428996, 53.72784463995798]}}, {"type": "Feature", "properties": {"t": "2026-04-21T08:55:00+00:00Z", "z_m": 14.890908298968517}, "geometry": {"type": "Point", "coordinates": [-113.5236565625877, 53.73513692819508]}}, {"type": "Feature", "properties": {"t": "2026-04-21T08:55:00+00:00Z", "z_m": 17.07830559973454}, "geometry": {"type": "Point", "coordinates": [-113.51926080277865, 53.73402231210784]}}, {"type": "Feature", "properties": {"t": "2026-04-21T08:55:00+00:00Z", "z_m": 2.9470127192802176}, "geometry": {"type": "Point", "coordinates": [-113.52857885220337, 53.72532924931183]}}, {"type": "Feature", "properties": {"t": "2026-04-21T08:55:00+00:00Z", "z_m": 10.27514586130135}, "geometry": {"type": "Point", "coordinates": [-113.52759751068919, 53.729440498464186]}}, {"type": "Feature", "properties": {"t": "2026-04-21T08:55:00+00:00Z", "z_m": 8.175541162006171}, "geometry": {"type": "Point", "coordinates": [-113.53011167388195, 53.73171410965473]}}, {"type": "Feature", "properties": {"t": "2026-04-21T08:55:00+00:00Z", "z_m": 16.939863542450492}, "geometry": {"type": "Point", "coordinates": [-113.51516512976413, 53.73144324711101]}}, {"type": "Feature", "properties": {"t": "2026-04-21T08:55:00+00:00Z", "z_m": 10.665918752182156}, "geometry": {"type": "Point", "coordinates": [-113.51889715111548, 53.73170490889809]}}, {"type": "Feature", "properties": {"t": "2026-04-21T08:55:00+00:00Z", "z_m": 6.408837046474735}, "geometry": {"type": "Point", "coordinates": [-113.5125829404367, 53.729634973442636]}}, {"type": "Feature", "properties": {"t": "2026-04-21T08:55:00+00:00Z", "z_m": 4.756464049808313}, "geometry": {"type": "Point", "coordinates": [-113.5237028594134, 53.72438532883822]}}, {"type": "Feature", "properties": {"t": "2026-04-21T08:55:00+00:00Z", "z_m": 15.813244486101397}, "geometry": {"type": "Point", "coordinates": [-113.52951969953882, 53.72878803536275]}}, {"type": "Feature", "properties": {"t": "2026-04-21T08:55:00+00:00Z", "z_m": 2.924378415806535}, "geometry": {"type": "Point", "coordinates": [-113.52032556598165, 53.72829440693606]}}, {"type": "Feature", "properties": {"t": "2026-04-21T08:55:00+00:00Z", "z_m": 11.995361238122111}, "geometry": {"type": "Point", "coordinates": [-113.52673471619134, 53.732924522294745]}}, {"type": "Feature", "properties": {"t": "2026-04-21T08:55:00+00:00Z", "z_m": 2.0}, "geometry": {"type": "Point", "coordinates": [-113.52104679026496, 53.72892265105739]}}, {"type": "Feature", "properties": {"t": "2026-04-21T08:55:00+00:00Z", "z_m": 8.640633324503233}, "geometry": {"type": "Point", "coordinates": [-113.53519577112034, 53.72438495329015]}}, {"type": "Feature", "properties": {"t": "2026-04-21T08:55:00+00:00Z", "z_m": 5.75191530247592}, "geometry": {"type": "Point", "coordinates": [-113.53279479558827, 53.72660279200844]}}, {"type": "Feature", "properties": {"t": "2026-04-21T08:55:00+00:00Z", "z_m": 7.822001157386104}, "geometry": {"type": "Point", "coordinates": [-113.52098949962922, 53.73369855079782]}}, {"type": "Feature", "properties": {"t": "2026-04-21T08:55:00+00:00Z", "z_m": 14.149115623622338}, "geometry": {"type": "Point", "coordinates": [-113.535681000041, 53.72582342824816]}}, {"type": "Feature", "properties": {"t": "2026-04-21T08:55:00+00:00Z", "z_m": 9.508533090900789}, "geometry": {"type": "Point", "coordinates": [-113.53234488900893, 53.725015891916364]}}, {"type": "Feature", "properties": {"t": "2026-04-21T08:55:00+00:00Z", "z_m": 16.062426627467566}, "geometry": {"type": "Point", "coordinates": [-113.52350880283414, 53.729729590303265]}}, {"type": "Feature", "properties": {"t": "2026-04-21T08:55:00+00:00Z", "z_m": 6.774695485092114}, "geometry": {"type": "Point", "coordinates": [-113.51836458638924, 53.72731694792361]}}, {"type": "Feature", "properties": {"t": "2026-04-21T08:55:00+00:00Z", "z_m": 14.772412031333632}, "geometry": {"type": "Point", "coordinates": [-113.52240496235358, 53.73083625908164]}}, {"type": "Feature", "properties": {"t": "2026-04-21T08:55:00+00:00Z", "z_m": 2.405164722371425}, "geometry": {"type": "Point", "coordinates": [-113.5205373067916, 53.726119564241124]}}, {"type": "Feature", "properties": {"t": "2026-04-21T08:55:00+00:00Z", "z_m": 16.11894423051533}, "geometry": {"type": "Point", "coordinates": [-113.5188123317757, 53.728448018508715]}}, {"type": "Feature", "properties": {"t": "2026-04-21T08:55:00+00:00Z", "z_m": 7.104399884060838}, "geometry": {"type": "Point", "coordinates": [-113.52772016087262, 53.72760882354688]}}, {"type": "Feature", "properties": {"t": "2026-04-21T08:55:00+00:00Z", "z_m": 9.638326917804775}, "geometry": {"type": "Point", "coordinates": [-113.52161913654483, 53.72918088936477]}}, {"type": "Feature", "properties": {"t": "2026-04-21T08:55:00+00:00Z", "z_m": 8.889186844440212}, "geometry": {"type": "Point", "coordinates": [-113.52574830414635, 53.728518084768204]}}, {"type": "Feature", "properties": {"t": "2026-04-21T08:55:00+00:00Z", "z_m": 13.21089779209175}, "geometry": {"type": "Point", "coordinates": [-113.53238414382466, 53.73004434781473]}}, {"type": "Feature", "properties": {"t": "2026-04-21T08:55:00+00:00Z", "z_m": 14.877612916788557}, "geometry": {"type": "Point", "coordinates": [-113.52924772998297, 53.73250363731462]}}, {"type": "Feature", "properties": {"t": "2026-04-21T08:55:00+00:00Z", "z_m": 6.584174328619202}, "geometry": {"type": "Point", "coordinates": [-113.52004024897309, 53.72617606072423]}}, {"type": "Feature", "properties": {"t": "2026-04-21T08:55:00+00:00Z", "z_m": 4.3924492403826365}, "geometry": {"type": "Point", "coordinates": [-113.51442229189949, 53.73355589942909]}}, {"type": "Feature", "properties": {"t": "2026-04-21T08:55:00+00:00Z", "z_m": 14.22148516863444}, "geometry": {"type": "Point", "coordinates": [-113.52448895662238, 53.72854164832367]}}, {"type": "Feature", "properties": {"t": "2026-04-21T08:55:00+00:00Z", "z_m": 7.197829795709967}, "geometry": {"type": "Point", "coordinates": [-113.52088886023228, 53.727807317088285]}}, {"type": "Feature", "properties": {"t": "2026-04-21T08:55:00+00:00Z", "z_m": 3.726809982717672}, "geometry": {"type": "Point", "coordinates": [-113.5206644626442, 53.72459853730064]}}, {"type": "Feature", "properties": {"t": "2026-04-21T08:55:00+00:00Z", "z_m": 5.516332410649535}, "geometry": {"type": "Point", "coordinates": [-113.52241745229507, 53.73141706573084]}}, {"type": "Feature", "properties": {"t": "2026-04-21T08:55:00+00:00Z", "z_m": 3.84064979052571}, "geometry": {"type": "Point", "coordinates": [-113.52894171002602, 53.73161350183396]}}, {"type": "Feature", "properties": {"t": "2026-04-21T08:55:00+00:00Z", "z_m": 13.20433078968483}, "geometry": {"type": "Point", "coordinates": [-113.51913635008516, 53.73116846057547]}}, {"type": "Feature", "properties": {"t": "2026-04-21T08:55:00+00:00Z", "z_m": 8.553685394263146}, "geometry": {"type": "Point", "coordinates": [-113.53822700049447, 53.73148677613775]}}, {"type": "Feature", "properties": {"t": "2026-04-21T08:55:00+00:00Z", "z_m": 10.67677894729416}, "geometry": {"type": "Point", "coordinates": [-113.52013030191644, 53.73281440024561]}}, {"type": "Feature", "properties": {"t": "2026-04-21T08:55:00+00:00Z", "z_m": 7.4053655651463135}, "geometry": {"type": "Point", "coordinates": [-113.51434414336049, 53.73307277241641]}}, {"type": "Feature", "properties": {"t": "2026-04-21T08:55:00+00:00Z", "z_m": 4.876934282687843}, "geometry": {"type": "Point", "coordinates": [-113.5226648674069, 53.72522333697992]}}, {"type": "Feature", "properties": {"t": "2026-04-21T08:55:00+00:00Z", "z_m": 8.788280461982085}, "geometry": {"type": "Point", "coordinates": [-113.5265480955993, 53.72516217943282]}}, {"type": "Feature", "properties": {"t": "2026-04-21T08:55:00+00:00Z", "z_m": 8.625798422456494}, "geometry": {"type": "Point", "coordinates": [-113.51627211777158, 53.73051113583875]}}, {"type": "Feature", "properties": {"t": "2026-04-21T08:55:00+00:00Z", "z_m": 13.856574405727635}, "geometry": {"type": "Point", "coordinates": [-113.52099287753036, 53.73061481446594]}}, {"type": "Feature", "properties": {"t": "2026-04-21T08:50:00+00:00Z", "z_m": 8.04817768268873}, "geometry": {"type": "Point", "coordinates": [-113.51565505088593, 53.73484631627966]}}, {"type": "Feature", "properties": {"t": "2026-04-21T08:50:00+00:00Z", "z_m": 16.3574805941714}, "geometry": {"type": "Point", "coordinates": [-113.52136638601763, 53.73601851853519]}}, {"type": "Feature", "properties": {"t": "2026-04-21T08:50:00+00:00Z", "z_m": 11.807397946306557}, "geometry": {"type": "Point", "coordinates": [-113.5209467772754, 53.73442611610718]}}, {"type": "Feature", "properties": {"t": "2026-04-21T08:50:00+00:00Z", "z_m": 12.152554151734044}, "geometry": {"type": "Point", "coordinates": [-113.52597495097541, 53.735533725432994]}}, {"type": "Feature", "properties": {"t": "2026-04-21T08:50:00+00:00Z", "z_m": 3.550935976505059}, "geometry": {"type": "Point", "coordinates": [-113.51545445126425, 53.73387557803316]}}, {"type": "Feature", "properties": {"t": "2026-04-21T08:50:00+00:00Z", "z_m": 12.890451834294751}, "geometry": {"type": "Point", "coordinates": [-113.52301553672515, 53.72915217501928]}}, {"type": "Feature", "properties": {"t": "2026-04-21T08:50:00+00:00Z", "z_m": 14.333949551143617}, "geometry": {"type": "Point", "coordinates": [-113.52394877818841, 53.72934004046713]}}, {"type": "Feature", "properties": {"t": "2026-04-21T08:50:00+00:00Z", "z_m": 11.560089278809283}, "geometry": {"type": "Point", "coordinates": [-113.52574505943508, 53.73893371969807]}}, {"type": "Feature", "properties": {"t": "2026-04-21T08:50:00+00:00Z", "z_m": 17.57451326233247}, "geometry": {"type": "Point", "coordinates": [-113.52305233503135, 53.73645254058041]}}, {"type": "Feature", "properties": {"t": "2026-04-21T08:50:00+00:00Z", "z_m": 5.0189383793895095}, "geometry": {"type": "Point", "coordinates": [-113.53074022040676, 53.72767003161542]}}, {"type": "Feature", "properties": {"t": "2026-04-21T08:50:00+00:00Z", "z_m": 8.825281097915504}, "geometry": {"type": "Point", "coordinates": [-113.53063199243542, 53.732434918288675]}}, {"type": "Feature", "properties": {"t": "2026-04-21T08:50:00+00:00Z", "z_m": 6.23613498243526}, "geometry": {"type": "Point", "coordinates": [-113.5345770133584, 53.73553505903551]}}, {"type": "Feature", "properties": {"t": "2026-04-21T08:50:00+00:00Z", "z_m": 14.765630492698252}, "geometry": {"type": "Point", "coordinates": [-113.51689250823247, 53.73576338507095]}}, {"type": "Feature", "properties": {"t": "2026-04-21T08:50:00+00:00Z", "z_m": 12.126107747004843}, "geometry": {"type": "Point", "coordinates": [-113.52214312723638, 53.73530255593163]}}, {"type": "Feature", "properties": {"t": "2026-04-21T08:50:00+00:00Z", "z_m": 8.381128788137936}, "geometry": {"type": "Point", "coordinates": [-113.51524773669854, 53.73189859791642]}}, {"type": "Feature", "properties": {"t": "2026-04-21T08:50:00+00:00Z", "z_m": 3.8985301267253676}, "geometry": {"type": "Point", "coordinates": [-113.52434292994835, 53.72815812548403]}}, {"type": "Feature", "properties": {"t": "2026-04-21T08:50:00+00:00Z", "z_m": 15.99236451418995}, "geometry": {"type": "Point", "coordinates": [-113.52922218853817, 53.73144899151988]}}, {"type": "Feature", "properties": {"t": "2026-04-21T08:50:00+00:00Z", "z_m": 2.0}, "geometry": {"type": "Point", "coordinates": [-113.52117217775807, 53.73107349057161]}}, {"type": "Feature", "properties": {"t": "2026-04-21T08:50:00+00:00Z", "z_m": 13.236582616580005}, "geometry": {"type": "Point", "coordinates": [-113.53057756846556, 53.73557509651751]}}, {"type": "Feature", "properties": {"t": "2026-04-21T08:50:00+00:00Z", "z_m": 3.9177850488853494}, "geometry": {"type": "Point", "coordinates": [-113.52331838128606, 53.73284178283981]}}, {"type": "Feature", "properties": {"t": "2026-04-21T08:50:00+00:00Z", "z_m": 10.603903856000514}, "geometry": {"type": "Point", "coordinates": [-113.53665477820965, 53.726541838996646]}}, {"type": "Feature", "properties": {"t": "2026-04-21T08:50:00+00:00Z", "z_m": 4.575041007422887}, "geometry": {"type": "Point", "coordinates": [-113.53841204297015, 53.72804827289466]}}, {"type": "Feature", "properties": {"t": "2026-04-21T08:50:00+00:00Z", "z_m": 8.90120126444852}, "geometry": {"type": "Point", "coordinates": [-113.52327620932971, 53.73617654257667]}}, {"type": "Feature", "properties": {"t": "2026-04-21T08:50:00+00:00Z", "z_m": 11.726560726886996}, "geometry": {"type": "Point", "coordinates": [-113.54005498833932, 53.72819444348059]}}, {"type": "Feature", "properties": {"t": "2026-04-21T08:50:00+00:00Z", "z_m": 10.062030705138108}, "geometry": {"type": "Point", "coordinates": [-113.53536073600173, 53.72719427089759]}}, {"type": "Feature", "properties": {"t": "2026-04-21T08:50:00+00:00Z", "z_m": 12.33401731885091}, "geometry": {"type": "Point", "coordinates": [-113.52650426908026, 53.734215297514645]}}, {"type": "Feature", "properties": {"t": "2026-04-21T08:50:00+00:00Z", "z_m": 5.403184702850598}, "geometry": {"type": "Point", "coordinates": [-113.52035959891339, 53.72992911349287]}}, {"type": "Feature", "properties": {"t": "2026-04-21T08:50:00+00:00Z", "z_m": 16.129353498365262}, "geometry": {"type": "Point", "coordinates": [-113.52526794383814, 53.735483999472414]}}, {"type": "Feature", "properties": {"t": "2026-04-21T08:50:00+00:00Z", "z_m": 3.721127419007677}, "geometry": {"type": "Point", "coordinates": [-113.52137097792912, 53.73072800694439]}}, {"type": "Feature", "properties": {"t": "2026-04-21T08:50:00+00:00Z", "z_m": 15.257321640942536}, "geometry": {"type": "Point", "coordinates": [-113.52155442429087, 53.732884512020455]}}, {"type": "Feature", "properties": {"t": "2026-04-21T08:50:00+00:00Z", "z_m": 9.672276490088386}, "geometry": {"type": "Point", "coordinates": [-113.53060299269532, 53.7299222721209]}}, {"type": "Feature", "properties": {"t": "2026-04-21T08:50:00+00:00Z", "z_m": 8.757571337190697}, "geometry": {"type": "Point", "coordinates": [-113.52379485125135, 53.73240151775828]}}, {"type": "Feature", "properties": {"t": "2026-04-21T08:50:00+00:00Z", "z_m": 9.053655739280027}, "geometry": {"type": "Point", "coordinates": [-113.5261106667268, 53.72941627451019]}}, {"type": "Feature", "properties": {"t": "2026-04-21T08:50:00+00:00Z", "z_m": 11.798436544627636}, "geometry": {"type": "Point", "coordinates": [-113.53659527522134, 53.73230113003013]}}, {"type": "Feature", "properties": {"t": "2026-04-21T08:50:00+00:00Z", "z_m": 12.879582300562214}, "geometry": {"type": "Point", "coordinates": [-113.5299215997553, 53.73657233436677]}}, {"type": "Feature", "properties": {"t": "2026-04-21T08:50:00+00:00Z", "z_m": 4.6255276664231495}, "geometry": {"type": "Point", "coordinates": [-113.52034087608966, 53.7301155850399]}}, {"type": "Feature", "properties": {"t": "2026-04-21T08:50:00+00:00Z", "z_m": 3.5351553248852206}, "geometry": {"type": "Point", "coordinates": [-113.51984496367768, 53.736994569480856]}}, {"type": "Feature", "properties": {"t": "2026-04-21T08:50:00+00:00Z", "z_m": 14.35812071462156}, "geometry": {"type": "Point", "coordinates": [-113.52281189562045, 53.73118192889252]}}, {"type": "Feature", "properties": {"t": "2026-04-21T08:50:00+00:00Z", "z_m": 8.215109944045674}, "geometry": {"type": "Point", "coordinates": [-113.52193154909779, 53.73020366609583]}}, {"type": "Feature", "properties": {"t": "2026-04-21T08:50:00+00:00Z", "z_m": 4.980149104908609}, "geometry": {"type": "Point", "coordinates": [-113.52047225252296, 53.72784252839669]}}, {"type": "Feature", "properties": {"t": "2026-04-21T08:50:00+00:00Z", "z_m": 6.493726570393944}, "geometry": {"type": "Point", "coordinates": [-113.52515322275613, 53.734747988248955]}}, {"type": "Feature", "properties": {"t": "2026-04-21T08:50:00+00:00Z", "z_m": 3.566764908808955}, "geometry": {"type": "Point", "coordinates": [-113.53029287871689, 53.73616877261549]}}, {"type": "Feature", "properties": {"t": "2026-04-21T08:50:00+00:00Z", "z_m": 13.572131689479697}, "geometry": {"type": "Point", "coordinates": [-113.52050009731914, 53.734592397633214]}}, {"type": "Feature", "properties": {"t": "2026-04-21T08:50:00+00:00Z", "z_m": 10.101188257436212}, "geometry": {"type": "Point", "coordinates": [-113.54198968093586, 53.734015387644206]}}, {"type": "Feature", "properties": {"t": "2026-04-21T08:50:00+00:00Z", "z_m": 7.794078895468592}, "geometry": {"type": "Point", "coordinates": [-113.52163742199248, 53.73569221409027]}}, {"type": "Feature", "properties": {"t": "2026-04-21T08:50:00+00:00Z", "z_m": 8.47727969029051}, "geometry": {"type": "Point", "coordinates": [-113.5182398148306, 53.73628985291885]}}, {"type": "Feature", "properties": {"t": "2026-04-21T08:50:00+00:00Z", "z_m": 6.137447747313291}, "geometry": {"type": "Point", "coordinates": [-113.52635888625844, 53.728266507278114]}}, {"type": "Feature", "properties": {"t": "2026-04-21T08:50:00+00:00Z", "z_m": 8.566073080419729}, "geometry": {"type": "Point", "coordinates": [-113.52881526712638, 53.728036429955246]}}, {"type": "Feature", "properties": {"t": "2026-04-21T08:50:00+00:00Z", "z_m": 8.713596314345416}, "geometry": {"type": "Point", "coordinates": [-113.51764849803051, 53.73328457238346]}}, {"type": "Feature", "properties": {"t": "2026-04-21T08:50:00+00:00Z", "z_m": 14.070663209476498}, "geometry": {"type": "Point", "coordinates": [-113.52295498077687, 53.73462142065651]}}, {"type": "Feature", "properties": {"t": "2026-04-21T08:45:00+00:00Z", "z_m": 8.208622842838128}, "geometry": {"type": "Point", "coordinates": [-113.51912709686773, 53.73696282458765]}}, {"type": "Feature", "properties": {"t": "2026-04-21T08:45:00+00:00Z", "z_m": 15.146436200972651}, "geometry": {"type": "Point", "coordinates": [-113.52589834139435, 53.737726057895046]}}, {"type": "Feature", "properties": {"t": "2026-04-21T08:45:00+00:00Z", "z_m": 11.74096848425036}, "geometry": {"type": "Point", "coordinates": [-113.52559426858961, 53.7359576121797]}}, {"type": "Feature", "properties": {"t": "2026-04-21T08:45:00+00:00Z", "z_m": 9.856358732213133}, "geometry": {"type": "Point", "coordinates": [-113.52736648234772, 53.739714985461156]}}, {"type": "Feature", "properties": {"t": "2026-04-21T08:45:00+00:00Z", "z_m": 7.7368974153276575}, "geometry": {"type": "Point", "coordinates": [-113.51548107029514, 53.73609310873897]}}, {"type": "Feature", "properties": {"t": "2026-04-21T08:45:00+00:00Z", "z_m": 12.81550476413154}, "geometry": {"type": "Point", "coordinates": [-113.52573800054714, 53.73091555087718]}}, {"type": "Feature", "properties": {"t": "2026-04-21T08:45:00+00:00Z", "z_m": 15.83307206369485}, "geometry": {"type": "Point", "coordinates": [-113.5272722583822, 53.73108757792303]}}, {"type": "Feature", "properties": {"t": "2026-04-21T08:45:00+00:00Z", "z_m": 13.14670099078246}, "geometry": {"type": "Point", "coordinates": [-113.52838291768755, 53.7395021571193]}}, {"type": "Feature", "properties": {"t": "2026-04-21T08:45:00+00:00Z", "z_m": 16.78484953070753}, "geometry": {"type": "Point", "coordinates": [-113.52694256526726, 53.73831656227626]}}, {"type": "Feature", "properties": {"t": "2026-04-21T08:45:00+00:00Z", "z_m": 5.66157369330748}, "geometry": {"type": "Point", "coordinates": [-113.53560656486577, 53.72906288317817]}}, {"type": "Feature", "properties": {"t": "2026-04-21T08:45:00+00:00Z", "z_m": 7.417908796250847}, "geometry": {"type": "Point", "coordinates": [-113.53146158102224, 53.736007453596336]}}, {"type": "Feature", "properties": {"t": "2026-04-21T08:45:00+00:00Z", "z_m": 4.374041653859643}, "geometry": {"type": "Point", "coordinates": [-113.5352344432391, 53.738700622618275]}}, {"type": "Feature", "properties": {"t": "2026-04-21T08:45:00+00:00Z", "z_m": 15.86302153975267}, "geometry": {"type": "Point", "coordinates": [-113.52201651857266, 53.73856872383206]}}, {"type": "Feature", "properties": {"t": "2026-04-21T08:45:00+00:00Z", "z_m": 12.331641034911202}, "geometry": {"type": "Point", "coordinates": [-113.52431903065902, 53.73786107096429]}}, {"type": "Feature", "properties": {"t": "2026-04-21T08:45:00+00:00Z", "z_m": 6.28328420884654}, "geometry": {"type": "Point", "coordinates": [-113.51443514110304, 53.735132816429704]}}, {"type": "Feature", "properties": {"t": "2026-04-21T08:45:00+00:00Z", "z_m": 4.004464686001732}, "geometry": {"type": "Point", "coordinates": [-113.52382711844625, 53.732372005382814]}}, {"type": "Feature", "properties": {"t": "2026-04-21T08:45:00+00:00Z", "z_m": 15.353879606604497}, "geometry": {"type": "Point", "coordinates": [-113.52831992764652, 53.735017953281826]}}, {"type": "Feature", "properties": {"t": "2026-04-21T08:45:00+00:00Z", "z_m": 2.6530416330110107}, "geometry": {"type": "Point", "coordinates": [-113.52338489895891, 53.73479878226965]}}, {"type": "Feature", "properties": {"t": "2026-04-21T08:45:00+00:00Z", "z_m": 13.860060660829717}, "geometry": {"type": "Point", "coordinates": [-113.53205674363416, 53.73788406930095]}}, {"type": "Feature", "properties": {"t": "2026-04-21T08:45:00+00:00Z", "z_m": 6.016879078942461}, "geometry": {"type": "Point", "coordinates": [-113.522144681374, 53.73675102282938]}}, {"type": "Feature", "properties": {"t": "2026-04-21T08:45:00+00:00Z", "z_m": 9.096611398049763}, "geometry": {"type": "Point", "coordinates": [-113.53842543520481, 53.72845819797716]}}, {"type": "Feature", "properties": {"t": "2026-04-21T08:45:00+00:00Z", "z_m": 4.231972462492525}, "geometry": {"type": "Point", "coordinates": [-113.5426846919224, 53.72989276074802]}}, {"type": "Feature", "properties": {"t": "2026-04-21T08:45:00+00:00Z", "z_m": 8.027334467070618}, "geometry": {"type": "Point", "coordinates": [-113.52601679265771, 53.73817842292965]}}, {"type": "Feature", "properties": {"t": "2026-04-21T08:45:00+00:00Z", "z_m": 11.515412105881365}, "geometry": {"type": "Point", "coordinates": [-113.54311827802833, 53.72998039494633]}}, {"type": "Feature", "properties": {"t": "2026-04-21T08:45:00+00:00Z", "z_m": 11.64510606848226}, "geometry": {"type": "Point", "coordinates": [-113.540550955633, 53.729234193605585]}}, {"type": "Feature", "properties": {"t": "2026-04-21T08:45:00+00:00Z", "z_m": 10.669257821395087}, "geometry": {"type": "Point", "coordinates": [-113.53123097793392, 53.73783947258666]}}, {"type": "Feature", "properties": {"t": "2026-04-21T08:45:00+00:00Z", "z_m": 5.217812163159772}, "geometry": {"type": "Point", "coordinates": [-113.51992235440929, 53.73308983098355]}}, {"type": "Feature", "properties": {"t": "2026-04-21T08:45:00+00:00Z", "z_m": 15.014217113932629}, "geometry": {"type": "Point", "coordinates": [-113.52820053956142, 53.73896736351495]}}, {"type": "Feature", "properties": {"t": "2026-04-21T08:45:00+00:00Z", "z_m": 3.9232009772515357}, "geometry": {"type": "Point", "coordinates": [-113.52078343259052, 53.7329894745758]}}, {"type": "Feature", "properties": {"t": "2026-04-21T08:45:00+00:00Z", "z_m": 15.53284664263332}, "geometry": {"type": "Point", "coordinates": [-113.52399704841785, 53.7372184996411]}}, {"type": "Feature", "properties": {"t": "2026-04-21T08:45:00+00:00Z", "z_m": 12.08523009375049}, "geometry": {"type": "Point", "coordinates": [-113.53060567654522, 53.732824900018116]}}, {"type": "Feature", "properties": {"t": "2026-04-21T08:45:00+00:00Z", "z_m": 7.680246940485843}, "geometry": {"type": "Point", "coordinates": [-113.5252080453027, 53.73599627927812]}}, {"type": "Feature", "properties": {"t": "2026-04-21T08:45:00+00:00Z", "z_m": 11.736541506500702}, "geometry": {"type": "Point", "coordinates": [-113.53044920949573, 53.732016168588935]}}, {"type": "Feature", "properties": {"t": "2026-04-21T08:45:00+00:00Z", "z_m": 13.445814735776297}, "geometry": {"type": "Point", "coordinates": [-113.5429434108997, 53.73410426015158]}}, {"type": "Feature", "properties": {"t": "2026-04-21T08:45:00+00:00Z", "z_m": 12.43641957163628}, "geometry": {"type": "Point", "coordinates": [-113.53150061935541, 53.740362736409594]}}, {"type": "Feature", "properties": {"t": "2026-04-21T08:45:00+00:00Z", "z_m": 5.3456708975506455}, "geometry": {"type": "Point", "coordinates": [-113.52154349258589, 53.73380057542823]}}, {"type": "Feature", "properties": {"t": "2026-04-21T08:45:00+00:00Z", "z_m": 3.703972648040887}, "geometry": {"type": "Point", "coordinates": [-113.52303507800416, 53.74093280193028]}}, {"type": "Feature", "properties": {"t": "2026-04-21T08:45:00+00:00Z", "z_m": 14.871269862124988}, "geometry": {"type": "Point", "coordinates": [-113.52214862792053, 53.73514439366479]}}, {"type": "Feature", "properties": {"t": "2026-04-21T08:45:00+00:00Z", "z_m": 9.976796286632704}, "geometry": {"type": "Point", "coordinates": [-113.52348584680333, 53.73320543726681]}}, {"type": "Feature", "properties": {"t": "2026-04-21T08:45:00+00:00Z", "z_m": 6.111463136334413}, "geometry": {"type": "Point", "coordinates": [-113.5217122011994, 53.73106023167709]}}, {"type": "Feature", "properties": {"t": "2026-04-21T08:45:00+00:00Z", "z_m": 7.382761383129705}, "geometry": {"type": "Point", "coordinates": [-113.52729778423613, 53.73803212889766]}}, {"type": "Feature", "properties": {"t": "2026-04-21T08:45:00+00:00Z", "z_m": 3.5668741746467125}, "geometry": {"type": "Point", "coordinates": [-113.53249615886683, 53.740182747841615]}}, {"type": "Feature", "properties": {"t": "2026-04-21T08:45:00+00:00Z", "z_m": 14.194718990293032}, "geometry": {"type": "Point", "coordinates": [-113.52368351932776, 53.73754967576153]}}, {"type": "Feature", "properties": {"t": "2026-04-21T08:45:00+00:00Z", "z_m": 10.379182087352126}, "geometry": {"type": "Point", "coordinates": [-113.54615203851867, 53.734897630388154]}}, {"type": "Feature", "properties": {"t": "2026-04-21T08:45:00+00:00Z", "z_m": 11.408490721512646}, "geometry": {"type": "Point", "coordinates": [-113.5258874507696, 53.73702654493605]}}, {"type": "Feature", "properties": {"t": "2026-04-21T08:45:00+00:00Z", "z_m": 7.859757215175902}, "geometry": {"type": "Point", "coordinates": [-113.52164269505084, 53.738632880335196]}}, {"type": "Feature", "properties": {"t": "2026-04-21T08:45:00+00:00Z", "z_m": 5.389910164411867}, "geometry": {"type": "Point", "coordinates": [-113.53224216945887, 53.72986352354063]}}, {"type": "Feature", "properties": {"t": "2026-04-21T08:45:00+00:00Z", "z_m": 8.521089322568221}, "geometry": {"type": "Point", "coordinates": [-113.5317407685483, 53.72944691989909]}}, {"type": "Feature", "properties": {"t": "2026-04-21T08:45:00+00:00Z", "z_m": 9.51304979015884}, "geometry": {"type": "Point", "coordinates": [-113.52080611137717, 53.73530521035881]}}, {"type": "Feature", "properties": {"t": "2026-04-21T08:45:00+00:00Z", "z_m": 14.874699076752766}, "geometry": {"type": "Point", "coordinates": [-113.5282866522165, 53.73622142564775]}}, {"type": "Feature", "properties": {"t": "2026-04-21T08:40:00+00:00Z", "z_m": 8.877110048890858}, "geometry": {"type": "Point", "coordinates": [-113.52241942146412, 53.740742041988085]}}, {"type": "Feature", "properties": {"t": "2026-04-21T08:40:00+00:00Z", "z_m": 14.225714039673761}, "geometry": {"type": "Point", "coordinates": [-113.52987880892998, 53.74023130295689]}}, {"type": "Feature", "properties": {"t": "2026-04-21T08:40:00+00:00Z", "z_m": 12.251096855689482}, "geometry": {"type": "Point", "coordinates": [-113.52614891855966, 53.739139322199264]}}, {"type": "Feature", "properties": {"t": "2026-04-21T08:40:00+00:00Z", "z_m": 7.315890113403586}, "geometry": {"type": "Point", "coordinates": [-113.52987878058836, 53.74208655478181]}}, {"type": "Feature", "properties": {"t": "2026-04-21T08:40:00+00:00Z", "z_m": 5.103714353137631}, "geometry": {"type": "Point", "coordinates": [-113.517797751797, 53.73884503681674]}}, {"type": "Feature", "properties": {"t": "2026-04-21T08:40:00+00:00Z", "z_m": 11.262568172261968}, "geometry": {"type": "Point", "coordinates": [-113.52733087069541, 53.73396380683195]}}, {"type": "Feature", "properties": {"t": "2026-04-21T08:40:00+00:00Z", "z_m": 14.977288553528252}, "geometry": {"type": "Point", "coordinates": [-113.52824796960923, 53.733516275490814]}}, {"type": "Feature", "properties": {"t": "2026-04-21T08:40:00+00:00Z", "z_m": 14.361806998536174}, "geometry": {"type": "Point", "coordinates": [-113.53179076838737, 53.740718299235006]}}, {"type": "Feature", "properties": {"t": "2026-04-21T08:40:00+00:00Z", "z_m": 15.720147007389487}, "geometry": {"type": "Point", "coordinates": [-113.53048556773443, 53.74072191912416]}}, {"type": "Feature", "properties": {"t": "2026-04-21T08:40:00+00:00Z", "z_m": 5.031667547953119}, "geometry": {"type": "Point", "coordinates": [-113.53917117864331, 53.73141092871277]}}, {"type": "Feature", "properties": {"t": "2026-04-21T08:40:00+00:00Z", "z_m": 7.687698215772254}, "geometry": {"type": "Point", "coordinates": [-113.53375261084382, 53.74018372143587]}}, {"type": "Feature", "properties": {"t": "2026-04-21T08:40:00+00:00Z", "z_m": 2.3250632739717902}, "geometry": {"type": "Point", "coordinates": [-113.53653178056224, 53.741505520965504]}}, {"type": "Feature", "properties": {"t": "2026-04-21T08:40:00+00:00Z", "z_m": 16.366658295843777}, "geometry": {"type": "Point", "coordinates": [-113.52685551167859, 53.74040739967599]}}, {"type": "Feature", "properties": {"t": "2026-04-21T08:40:00+00:00Z", "z_m": 13.04362022884179}, "geometry": {"type": "Point", "coordinates": [-113.52672522342161, 53.740866243309355]}}, {"type": "Feature", "properties": {"t": "2026-04-21T08:40:00+00:00Z", "z_m": 5.117966128180614}, "geometry": {"type": "Point", "coordinates": [-113.51456715647127, 53.737859646092616]}}, {"type": "Feature", "properties": {"t": "2026-04-21T08:40:00+00:00Z", "z_m": 5.108420031901415}, "geometry": {"type": "Point", "coordinates": [-113.52556688870887, 53.73500223110381]}}, {"type": "Feature", "properties": {"t": "2026-04-21T08:40:00+00:00Z", "z_m": 13.969433845867353}, "geometry": {"type": "Point", "coordinates": [-113.53022729428294, 53.73850109511105]}}, {"type": "Feature", "properties": {"t": "2026-04-21T08:40:00+00:00Z", "z_m": 2.270417234265209}, "geometry": {"type": "Point", "coordinates": [-113.52553434799331, 53.738788248846305]}}, {"type": "Feature", "properties": {"t": "2026-04-21T08:40:00+00:00Z", "z_m": 13.866605018893413}, "geometry": {"type": "Point", "coordinates": [-113.53401916756941, 53.74146708044992]}}, {"type": "Feature", "properties": {"t": "2026-04-21T08:40:00+00:00Z", "z_m": 4.715888600062319}, "geometry": {"type": "Point", "coordinates": [-113.52464334635108, 53.73898933578431]}}, {"type": "Feature", "properties": {"t": "2026-04-21T08:40:00+00:00Z", "z_m": 8.816555260729242}, "geometry": {"type": "Point", "coordinates": [-113.54077524837128, 53.72985174703382]}}, {"type": "Feature", "properties": {"t": "2026-04-21T08:40:00+00:00Z", "z_m": 6.691741137125456}, "geometry": {"type": "Point", "coordinates": [-113.54472403969055, 53.73318797694547]}}, {"type": "Feature", "properties": {"t": "2026-04-21T08:40:00+00:00Z", "z_m": 9.857700031425432}, "geometry": {"type": "Point", "coordinates": [-113.52882021928014, 53.740777516147624]}}, {"type": "Feature", "properties": {"t": "2026-04-21T08:40:00+00:00Z", "z_m": 13.740271780160622}, "geometry": {"type": "Point", "coordinates": [-113.54572424221783, 53.73359734762727]}}, {"type": "Feature", "properties": {"t": "2026-04-21T08:40:00+00:00Z", "z_m": 6.691850234927715}, "geometry": {"type": "Point", "coordinates": [-113.54385743172853, 53.7318441545353]}}, {"type": "Feature", "properties": {"t": "2026-04-21T08:40:00+00:00Z", "z_m": 7.405585252356462}, "geometry": {"type": "Point", "coordinates": [-113.5353219960677, 53.741190786459136]}}, {"type": "Feature", "properties": {"t": "2026-04-21T08:40:00+00:00Z", "z_m": 6.143555190477528}, "geometry": {"type": "Point", "coordinates": [-113.51972127230641, 53.73580221510682]}}, {"type": "Feature", "properties": {"t": "2026-04-21T08:40:00+00:00Z", "z_m": 15.232478284137631}, "geometry": {"type": "Point", "coordinates": [-113.53259192286453, 53.743493891611756]}}, {"type": "Feature", "properties": {"t": "2026-04-21T08:40:00+00:00Z", "z_m": 2.0}, "geometry": {"type": "Point", "coordinates": [-113.52072379378365, 53.73558083075345]}}, {"type": "Feature", "properties": {"t": "2026-04-21T08:40:00+00:00Z", "z_m": 16.927460389630834}, "geometry": {"type": "Point", "coordinates": [-113.52663176449059, 53.74016366236936]}}, {"type": "Feature", "properties": {"t": "2026-04-21T08:40:00+00:00Z", "z_m": 11.56506427076345}, "geometry": {"type": "Point", "coordinates": [-113.53071924577465, 53.73723556105144]}}, {"type": "Feature", "properties": {"t": "2026-04-21T08:40:00+00:00Z", "z_m": 7.375187865031327}, "geometry": {"type": "Point", "coordinates": [-113.52787812299755, 53.73834500777987]}}, {"type": "Feature", "properties": {"t": "2026-04-21T08:40:00+00:00Z", "z_m": 11.61408320750974}, "geometry": {"type": "Point", "coordinates": [-113.53472778916709, 53.73504014471227]}}, {"type": "Feature", "properties": {"t": "2026-04-21T08:40:00+00:00Z", "z_m": 16.284946217630704}, "geometry": {"type": "Point", "coordinates": [-113.54488495997, 53.73615782813822]}}, {"type": "Feature", "properties": {"t": "2026-04-21T08:40:00+00:00Z", "z_m": 10.096417976489668}, "geometry": {"type": "Point", "coordinates": [-113.53354539013702, 53.74465439462727]}}, {"type": "Feature", "properties": {"t": "2026-04-21T08:40:00+00:00Z", "z_m": 7.317126328500297}, "geometry": {"type": "Point", "coordinates": [-113.52521641485087, 53.73608454284706]}}, {"type": "Feature", "properties": {"t": "2026-04-21T08:40:00+00:00Z", "z_m": 7.305243281344228}, "geometry": {"type": "Point", "coordinates": [-113.52818108895282, 53.74297036225765]}}, {"type": "Feature", "properties": {"t": "2026-04-21T08:40:00+00:00Z", "z_m": 13.652540843787556}, "geometry": {"type": "Point", "coordinates": [-113.52245586866995, 53.738253131988884]}}, {"type": "Feature", "properties": {"t": "2026-04-21T08:40:00+00:00Z", "z_m": 10.881244692533587}, "geometry": {"type": "Point", "coordinates": [-113.52397849370146, 53.7367038836295]}}, {"type": "Feature", "properties": {"t": "2026-04-21T08:40:00+00:00Z", "z_m": 4.953422430131445}, "geometry": {"type": "Point", "coordinates": [-113.52383866957082, 53.73420840419661]}}, {"type": "Feature", "properties": {"t": "2026-04-21T08:40:00+00:00Z", "z_m": 7.473520514816755}, "geometry": {"type": "Point", "coordinates": [-113.53016661469789, 53.740508228886924]}}, {"type": "Feature", "properties": {"t": "2026-04-21T08:40:00+00:00Z", "z_m": 2.0}, "geometry": {"type": "Point", "coordinates": [-113.53422380422465, 53.74279157845042]}}, {"type": "Feature", "properties": {"t": "2026-04-21T08:40:00+00:00Z", "z_m": 14.259429670563259}, "geometry": {"type": "Point", "coordinates": [-113.52758510393508, 53.73938499561436]}}, {"type": "Feature", "properties": {"t": "2026-04-21T08:40:00+00:00Z", "z_m": 13.599569048573233}, "geometry": {"type": "Point", "coordinates": [-113.54644405761216, 53.738428240579395]}}, {"type": "Feature", "properties": {"t": "2026-04-21T08:40:00+00:00Z", "z_m": 11.677243013305135}, "geometry": {"type": "Point", "coordinates": [-113.52975694658997, 53.74131286743488]}}, {"type": "Feature", "properties": {"t": "2026-04-21T08:40:00+00:00Z", "z_m": 7.631921464599206}, "geometry": {"type": "Point", "coordinates": [-113.5277885988594, 53.742085481686516]}}, {"type": "Feature", "properties": {"t": "2026-04-21T08:40:00+00:00Z", "z_m": 3.743103371812661}, "geometry": {"type": "Point", "coordinates": [-113.53111425150243, 53.73319518971637]}}, {"type": "Feature", "properties": {"t": "2026-04-21T08:40:00+00:00Z", "z_m": 8.865467933432296}, "geometry": {"type": "Point", "coordinates": [-113.53593873134314, 53.73183212407613]}}, {"type": "Feature", "properties": {"t": "2026-04-21T08:40:00+00:00Z", "z_m": 9.997832736712489}, "geometry": {"type": "Point", "coordinates": [-113.52682935496384, 53.736553365063145]}}, {"type": "Feature", "properties": {"t": "2026-04-21T08:40:00+00:00Z", "z_m": 17.029886275327172}, "geometry": {"type": "Point", "coordinates": [-113.53063340842833, 53.73830214265379]}}, {"type": "Feature", "properties": {"t": "2026-04-21T08:35:00+00:00Z", "z_m": 6.7520931481024835}, "geometry": {"type": "Point", "coordinates": [-113.52791019068376, 53.74231806857681]}}, {"type": "Feature", "properties": {"t": "2026-04-21T08:35:00+00:00Z", "z_m": 15.30162502992127}, "geometry": {"type": "Point", "coordinates": [-113.5321974358215, 53.74366217300781]}}, {"type": "Feature", "properties": {"t": "2026-04-21T08:35:00+00:00Z", "z_m": 11.871347123929347}, "geometry": {"type": "Point", "coordinates": [-113.53113946692537, 53.74186756035975]}}, {"type": "Feature", "properties": {"t": "2026-04-21T08:35:00+00:00Z", "z_m": 7.840941104660508}, "geometry": {"type": "Point", "coordinates": [-113.53162103934638, 53.7455035450607]}}, {"type": "Feature", "properties": {"t": "2026-04-21T08:35:00+00:00Z", "z_m": 5.403444391929541}, "geometry": {"type": "Point", "coordinates": [-113.52185723241618, 53.740243671297144]}}, {"type": "Feature", "properties": {"t": "2026-04-21T08:35:00+00:00Z", "z_m": 9.309114806187102}, "geometry": {"type": "Point", "coordinates": [-113.5266284069292, 53.73690930823002]}}, {"type": "Feature", "properties": {"t": "2026-04-21T08:35:00+00:00Z", "z_m": 15.632266715137046}, "geometry": {"type": "Point", "coordinates": [-113.52992886231876, 53.73783933408586]}}, {"type": "Feature", "properties": {"t": "2026-04-21T08:35:00+00:00Z", "z_m": 12.799186320055707}, "geometry": {"type": "Point", "coordinates": [-113.5356336980682, 53.74386182096558]}}, {"type": "Feature", "properties": {"t": "2026-04-21T08:35:00+00:00Z", "z_m": 16.065027416706954}, "geometry": {"type": "Point", "coordinates": [-113.53344668422142, 53.7441743970398]}}, {"type": "Feature", "properties": {"t": "2026-04-21T08:35:00+00:00Z", "z_m": 4.7947768886334305}, "geometry": {"type": "Point", "coordinates": [-113.54280091574685, 53.733170832237434]}}, {"type": "Feature", "properties": {"t": "2026-04-21T08:35:00+00:00Z", "z_m": 5.814015838854322}, "geometry": {"type": "Point", "coordinates": [-113.53530582733696, 53.744729587457286]}}, {"type": "Feature", "properties": {"t": "2026-04-21T08:35:00+00:00Z", "z_m": 2.4450106958345015}, "geometry": {"type": "Point", "coordinates": [-113.53699000884846, 53.745633032804236]}}, {"type": "Feature", "properties": {"t": "2026-04-21T08:35:00+00:00Z", "z_m": 15.762469720149404}, "geometry": {"type": "Point", "coordinates": [-113.52927993413651, 53.742230603547966]}}, {"type": "Feature", "properties": {"t": "2026-04-21T08:35:00+00:00Z", "z_m": 11.366058295291923}, "geometry": {"type": "Point", "coordinates": [-113.52980011106055, 53.74247829291455]}}, {"type": "Feature", "properties": {"t": "2026-04-21T08:35:00+00:00Z", "z_m": 3.1176311097384124}, "geometry": {"type": "Point", "coordinates": [-113.5202300329645, 53.74067672958596]}}, {"type": "Feature", "properties": {"t": "2026-04-21T08:35:00+00:00Z", "z_m": 4.011346370114064}, "geometry": {"type": "Point", "coordinates": [-113.52621144553855, 53.738078804455725]}}, {"type": "Feature", "properties": {"t": "2026-04-21T08:35:00+00:00Z", "z_m": 12.183395523960588}, "geometry": {"type": "Point", "coordinates": [-113.53574487635403, 53.74242690633476]}}, {"type": "Feature", "properties": {"t": "2026-04-21T08:35:00+00:00Z", "z_m": 2.0}, "geometry": {"type": "Point", "coordinates": [-113.52986156304246, 53.74124918429173]}}, {"type": "Feature", "properties": {"t": "2026-04-21T08:35:00+00:00Z", "z_m": 12.039460812212512}, "geometry": {"type": "Point", "coordinates": [-113.53509633257596, 53.74493838680218]}}, {"type": "Feature", "properties": {"t": "2026-04-21T08:35:00+00:00Z", "z_m": 6.584581453598663}, "geometry": {"type": "Point", "coordinates": [-113.52905630773088, 53.74167254137747]}}, {"type": "Feature", "properties": {"t": "2026-04-21T08:35:00+00:00Z", "z_m": 9.469275792963204}, "geometry": {"type": "Point", "coordinates": [-113.54590266005052, 53.73154421114011]}}, {"type": "Feature", "properties": {"t": "2026-04-21T08:35:00+00:00Z", "z_m": 5.182734978666012}, "geometry": {"type": "Point", "coordinates": [-113.54753823430866, 53.73609725773817]}}, {"type": "Feature", "properties": {"t": "2026-04-21T08:35:00+00:00Z", "z_m": 12.150378638835154}, "geometry": {"type": "Point", "coordinates": [-113.5325867390827, 53.74415333994743]}}, {"type": "Feature", "properties": {"t": "2026-04-21T08:35:00+00:00Z", "z_m": 17.862310246257742}, "geometry": {"type": "Point", "coordinates": [-113.54765959420882, 53.736942650879186]}}, {"type": "Feature", "properties": {"t": "2026-04-21T08:35:00+00:00Z", "z_m": 6.822867631228066}, "geometry": {"type": "Point", "coordinates": [-113.54711691525064, 53.73506748211303]}}, {"type": "Feature", "properties": {"t": "2026-04-21T08:35:00+00:00Z", "z_m": 7.136507031125621}, "geometry": {"type": "Point", "coordinates": [-113.53811376836792, 53.744473421425305]}}, {"type": "Feature", "properties": {"t": "2026-04-21T08:35:00+00:00Z", "z_m": 8.86595548733648}, "geometry": {"type": "Point", "coordinates": [-113.52283189840205, 53.73865301955545]}}, {"type": "Feature", "properties": {"t": "2026-04-21T08:35:00+00:00Z", "z_m": 18.084048600734416}, "geometry": {"type": "Point", "coordinates": [-113.53593633920987, 53.747145870817164]}}, {"type": "Feature", "properties": {"t": "2026-04-21T08:35:00+00:00Z", "z_m": 4.269493948351952}, "geometry": {"type": "Point", "coordinates": [-113.52558737938504, 53.737243455185634]}}, {"type": "Feature", "properties": {"t": "2026-04-21T08:35:00+00:00Z", "z_m": 16.64998114819822}, "geometry": {"type": "Point", "coordinates": [-113.5288281399407, 53.74321587378093]}}, {"type": "Feature", "properties": {"t": "2026-04-21T08:35:00+00:00Z", "z_m": 11.724124958913734}, "geometry": {"type": "Point", "coordinates": [-113.53162901116433, 53.74078264809311]}}, {"type": "Feature", "properties": {"t": "2026-04-21T08:35:00+00:00Z", "z_m": 5.9799877207617}, "geometry": {"type": "Point", "coordinates": [-113.52986482320324, 53.739857758513295]}}, {"type": "Feature", "properties": {"t": "2026-04-21T08:35:00+00:00Z", "z_m": 9.927896612174598}, "geometry": {"type": "Point", "coordinates": [-113.5380240026801, 53.73818429337233]}}, {"type": "Feature", "properties": {"t": "2026-04-21T08:35:00+00:00Z", "z_m": 14.405726294008678}, "geometry": {"type": "Point", "coordinates": [-113.54638130719144, 53.73932384058012]}}, {"type": "Feature", "properties": {"t": "2026-04-21T08:35:00+00:00Z", "z_m": 9.421551402799388}, "geometry": {"type": "Point", "coordinates": [-113.53672178216759, 53.747451726750455]}}, {"type": "Feature", "properties": {"t": "2026-04-21T08:35:00+00:00Z", "z_m": 7.198021450897664}, "geometry": {"type": "Point", "coordinates": [-113.52762644822033, 53.74041440480692]}}, {"type": "Feature", "properties": {"t": "2026-04-21T08:35:00+00:00Z", "z_m": 4.4439773790696755}, "geometry": {"type": "Point", "coordinates": [-113.53072712353101, 53.74545157104629]}}, {"type": "Feature", "properties": {"t": "2026-04-21T08:35:00+00:00Z", "z_m": 16.549649106030987}, "geometry": {"type": "Point", "coordinates": [-113.52548706168525, 53.74049860483076]}}, {"type": "Feature", "properties": {"t": "2026-04-21T08:35:00+00:00Z", "z_m": 14.06927866522063}, "geometry": {"type": "Point", "coordinates": [-113.52556020561413, 53.739005051253265]}}, {"type": "Feature", "properties": {"t": "2026-04-21T08:35:00+00:00Z", "z_m": 4.85139777593529}, "geometry": {"type": "Point", "coordinates": [-113.52640603981666, 53.73610731509354]}}, {"type": "Feature", "properties": {"t": "2026-04-21T08:35:00+00:00Z", "z_m": 4.838584900572359}, "geometry": {"type": "Point", "coordinates": [-113.53289119589921, 53.744148717751486]}}, {"type": "Feature", "properties": {"t": "2026-04-21T08:35:00+00:00Z", "z_m": 2.0891531170278324}, "geometry": {"type": "Point", "coordinates": [-113.53402551021313, 53.74565566930498]}}, {"type": "Feature", "properties": {"t": "2026-04-21T08:35:00+00:00Z", "z_m": 13.049602030567979}, "geometry": {"type": "Point", "coordinates": [-113.5315769245342, 53.740990017921085]}}, {"type": "Feature", "properties": {"t": "2026-04-21T08:35:00+00:00Z", "z_m": 15.282556371121252}, "geometry": {"type": "Point", "coordinates": [-113.5483190286394, 53.74217090249712]}}, {"type": "Feature", "properties": {"t": "2026-04-21T08:35:00+00:00Z", "z_m": 8.79426419160353}, "geometry": {"type": "Point", "coordinates": [-113.53351018144929, 53.74444675197518]}}, {"type": "Feature", "properties": {"t": "2026-04-21T08:35:00+00:00Z", "z_m": 7.3239716971249305}, "geometry": {"type": "Point", "coordinates": [-113.53136458719078, 53.74422386011781]}}, {"type": "Feature", "properties": {"t": "2026-04-21T08:35:00+00:00Z", "z_m": 5.916707612897969}, "geometry": {"type": "Point", "coordinates": [-113.53367926692147, 53.73549216519517]}}, {"type": "Feature", "properties": {"t": "2026-04-21T08:35:00+00:00Z", "z_m": 12.07067730878918}, "geometry": {"type": "Point", "coordinates": [-113.53926864193193, 53.732386927454776]}}, {"type": "Feature", "properties": {"t": "2026-04-21T08:35:00+00:00Z", "z_m": 11.904916139640212}, "geometry": {"type": "Point", "coordinates": [-113.52766927674779, 53.73991381763376]}}, {"type": "Feature", "properties": {"t": "2026-04-21T08:35:00+00:00Z", "z_m": 19.73718258257577}, "geometry": {"type": "Point", "coordinates": [-113.53336398557873, 53.741263903905555]}}, {"type": "Feature", "properties": {"t": "2026-04-21T08:30:00+00:00Z", "z_m": 5.117023011003134}, "geometry": {"type": "Point", "coordinates": [-113.5316617455877, 53.746767373663744]}}, {"type": "Feature", "properties": {"t": "2026-04-21T08:30:00+00:00Z", "z_m": 14.65515386696218}, "geometry": {"type": "Point", "coordinates": [-113.53591171354422, 53.74655056737324]}}, {"type": "Feature", "properties": {"t": "2026-04-21T08:30:00+00:00Z", "z_m": 11.587236818813372}, "geometry": {"type": "Point", "coordinates": [-113.53517841138616, 53.74585483491595]}}, {"type": "Feature", "properties": {"t": "2026-04-21T08:30:00+00:00Z", "z_m": 8.429698711296565}, "geometry": {"type": "Point", "coordinates": [-113.53264320481037, 53.74850043048812]}}, {"type": "Feature", "properties": {"t": "2026-04-21T08:30:00+00:00Z", "z_m": 5.281331245589248}, "geometry": {"type": "Point", "coordinates": [-113.52731587137455, 53.74257951055973]}}, {"type": "Feature", "properties": {"t": "2026-04-21T08:30:00+00:00Z", "z_m": 10.069760862596889}, "geometry": {"type": "Point", "coordinates": [-113.52909110204189, 53.74028565961515]}}, {"type": "Feature", "properties": {"t": "2026-04-21T08:30:00+00:00Z", "z_m": 17.241837764104844}, "geometry": {"type": "Point", "coordinates": [-113.5334844344963, 53.74135630340992]}}, {"type": "Feature", "properties": {"t": "2026-04-21T08:30:00+00:00Z", "z_m": 15.86872912194965}, "geometry": {"type": "Point", "coordinates": [-113.53734857058447, 53.74704975176181]}}, {"type": "Feature", "properties": {"t": "2026-04-21T08:30:00+00:00Z", "z_m": 16.601001618582202}, "geometry": {"type": "Point", "coordinates": [-113.53562051363726, 53.74770215456878]}}, {"type": "Feature", "properties": {"t": "2026-04-21T08:30:00+00:00Z", "z_m": 5.058629252465554}, "geometry": {"type": "Point", "coordinates": [-113.54691769505, 53.73314998258299]}}, {"type": "Feature", "properties": {"t": "2026-04-21T08:30:00+00:00Z", "z_m": 11.416689182294231}, "geometry": {"type": "Point", "coordinates": [-113.53705610958788, 53.747780454761156]}}, {"type": "Feature", "properties": {"t": "2026-04-21T08:30:00+00:00Z", "z_m": 2.9588585436330526}, "geometry": {"type": "Point", "coordinates": [-113.53742782091888, 53.74945694318104]}}, {"type": "Feature", "properties": {"t": "2026-04-21T08:30:00+00:00Z", "z_m": 17.45203734533212}, "geometry": {"type": "Point", "coordinates": [-113.53084042410113, 53.74444697997953]}}, {"type": "Feature", "properties": {"t": "2026-04-21T08:30:00+00:00Z", "z_m": 11.21543099619086}, "geometry": {"type": "Point", "coordinates": [-113.53191467600786, 53.744893514774006]}}, {"type": "Feature", "properties": {"t": "2026-04-21T08:30:00+00:00Z", "z_m": 3.246885969910375}, "geometry": {"type": "Point", "coordinates": [-113.52292400522848, 53.74308826776958]}}, {"type": "Feature", "properties": {"t": "2026-04-21T08:30:00+00:00Z", "z_m": 3.994032611300028}, "geometry": {"type": "Point", "coordinates": [-113.53003894057959, 53.73966357145837]}}, {"type": "Feature", "properties": {"t": "2026-04-21T08:30:00+00:00Z", "z_m": 9.52032537309516}, "geometry": {"type": "Point", "coordinates": [-113.53685858041077, 53.74558026617927]}}, {"type": "Feature", "properties": {"t": "2026-04-21T08:30:00+00:00Z", "z_m": 2.0}, "geometry": {"type": "Point", "coordinates": [-113.53237906257556, 53.74282431761662]}}, {"type": "Feature", "properties": {"t": "2026-04-21T08:30:00+00:00Z", "z_m": 13.190685070304266}, "geometry": {"type": "Point", "coordinates": [-113.53684037453398, 53.749406565384184]}}, {"type": "Feature", "properties": {"t": "2026-04-21T08:30:00+00:00Z", "z_m": 9.000765147605012}, "geometry": {"type": "Point", "coordinates": [-113.53176554584132, 53.745544651372256]}}, {"type": "Feature", "properties": {"t": "2026-04-21T08:30:00+00:00Z", "z_m": 10.82059146522486}, "geometry": {"type": "Point", "coordinates": [-113.55021516948378, 53.733393118513405]}}, {"type": "Feature", "properties": {"t": "2026-04-21T08:30:00+00:00Z", "z_m": 10.887092643680278}, "geometry": {"type": "Point", "coordinates": [-113.5493716989249, 53.738695494484254]}}, {"type": "Feature", "properties": {"t": "2026-04-21T08:30:00+00:00Z", "z_m": 13.254452475193943}, "geometry": {"type": "Point", "coordinates": [-113.53397416796473, 53.74732456968438]}}, {"type": "Feature", "properties": {"t": "2026-04-21T08:30:00+00:00Z", "z_m": 20.0}, "geometry": {"type": "Point", "coordinates": [-113.54882346798966, 53.738972896935174]}}, {"type": "Feature", "properties": {"t": "2026-04-21T08:30:00+00:00Z", "z_m": 4.436050242668243}, "geometry": {"type": "Point", "coordinates": [-113.5464068950967, 53.737488413794054]}}, {"type": "Feature", "properties": {"t": "2026-04-21T08:30:00+00:00Z", "z_m": 7.165230361797541}, "geometry": {"type": "Point", "coordinates": [-113.53931700567489, 53.74604803463639]}}, {"type": "Feature", "properties": {"t": "2026-04-21T08:30:00+00:00Z", "z_m": 7.422117539673929}, "geometry": {"type": "Point", "coordinates": [-113.52612792444337, 53.74126869371762]}}, {"type": "Feature", "properties": {"t": "2026-04-21T08:30:00+00:00Z", "z_m": 15.450069067074384}, "geometry": {"type": "Point", "coordinates": [-113.53982086013751, 53.74986312433604]}}, {"type": "Feature", "properties": {"t": "2026-04-21T08:30:00+00:00Z", "z_m": 2.0}, "geometry": {"type": "Point", "coordinates": [-113.52765342086525, 53.73778853506151]}}, {"type": "Feature", "properties": {"t": "2026-04-21T08:30:00+00:00Z", "z_m": 16.752382783132102}, "geometry": {"type": "Point", "coordinates": [-113.53114845405115, 53.74686918323833]}}, {"type": "Feature", "properties": {"t": "2026-04-21T08:30:00+00:00Z", "z_m": 11.58701280597941}, "geometry": {"type": "Point", "coordinates": [-113.53297673633071, 53.74373402329925]}}, {"type": "Feature", "properties": {"t": "2026-04-21T08:30:00+00:00Z", "z_m": 5.211516992805429}, "geometry": {"type": "Point", "coordinates": [-113.53216201335844, 53.743072309658636]}}, {"type": "Feature", "properties": {"t": "2026-04-21T08:30:00+00:00Z", "z_m": 7.32306139776608}, "geometry": {"type": "Point", "coordinates": [-113.53950506598765, 53.74065000709709]}}, {"type": "Feature", "properties": {"t": "2026-04-21T08:30:00+00:00Z", "z_m": 13.921430291519595}, "geometry": {"type": "Point", "coordinates": [-113.54996567699024, 53.742385271211525]}}, {"type": "Feature", "properties": {"t": "2026-04-21T08:30:00+00:00Z", "z_m": 10.141345619844223}, "geometry": {"type": "Point", "coordinates": [-113.53890390522868, 53.75028637578692]}}, {"type": "Feature", "properties": {"t": "2026-04-21T08:30:00+00:00Z", "z_m": 6.873677023602948}, "geometry": {"type": "Point", "coordinates": [-113.53362644509802, 53.744217520897834]}}, {"type": "Feature", "properties": {"t": "2026-04-21T08:30:00+00:00Z", "z_m": 5.8974231692451236}, "geometry": {"type": "Point", "coordinates": [-113.53344685354885, 53.74912287761146]}}, {"type": "Feature", "properties": {"t": "2026-04-21T08:30:00+00:00Z", "z_m": 13.204240177738978}, "geometry": {"type": "Point", "coordinates": [-113.52554535900997, 53.74357034920075]}}, {"type": "Feature", "properties": {"t": "2026-04-21T08:30:00+00:00Z", "z_m": 14.932445148789638}, "geometry": {"type": "Point", "coordinates": [-113.52977213085944, 53.742730705966245]}}, {"type": "Feature", "properties": {"t": "2026-04-21T08:30:00+00:00Z", "z_m": 2.232093385076886}, "geometry": {"type": "Point", "coordinates": [-113.52752861113899, 53.73918132411481]}}, {"type": "Feature", "properties": {"t": "2026-04-21T08:30:00+00:00Z", "z_m": 3.0964716639481304}, "geometry": {"type": "Point", "coordinates": [-113.53560653682737, 53.74759383805888]}}, {"type": "Feature", "properties": {"t": "2026-04-21T08:30:00+00:00Z", "z_m": 2.806917959651558}, "geometry": {"type": "Point", "coordinates": [-113.5360485809748, 53.74892052785563]}}, {"type": "Feature", "properties": {"t": "2026-04-21T08:30:00+00:00Z", "z_m": 14.5248375009056}, "geometry": {"type": "Point", "coordinates": [-113.53504137724119, 53.74403303769003]}}, {"type": "Feature", "properties": {"t": "2026-04-21T08:30:00+00:00Z", "z_m": 14.040326764310684}, "geometry": {"type": "Point", "coordinates": [-113.55232427268096, 53.74458870169937]}}, {"type": "Feature", "properties": {"t": "2026-04-21T08:30:00+00:00Z", "z_m": 10.531388728622717}, "geometry": {"type": "Point", "coordinates": [-113.53577248007839, 53.74760330157804]}}, {"type": "Feature", "properties": {"t": "2026-04-21T08:30:00+00:00Z", "z_m": 3.626134981167105}, "geometry": {"type": "Point", "coordinates": [-113.53289270956219, 53.74676754427411]}}, {"type": "Feature", "properties": {"t": "2026-04-21T08:30:00+00:00Z", "z_m": 4.7089644849333645}, "geometry": {"type": "Point", "coordinates": [-113.53744268447633, 53.739324628309404]}}, {"type": "Feature", "properties": {"t": "2026-04-21T08:30:00+00:00Z", "z_m": 14.277894467128267}, "geometry": {"type": "Point", "coordinates": [-113.5430365672203, 53.73398372094583]}}, {"type": "Feature", "properties": {"t": "2026-04-21T08:30:00+00:00Z", "z_m": 11.409238524746605}, "geometry": {"type": "Point", "coordinates": [-113.52927598463356, 53.742525711295016]}}, {"type": "Feature", "properties": {"t": "2026-04-21T08:30:00+00:00Z", "z_m": 20.0}, "geometry": {"type": "Point", "coordinates": [-113.5357851317782, 53.745201254405714]}}, {"type": "Feature", "properties": {"t": "2026-04-21T08:25:00+00:00Z", "z_m": 2.0}, "geometry": {"type": "Point", "coordinates": [-113.53378819355639, 53.75061267092654]}}, {"type": "Feature", "properties": {"t": "2026-04-21T08:25:00+00:00Z", "z_m": 14.446936827902947}, "geometry": {"type": "Point", "coordinates": [-113.53914446049014, 53.74972010292251]}}, {"type": "Feature", "properties": {"t": "2026-04-21T08:25:00+00:00Z", "z_m": 12.331673390803084}, "geometry": {"type": "Point", "coordinates": [-113.53639737909658, 53.749419867764615]}}, {"type": "Feature", "properties": {"t": "2026-04-21T08:25:00+00:00Z", "z_m": 6.996273400766377}, "geometry": {"type": "Point", "coordinates": [-113.53521378822428, 53.75090775319938]}}, {"type": "Feature", "properties": {"t": "2026-04-21T08:25:00+00:00Z", "z_m": 6.928582921179329}, "geometry": {"type": "Point", "coordinates": [-113.53085877372921, 53.74424942194758]}}, {"type": "Feature", "properties": {"t": "2026-04-21T08:25:00+00:00Z", "z_m": 10.85010862705102}, "geometry": {"type": "Point", "coordinates": [-113.5304387415951, 53.74324038625378]}}, {"type": "Feature", "properties": {"t": "2026-04-21T08:25:00+00:00Z", "z_m": 18.518695913704512}, "geometry": {"type": "Point", "coordinates": [-113.53551418862493, 53.7443128691198]}}, {"type": "Feature", "properties": {"t": "2026-04-21T08:25:00+00:00Z", "z_m": 14.198909157214635}, "geometry": {"type": "Point", "coordinates": [-113.53903030751523, 53.75022557678726]}}, {"type": "Feature", "properties": {"t": "2026-04-21T08:25:00+00:00Z", "z_m": 16.21308351154917}, "geometry": {"type": "Point", "coordinates": [-113.53737347393299, 53.75124307366559]}}, {"type": "Feature", "properties": {"t": "2026-04-21T08:25:00+00:00Z", "z_m": 3.471059440313407}, "geometry": {"type": "Point", "coordinates": [-113.5500692971281, 53.73505790884693]}}, {"type": "Feature", "properties": {"t": "2026-04-21T08:25:00+00:00Z", "z_m": 14.460080859275234}, "geometry": {"type": "Point", "coordinates": [-113.53940992618362, 53.750375527840276]}}, {"type": "Feature", "properties": {"t": "2026-04-21T08:25:00+00:00Z", "z_m": 2.0}, "geometry": {"type": "Point", "coordinates": [-113.53992684961025, 53.7524224691353]}}, {"type": "Feature", "properties": {"t": "2026-04-21T08:25:00+00:00Z", "z_m": 16.251791479039746}, "geometry": {"type": "Point", "coordinates": [-113.53253199125207, 53.747082252589145]}}, {"type": "Feature", "properties": {"t": "2026-04-21T08:25:00+00:00Z", "z_m": 10.902606153096364}, "geometry": {"type": "Point", "coordinates": [-113.53414819985021, 53.74801795429354]}}, {"type": "Feature", "properties": {"t": "2026-04-21T08:25:00+00:00Z", "z_m": 2.4892623004720353}, "geometry": {"type": "Point", "coordinates": [-113.52740375716064, 53.746719013850594]}}, {"type": "Feature", "properties": {"t": "2026-04-21T08:25:00+00:00Z", "z_m": 3.2386014081834937}, "geometry": {"type": "Point", "coordinates": [-113.53366168989447, 53.742982351028544]}}, {"type": "Feature", "properties": {"t": "2026-04-21T08:25:00+00:00Z", "z_m": 10.226487564735988}, "geometry": {"type": "Point", "coordinates": [-113.53907516728177, 53.74845373805653]}}, {"type": "Feature", "properties": {"t": "2026-04-21T08:25:00+00:00Z", "z_m": 2.3622332575760696}, "geometry": {"type": "Point", "coordinates": [-113.53581218506986, 53.7468501414654]}}, {"type": "Feature", "properties": {"t": "2026-04-21T08:25:00+00:00Z", "z_m": 12.959343144293195}, "geometry": {"type": "Point", "coordinates": [-113.53976961816836, 53.751864725245845]}}, {"type": "Feature", "properties": {"t": "2026-04-21T08:25:00+00:00Z", "z_m": 8.231574445969045}, "geometry": {"type": "Point", "coordinates": [-113.53471261564083, 53.74867760666442]}}, {"type": "Feature", "properties": {"t": "2026-04-21T08:25:00+00:00Z", "z_m": 10.091215331843518}, "geometry": {"type": "Point", "coordinates": [-113.55248809386048, 53.73525410853247]}}, {"type": "Feature", "properties": {"t": "2026-04-21T08:25:00+00:00Z", "z_m": 8.140079341308294}, "geometry": {"type": "Point", "coordinates": [-113.55307175010564, 53.742778380320765]}}, {"type": "Feature", "properties": {"t": "2026-04-21T08:25:00+00:00Z", "z_m": 12.453268584202748}, "geometry": {"type": "Point", "coordinates": [-113.53583794238922, 53.75027035286428]}}, {"type": "Feature", "properties": {"t": "2026-04-21T08:25:00+00:00Z", "z_m": 20.0}, "geometry": {"type": "Point", "coordinates": [-113.55053949991505, 53.74074509099607]}}, {"type": "Feature", "properties": {"t": "2026-04-21T08:25:00+00:00Z", "z_m": 6.464224350979893}, "geometry": {"type": "Point", "coordinates": [-113.54730016374123, 53.73960922290623]}}, {"type": "Feature", "properties": {"t": "2026-04-21T08:25:00+00:00Z", "z_m": 10.470341089777168}, "geometry": {"type": "Point", "coordinates": [-113.54069226498774, 53.74910546622103]}}, {"type": "Feature", "properties": {"t": "2026-04-21T08:25:00+00:00Z", "z_m": 5.106125563550586}, "geometry": {"type": "Point", "coordinates": [-113.5309191283196, 53.745172936208625]}}, {"type": "Feature", "properties": {"t": "2026-04-21T08:25:00+00:00Z", "z_m": 14.536637201028773}, "geometry": {"type": "Point", "coordinates": [-113.54402002742621, 53.75271962304043]}}, {"type": "Feature", "properties": {"t": "2026-04-21T08:25:00+00:00Z", "z_m": 3.4857798739758628}, "geometry": {"type": "Point", "coordinates": [-113.52923529377419, 53.74085322613299]}}, {"type": "Feature", "properties": {"t": "2026-04-21T08:25:00+00:00Z", "z_m": 16.587932717306952}, "geometry": {"type": "Point", "coordinates": [-113.53438398172813, 53.750124494792395]}}, {"type": "Feature", "properties": {"t": "2026-04-21T08:25:00+00:00Z", "z_m": 11.825363588037323}, "geometry": {"type": "Point", "coordinates": [-113.53442149280096, 53.74677761216665]}}, {"type": "Feature", "properties": {"t": "2026-04-21T08:25:00+00:00Z", "z_m": 3.3804614306519394}, "geometry": {"type": "Point", "coordinates": [-113.53305910261302, 53.747649883544405]}}, {"type": "Feature", "properties": {"t": "2026-04-21T08:25:00+00:00Z", "z_m": 10.0112310109655}, "geometry": {"type": "Point", "coordinates": [-113.54131395876969, 53.744660952794106]}}, {"type": "Feature", "properties": {"t": "2026-04-21T08:25:00+00:00Z", "z_m": 13.287474156003954}, "geometry": {"type": "Point", "coordinates": [-113.55375036871037, 53.74562611042949]}}, {"type": "Feature", "properties": {"t": "2026-04-21T08:25:00+00:00Z", "z_m": 9.482569825950812}, "geometry": {"type": "Point", "coordinates": [-113.54259997347118, 53.75414113489625]}}, {"type": "Feature", "properties": {"t": "2026-04-21T08:25:00+00:00Z", "z_m": 5.948444371819469}, "geometry": {"type": "Point", "coordinates": [-113.53630926004001, 53.748089571103804]}}, {"type": "Feature", "properties": {"t": "2026-04-21T08:25:00+00:00Z", "z_m": 6.475039313678659}, "geometry": {"type": "Point", "coordinates": [-113.53494894171912, 53.750922148989105]}}, {"type": "Feature", "properties": {"t": "2026-04-21T08:25:00+00:00Z", "z_m": 14.252045616217233}, "geometry": {"type": "Point", "coordinates": [-113.52902784611452, 53.74623698967786]}}, {"type": "Feature", "properties": {"t": "2026-04-21T08:25:00+00:00Z", "z_m": 15.226393099786991}, "geometry": {"type": "Point", "coordinates": [-113.53286186039304, 53.7462288515979]}}, {"type": "Feature", "properties": {"t": "2026-04-21T08:25:00+00:00Z", "z_m": 2.0}, "geometry": {"type": "Point", "coordinates": [-113.53176399575197, 53.74168195977216]}}, {"type": "Feature", "properties": {"t": "2026-04-21T08:25:00+00:00Z", "z_m": 5.979489843329409}, "geometry": {"type": "Point", "coordinates": [-113.53915989359074, 53.75172689809643]}}, {"type": "Feature", "properties": {"t": "2026-04-21T08:25:00+00:00Z", "z_m": 5.101656948828651}, "geometry": {"type": "Point", "coordinates": [-113.5400373477266, 53.75279480665031]}}, {"type": "Feature", "properties": {"t": "2026-04-21T08:25:00+00:00Z", "z_m": 16.42732700932859}, "geometry": {"type": "Point", "coordinates": [-113.53737028289046, 53.746540761233206]}}, {"type": "Feature", "properties": {"t": "2026-04-21T08:25:00+00:00Z", "z_m": 11.985896715516784}, "geometry": {"type": "Point", "coordinates": [-113.55560822006969, 53.74680612380821]}}, {"type": "Feature", "properties": {"t": "2026-04-21T08:25:00+00:00Z", "z_m": 12.258063593707497}, "geometry": {"type": "Point", "coordinates": [-113.53848682748635, 53.750230316264016]}}, {"type": "Feature", "properties": {"t": "2026-04-21T08:25:00+00:00Z", "z_m": 2.9998268374881447}, "geometry": {"type": "Point", "coordinates": [-113.53565505183126, 53.74994646780611]}}, {"type": "Feature", "properties": {"t": "2026-04-21T08:25:00+00:00Z", "z_m": 3.541961260936328}, "geometry": {"type": "Point", "coordinates": [-113.54200361393484, 53.74360628251555]}}, {"type": "Feature", "properties": {"t": "2026-04-21T08:25:00+00:00Z", "z_m": 12.001569182392975}, "geometry": {"type": "Point", "coordinates": [-113.5481976448953, 53.73644952886491]}}, {"type": "Feature", "properties": {"t": "2026-04-21T08:25:00+00:00Z", "z_m": 13.053585891517193}, "geometry": {"type": "Point", "coordinates": [-113.53227757731835, 53.74507754419569]}}, {"type": "Feature", "properties": {"t": "2026-04-21T08:25:00+00:00Z", "z_m": 19.86909187254669}, "geometry": {"type": "Point", "coordinates": [-113.53755136037633, 53.74850956471039]}}, {"type": "Feature", "properties": {"t": "2026-04-21T08:20:00+00:00Z", "z_m": 2.0}, "geometry": {"type": "Point", "coordinates": [-113.53679702325543, 53.7541782663676]}}, {"type": "Feature", "properties": {"t": "2026-04-21T08:20:00+00:00Z", "z_m": 11.710118140952504}, "geometry": {"type": "Point", "coordinates": [-113.54145399308504, 53.753025279679505]}}, {"type": "Feature", "properties": {"t": "2026-04-21T08:20:00+00:00Z", "z_m": 11.160292403064016}, "geometry": {"type": "Point", "coordinates": [-113.53896823393181, 53.75241775924983]}}, {"type": "Feature", "properties": {"t": "2026-04-21T08:20:00+00:00Z", "z_m": 7.965197161367639}, "geometry": {"type": "Point", "coordinates": [-113.53774621774807, 53.75316102103173]}}, {"type": "Feature", "properties": {"t": "2026-04-21T08:20:00+00:00Z", "z_m": 6.88177836555998}, "geometry": {"type": "Point", "coordinates": [-113.53285135197109, 53.747355086450874]}}, {"type": "Feature", "properties": {"t": "2026-04-21T08:20:00+00:00Z", "z_m": 11.823293937649717}, "geometry": {"type": "Point", "coordinates": [-113.53434575471319, 53.746300885889504]}}, {"type": "Feature", "properties": {"t": "2026-04-21T08:20:00+00:00Z", "z_m": 18.992942691725318}, "geometry": {"type": "Point", "coordinates": [-113.53856930928524, 53.74576907031846]}}, {"type": "Feature", "properties": {"t": "2026-04-21T08:20:00+00:00Z", "z_m": 13.557346185261904}, "geometry": {"type": "Point", "coordinates": [-113.5423622470907, 53.752215170356976]}}, {"type": "Feature", "properties": {"t": "2026-04-21T08:20:00+00:00Z", "z_m": 14.700463061800258}, "geometry": {"type": "Point", "coordinates": [-113.5395888242156, 53.75431662394895]}}, {"type": "Feature", "properties": {"t": "2026-04-21T08:20:00+00:00Z", "z_m": 4.4809449911694745}, "geometry": {"type": "Point", "coordinates": [-113.55077954487203, 53.73749431836056]}}, {"type": "Feature", "properties": {"t": "2026-04-21T08:20:00+00:00Z", "z_m": 14.294239867530585}, "geometry": {"type": "Point", "coordinates": [-113.54330058386196, 53.75356461273254]}}, {"type": "Feature", "properties": {"t": "2026-04-21T08:20:00+00:00Z", "z_m": 3.6870050870963302}, "geometry": {"type": "Point", "coordinates": [-113.54501349972506, 53.755292159656044]}}, {"type": "Feature", "properties": {"t": "2026-04-21T08:20:00+00:00Z", "z_m": 15.61702876063216}, "geometry": {"type": "Point", "coordinates": [-113.53420307172533, 53.74925111548021]}}, {"type": "Feature", "properties": {"t": "2026-04-21T08:20:00+00:00Z", "z_m": 9.524774274877732}, "geometry": {"type": "Point", "coordinates": [-113.53672816963739, 53.75148122740777]}}, {"type": "Feature", "properties": {"t": "2026-04-21T08:20:00+00:00Z", "z_m": 2.0}, "geometry": {"type": "Point", "coordinates": [-113.52990925460543, 53.7512270917681]}}, {"type": "Feature", "properties": {"t": "2026-04-21T08:20:00+00:00Z", "z_m": 2.0}, "geometry": {"type": "Point", "coordinates": [-113.53757489505477, 53.74647695638505]}}, {"type": "Feature", "properties": {"t": "2026-04-21T08:20:00+00:00Z", "z_m": 8.790556614288421}, "geometry": {"type": "Point", "coordinates": [-113.54225878894945, 53.75151719188366]}}, {"type": "Feature", "properties": {"t": "2026-04-21T08:20:00+00:00Z", "z_m": 3.253266711038096}, "geometry": {"type": "Point", "coordinates": [-113.54071883926508, 53.750702802083005]}}, {"type": "Feature", "properties": {"t": "2026-04-21T08:20:00+00:00Z", "z_m": 9.93474359807407}, "geometry": {"type": "Point", "coordinates": [-113.54430835507071, 53.75353348075439]}}, {"type": "Feature", "properties": {"t": "2026-04-21T08:20:00+00:00Z", "z_m": 8.442765948212536}, "geometry": {"type": "Point", "coordinates": [-113.53498020712702, 53.751399812525015]}}, {"type": "Feature", "properties": {"t": "2026-04-21T08:20:00+00:00Z", "z_m": 8.647327753106818}, "geometry": {"type": "Point", "coordinates": [-113.55538843938179, 53.73914694398452]}}, {"type": "Feature", "properties": {"t": "2026-04-21T08:20:00+00:00Z", "z_m": 6.352799652909803}, "geometry": {"type": "Point", "coordinates": [-113.55569076948615, 53.74694418251975]}}, {"type": "Feature", "properties": {"t": "2026-04-21T08:20:00+00:00Z", "z_m": 12.11700531688531}, "geometry": {"type": "Point", "coordinates": [-113.53930201386133, 53.75216762507928]}}, {"type": "Feature", "properties": {"t": "2026-04-21T08:20:00+00:00Z", "z_m": 18.882852267425566}, "geometry": {"type": "Point", "coordinates": [-113.55186812402782, 53.74192011162168]}}, {"type": "Feature", "properties": {"t": "2026-04-21T08:20:00+00:00Z", "z_m": 5.113963113783544}, "geometry": {"type": "Point", "coordinates": [-113.55155042558879, 53.74230103901193]}}, {"type": "Feature", "properties": {"t": "2026-04-21T08:20:00+00:00Z", "z_m": 7.838558899077478}, "geometry": {"type": "Point", "coordinates": [-113.54175514881514, 53.75290345955245]}}, {"type": "Feature", "properties": {"t": "2026-04-21T08:20:00+00:00Z", "z_m": 5.745123091686775}, "geometry": {"type": "Point", "coordinates": [-113.5343293526321, 53.74870919560407]}}, {"type": "Feature", "properties": {"t": "2026-04-21T08:20:00+00:00Z", "z_m": 14.291328544267863}, "geometry": {"type": "Point", "coordinates": [-113.54768311145567, 53.756610962117165]}}, {"type": "Feature", "properties": {"t": "2026-04-21T08:20:00+00:00Z", "z_m": 5.69845131960429}, "geometry": {"type": "Point", "coordinates": [-113.53294655768727, 53.743475228966076]}}, {"type": "Feature", "properties": {"t": "2026-04-21T08:20:00+00:00Z", "z_m": 16.52094239091806}, "geometry": {"type": "Point", "coordinates": [-113.53775581606467, 53.75341956079988]}}, {"type": "Feature", "properties": {"t": "2026-04-21T08:20:00+00:00Z", "z_m": 12.399631792455292}, "geometry": {"type": "Point", "coordinates": [-113.53803773478494, 53.750129580384005]}}, {"type": "Feature", "properties": {"t": "2026-04-21T08:20:00+00:00Z", "z_m": 5.3753500196024}, "geometry": {"type": "Point", "coordinates": [-113.5380729636039, 53.750559861503724]}}, {"type": "Feature", "properties": {"t": "2026-04-21T08:20:00+00:00Z", "z_m": 10.757052443845577}, "geometry": {"type": "Point", "coordinates": [-113.54479014665935, 53.74878822657096]}}, {"type": "Feature", "properties": {"t": "2026-04-21T08:20:00+00:00Z", "z_m": 12.274614979198667}, "geometry": {"type": "Point", "coordinates": [-113.55835226576549, 53.7475150218609]}}, {"type": "Feature", "properties": {"t": "2026-04-21T08:20:00+00:00Z", "z_m": 8.3963540835066}, "geometry": {"type": "Point", "coordinates": [-113.54553917188073, 53.75622422155602]}}, {"type": "Feature", "properties": {"t": "2026-04-21T08:20:00+00:00Z", "z_m": 8.183502920693982}, "geometry": {"type": "Point", "coordinates": [-113.53871107769426, 53.75083622239055]}}, {"type": "Feature", "properties": {"t": "2026-04-21T08:20:00+00:00Z", "z_m": 3.5156007479010785}, "geometry": {"type": "Point", "coordinates": [-113.53765072753116, 53.753755057755505]}}, {"type": "Feature", "properties": {"t": "2026-04-21T08:20:00+00:00Z", "z_m": 17.779250545197137}, "geometry": {"type": "Point", "coordinates": [-113.52948918280754, 53.74966813525158]}}, {"type": "Feature", "properties": {"t": "2026-04-21T08:20:00+00:00Z", "z_m": 13.056990770665243}, "geometry": {"type": "Point", "coordinates": [-113.53497136220747, 53.74893761216864]}}, {"type": "Feature", "properties": {"t": "2026-04-21T08:20:00+00:00Z", "z_m": 2.289846372690641}, "geometry": {"type": "Point", "coordinates": [-113.53555755386763, 53.74490094135525]}}, {"type": "Feature", "properties": {"t": "2026-04-21T08:20:00+00:00Z", "z_m": 4.289885390536396}, "geometry": {"type": "Point", "coordinates": [-113.53983855928409, 53.755057214445316]}}, {"type": "Feature", "properties": {"t": "2026-04-21T08:20:00+00:00Z", "z_m": 2.407425573487687}, "geometry": {"type": "Point", "coordinates": [-113.54360117218955, 53.75497854856806]}}, {"type": "Feature", "properties": {"t": "2026-04-21T08:20:00+00:00Z", "z_m": 15.736653449905132}, "geometry": {"type": "Point", "coordinates": [-113.537613325771, 53.748749599866414]}}, {"type": "Feature", "properties": {"t": "2026-04-21T08:20:00+00:00Z", "z_m": 9.702011461049473}, "geometry": {"type": "Point", "coordinates": [-113.55610210744038, 53.75078295332887]}}, {"type": "Feature", "properties": {"t": "2026-04-21T08:20:00+00:00Z", "z_m": 12.637402554825657}, "geometry": {"type": "Point", "coordinates": [-113.53914035912373, 53.75398192063832]}}, {"type": "Feature", "properties": {"t": "2026-04-21T08:20:00+00:00Z", "z_m": 3.8103815815070012}, "geometry": {"type": "Point", "coordinates": [-113.53948895196525, 53.75349329979658]}}, {"type": "Feature", "properties": {"t": "2026-04-21T08:20:00+00:00Z", "z_m": 2.308705238199561}, "geometry": {"type": "Point", "coordinates": [-113.54546338466764, 53.747218645450445]}}, {"type": "Feature", "properties": {"t": "2026-04-21T08:20:00+00:00Z", "z_m": 11.334226760614081}, "geometry": {"type": "Point", "coordinates": [-113.55142431170312, 53.73995988003174]}}, {"type": "Feature", "properties": {"t": "2026-04-21T08:20:00+00:00Z", "z_m": 15.08204719318773}, "geometry": {"type": "Point", "coordinates": [-113.5347782764563, 53.7475803386197]}}, {"type": "Feature", "properties": {"t": "2026-04-21T08:20:00+00:00Z", "z_m": 16.221883009952084}, "geometry": {"type": "Point", "coordinates": [-113.53823344581534, 53.75168790365898]}}, {"type": "Feature", "properties": {"t": "2026-04-21T08:15:00+00:00Z", "z_m": 2.0}, "geometry": {"type": "Point", "coordinates": [-113.53984288015828, 53.756104690946124]}}, {"type": "Feature", "properties": {"t": "2026-04-21T08:15:00+00:00Z", "z_m": 9.891616756740396}, "geometry": {"type": "Point", "coordinates": [-113.54602626817608, 53.75629074626571]}}, {"type": "Feature", "properties": {"t": "2026-04-21T08:15:00+00:00Z", "z_m": 13.876718317096476}, "geometry": {"type": "Point", "coordinates": [-113.54336602978051, 53.755296449885]}}, {"type": "Feature", "properties": {"t": "2026-04-21T08:15:00+00:00Z", "z_m": 10.065111140339752}, "geometry": {"type": "Point", "coordinates": [-113.543711845215, 53.7561655500501]}}, {"type": "Feature", "properties": {"t": "2026-04-21T08:15:00+00:00Z", "z_m": 7.190884777770598}, "geometry": {"type": "Point", "coordinates": [-113.53479513023203, 53.75008087565522]}}, {"type": "Feature", "properties": {"t": "2026-04-21T08:15:00+00:00Z", "z_m": 13.077985153001944}, "geometry": {"type": "Point", "coordinates": [-113.53822649968586, 53.74931324304594]}}, {"type": "Feature", "properties": {"t": "2026-04-21T08:15:00+00:00Z", "z_m": 18.86316280677774}, "geometry": {"type": "Point", "coordinates": [-113.54312440646751, 53.74873090605666]}}, {"type": "Feature", "properties": {"t": "2026-04-21T08:15:00+00:00Z", "z_m": 15.446752553519898}, "geometry": {"type": "Point", "coordinates": [-113.54599283895516, 53.755060300853025]}}, {"type": "Feature", "properties": {"t": "2026-04-21T08:15:00+00:00Z", "z_m": 17.101155546462824}, "geometry": {"type": "Point", "coordinates": [-113.54443339926259, 53.754921680224236]}}, {"type": "Feature", "properties": {"t": "2026-04-21T08:15:00+00:00Z", "z_m": 5.978319452776715}, "geometry": {"type": "Point", "coordinates": [-113.55207341676511, 53.7400260482047]}}, {"type": "Feature", "properties": {"t": "2026-04-21T08:15:00+00:00Z", "z_m": 9.622088572343568}, "geometry": {"type": "Point", "coordinates": [-113.54653272035758, 53.7567777710273]}}, {"type": "Feature", "properties": {"t": "2026-04-21T08:15:00+00:00Z", "z_m": 4.797096816307266}, "geometry": {"type": "Point", "coordinates": [-113.54702702382305, 53.75793628603213]}}, {"type": "Feature", "properties": {"t": "2026-04-21T08:15:00+00:00Z", "z_m": 15.542477425660879}, "geometry": {"type": "Point", "coordinates": [-113.53552987011105, 53.75175981904365]}}, {"type": "Feature", "properties": {"t": "2026-04-21T08:15:00+00:00Z", "z_m": 9.625501355756583}, "geometry": {"type": "Point", "coordinates": [-113.53767033978869, 53.7546679792481]}}, {"type": "Feature", "properties": {"t": "2026-04-21T08:15:00+00:00Z", "z_m": 4.585863245643064}, "geometry": {"type": "Point", "coordinates": [-113.53421723199064, 53.75366940252808]}}, {"type": "Feature", "properties": {"t": "2026-04-21T08:15:00+00:00Z", "z_m": 5.781226847767121}, "geometry": {"type": "Point", "coordinates": [-113.54123675163866, 53.75012096329349]}}, {"type": "Feature", "properties": {"t": "2026-04-21T08:15:00+00:00Z", "z_m": 10.101562318873127}, "geometry": {"type": "Point", "coordinates": [-113.54641361920712, 53.755253009880896]}}, {"type": "Feature", "properties": {"t": "2026-04-21T08:15:00+00:00Z", "z_m": 2.8724606214387842}, "geometry": {"type": "Point", "coordinates": [-113.54303264420568, 53.75424807502246]}}, {"type": "Feature", "properties": {"t": "2026-04-21T08:15:00+00:00Z", "z_m": 9.997427785845304}, "geometry": {"type": "Point", "coordinates": [-113.54810117846554, 53.754820227407805]}}, {"type": "Feature", "properties": {"t": "2026-04-21T08:15:00+00:00Z", "z_m": 7.4141878709021505}, "geometry": {"type": "Point", "coordinates": [-113.53718688808382, 53.75463781770777]}}, {"type": "Feature", "properties": {"t": "2026-04-21T08:15:00+00:00Z", "z_m": 7.500689022279524}, "geometry": {"type": "Point", "coordinates": [-113.55911185280033, 53.74347708942476]}}, {"type": "Feature", "properties": {"t": "2026-04-21T08:15:00+00:00Z", "z_m": 6.2722438109738805}, "geometry": {"type": "Point", "coordinates": [-113.55551092491721, 53.751387162168726]}}, {"type": "Feature", "properties": {"t": "2026-04-21T08:15:00+00:00Z", "z_m": 10.05040337190812}, "geometry": {"type": "Point", "coordinates": [-113.54253739139371, 53.75508700608635]}}, {"type": "Feature", "properties": {"t": "2026-04-21T08:15:00+00:00Z", "z_m": 18.948225208819057}, "geometry": {"type": "Point", "coordinates": [-113.55331732469477, 53.74529254641956]}}, {"type": "Feature", "properties": {"t": "2026-04-21T08:15:00+00:00Z", "z_m": 5.352301986365009}, "geometry": {"type": "Point", "coordinates": [-113.55555237041496, 53.7459154921101]}}, {"type": "Feature", "properties": {"t": "2026-04-21T08:15:00+00:00Z", "z_m": 9.335254343504747}, "geometry": {"type": "Point", "coordinates": [-113.54576072462675, 53.75481199197268]}}, {"type": "Feature", "properties": {"t": "2026-04-21T08:15:00+00:00Z", "z_m": 6.964580263435013}, "geometry": {"type": "Point", "coordinates": [-113.53690481148149, 53.750954830905016]}}, {"type": "Feature", "properties": {"t": "2026-04-21T08:15:00+00:00Z", "z_m": 12.382021808294475}, "geometry": {"type": "Point", "coordinates": [-113.54983561786976, 53.76017970945038]}}, {"type": "Feature", "properties": {"t": "2026-04-21T08:15:00+00:00Z", "z_m": 5.295043280450097}, "geometry": {"type": "Point", "coordinates": [-113.53471543560063, 53.74728071766788]}}, {"type": "Feature", "properties": {"t": "2026-04-21T08:15:00+00:00Z", "z_m": 19.408364592460053}, "geometry": {"type": "Point", "coordinates": [-113.54271614959362, 53.75594561897461]}}, {"type": "Feature", "properties": {"t": "2026-04-21T08:15:00+00:00Z", "z_m": 15.131598757241678}, "geometry": {"type": "Point", "coordinates": [-113.54098587813358, 53.7527497007978]}}, {"type": "Feature", "properties": {"t": "2026-04-21T08:15:00+00:00Z", "z_m": 9.335116224717378}, "geometry": {"type": "Point", "coordinates": [-113.54151571697425, 53.75351650275144]}}, {"type": "Feature", "properties": {"t": "2026-04-21T08:15:00+00:00Z", "z_m": 8.501656696913681}, "geometry": {"type": "Point", "coordinates": [-113.54822866936505, 53.751691000695644]}}, {"type": "Feature", "properties": {"t": "2026-04-21T08:15:00+00:00Z", "z_m": 9.850853185988658}, "geometry": {"type": "Point", "coordinates": [-113.56088467519004, 53.751008083723605]}}, {"type": "Feature", "properties": {"t": "2026-04-21T08:15:00+00:00Z", "z_m": 7.482687602039521}, "geometry": {"type": "Point", "coordinates": [-113.54740800026264, 53.75845744362524]}}, {"type": "Feature", "properties": {"t": "2026-04-21T08:15:00+00:00Z", "z_m": 5.1162970372169925}, "geometry": {"type": "Point", "coordinates": [-113.54187564032705, 53.75373887976865]}}, {"type": "Feature", "properties": {"t": "2026-04-21T08:15:00+00:00Z", "z_m": 5.361085167312485}, "geometry": {"type": "Point", "coordinates": [-113.54381728513812, 53.755831453459]}}, {"type": "Feature", "properties": {"t": "2026-04-21T08:15:00+00:00Z", "z_m": 16.88337909730796}, "geometry": {"type": "Point", "coordinates": [-113.53225193585405, 53.752083629486236]}}, {"type": "Feature", "properties": {"t": "2026-04-21T08:15:00+00:00Z", "z_m": 13.636938978957614}, "geometry": {"type": "Point", "coordinates": [-113.53556783028263, 53.75175846214128]}}, {"type": "Feature", "properties": {"t": "2026-04-21T08:15:00+00:00Z", "z_m": 2.717385462298558}, "geometry": {"type": "Point", "coordinates": [-113.53631301139676, 53.7482379103205]}}, {"type": "Feature", "properties": {"t": "2026-04-21T08:15:00+00:00Z", "z_m": 5.161375548780604}, "geometry": {"type": "Point", "coordinates": [-113.54140947642152, 53.75866621862462]}}, {"type": "Feature", "properties": {"t": "2026-04-21T08:15:00+00:00Z", "z_m": 4.436208111262478}, "geometry": {"type": "Point", "coordinates": [-113.5479497336854, 53.75872432545588]}}, {"type": "Feature", "properties": {"t": "2026-04-21T08:15:00+00:00Z", "z_m": 16.606270293933175}, "geometry": {"type": "Point", "coordinates": [-113.53990281092398, 53.75140973395299]}}, {"type": "Feature", "properties": {"t": "2026-04-21T08:15:00+00:00Z", "z_m": 9.27558551838344}, "geometry": {"type": "Point", "coordinates": [-113.55926822096076, 53.75300497637936]}}, {"type": "Feature", "properties": {"t": "2026-04-21T08:15:00+00:00Z", "z_m": 11.805383663447955}, "geometry": {"type": "Point", "coordinates": [-113.53959794878702, 53.7571131831956]}}, {"type": "Feature", "properties": {"t": "2026-04-21T08:15:00+00:00Z", "z_m": 2.0}, "geometry": {"type": "Point", "coordinates": [-113.54535232881182, 53.75555058461361]}}, {"type": "Feature", "properties": {"t": "2026-04-21T08:15:00+00:00Z", "z_m": 2.3415788166934632}, "geometry": {"type": "Point", "coordinates": [-113.54832443603232, 53.74925470159621]}}, {"type": "Feature", "properties": {"t": "2026-04-21T08:15:00+00:00Z", "z_m": 10.344432366201088}, "geometry": {"type": "Point", "coordinates": [-113.5544645903786, 53.742692991279334]}}, {"type": "Feature", "properties": {"t": "2026-04-21T08:15:00+00:00Z", "z_m": 13.986144562808654}, "geometry": {"type": "Point", "coordinates": [-113.53732758882599, 53.750961358956076]}}, {"type": "Feature", "properties": {"t": "2026-04-21T08:15:00+00:00Z", "z_m": 14.764338399563627}, "geometry": {"type": "Point", "coordinates": [-113.54113713616002, 53.75521212097555]}}, {"type": "Feature", "properties": {"t": "2026-04-21T08:10:00+00:00Z", "z_m": 3.0213561559193423}, "geometry": {"type": "Point", "coordinates": [-113.54562492376108, 53.75801180328876]}}, {"type": "Feature", "properties": {"t": "2026-04-21T08:10:00+00:00Z", "z_m": 7.946612159350183}, "geometry": {"type": "Point", "coordinates": [-113.54965372630348, 53.759766672217516]}}, {"type": "Feature", "properties": {"t": "2026-04-21T08:10:00+00:00Z", "z_m": 15.699073994012501}, "geometry": {"type": "Point", "coordinates": [-113.54788805578065, 53.75715603449109]}}, {"type": "Feature", "properties": {"t": "2026-04-21T08:10:00+00:00Z", "z_m": 8.389243672787437}, "geometry": {"type": "Point", "coordinates": [-113.54645213738344, 53.75863822641196]}}, {"type": "Feature", "properties": {"t": "2026-04-21T08:10:00+00:00Z", "z_m": 5.3126067915485615}, "geometry": {"type": "Point", "coordinates": [-113.53674594125461, 53.752893390171636]}}, {"type": "Feature", "properties": {"t": "2026-04-21T08:10:00+00:00Z", "z_m": 12.501429468112768}, "geometry": {"type": "Point", "coordinates": [-113.54163385292756, 53.75198335244071]}}, {"type": "Feature", "properties": {"t": "2026-04-21T08:10:00+00:00Z", "z_m": 18.835631794649906}, "geometry": {"type": "Point", "coordinates": [-113.54474371944738, 53.75111335765237]}}, {"type": "Feature", "properties": {"t": "2026-04-21T08:10:00+00:00Z", "z_m": 12.664342295985874}, "geometry": {"type": "Point", "coordinates": [-113.54750084469138, 53.75744809093861]}}, {"type": "Feature", "properties": {"t": "2026-04-21T08:10:00+00:00Z", "z_m": 19.168716700924918}, "geometry": {"type": "Point", "coordinates": [-113.54573149346716, 53.75888145282217]}}, {"type": "Feature", "properties": {"t": "2026-04-21T08:10:00+00:00Z", "z_m": 9.113293093169439}, "geometry": {"type": "Point", "coordinates": [-113.55517142821688, 53.74307629991278]}}, {"type": "Feature", "properties": {"t": "2026-04-21T08:10:00+00:00Z", "z_m": 9.079768540244299}, "geometry": {"type": "Point", "coordinates": [-113.54987775048754, 53.760745910950554]}}, {"type": "Feature", "properties": {"t": "2026-04-21T08:10:00+00:00Z", "z_m": 5.770051498389039}, "geometry": {"type": "Point", "coordinates": [-113.54580481701022, 53.762352638247634]}}, {"type": "Feature", "properties": {"t": "2026-04-21T08:10:00+00:00Z", "z_m": 15.15598457118696}, "geometry": {"type": "Point", "coordinates": [-113.53955041236881, 53.75526978838892]}}, {"type": "Feature", "properties": {"t": "2026-04-21T08:10:00+00:00Z", "z_m": 8.965335381459628}, "geometry": {"type": "Point", "coordinates": [-113.54201830647999, 53.75706574931553]}}, {"type": "Feature", "properties": {"t": "2026-04-21T08:10:00+00:00Z", "z_m": 5.265304223365834}, "geometry": {"type": "Point", "coordinates": [-113.53731422203629, 53.756773884925394]}}, {"type": "Feature", "properties": {"t": "2026-04-21T08:10:00+00:00Z", "z_m": 6.119127436155061}, "geometry": {"type": "Point", "coordinates": [-113.54286218909634, 53.75358454848532]}}, {"type": "Feature", "properties": {"t": "2026-04-21T08:10:00+00:00Z", "z_m": 10.537008060754808}, "geometry": {"type": "Point", "coordinates": [-113.54793689009551, 53.759723172346675]}}, {"type": "Feature", "properties": {"t": "2026-04-21T08:10:00+00:00Z", "z_m": 6.047612680203303}, "geometry": {"type": "Point", "coordinates": [-113.54194283064709, 53.759055886023546]}}, {"type": "Feature", "properties": {"t": "2026-04-21T08:10:00+00:00Z", "z_m": 9.921610053534371}, "geometry": {"type": "Point", "coordinates": [-113.55199539820013, 53.7583300814225]}}, {"type": "Feature", "properties": {"t": "2026-04-21T08:10:00+00:00Z", "z_m": 6.957848755669393}, "geometry": {"type": "Point", "coordinates": [-113.54505328295201, 53.75656212044505]}}, {"type": "Feature", "properties": {"t": "2026-04-21T08:10:00+00:00Z", "z_m": 5.319889277905766}, "geometry": {"type": "Point", "coordinates": [-113.56068368652392, 53.74735876286868]}}, {"type": "Feature", "properties": {"t": "2026-04-21T08:10:00+00:00Z", "z_m": 7.3174423303792695}, "geometry": {"type": "Point", "coordinates": [-113.55667846043308, 53.75471870105915]}}, {"type": "Feature", "properties": {"t": "2026-04-21T08:10:00+00:00Z", "z_m": 11.634204933370455}, "geometry": {"type": "Point", "coordinates": [-113.5455155962949, 53.75754466126005]}}, {"type": "Feature", "properties": {"t": "2026-04-21T08:10:00+00:00Z", "z_m": 20.0}, "geometry": {"type": "Point", "coordinates": [-113.55770977954097, 53.74865755230752]}}, {"type": "Feature", "properties": {"t": "2026-04-21T08:10:00+00:00Z", "z_m": 5.990314277899567}, "geometry": {"type": "Point", "coordinates": [-113.55571884092333, 53.74972443762044]}}, {"type": "Feature", "properties": {"t": "2026-04-21T08:10:00+00:00Z", "z_m": 10.162816188212142}, "geometry": {"type": "Point", "coordinates": [-113.54797043975566, 53.755856222019354]}}, {"type": "Feature", "properties": {"t": "2026-04-21T08:10:00+00:00Z", "z_m": 9.871504965069146}, "geometry": {"type": "Point", "coordinates": [-113.54130286158602, 53.75370399818831]}}, {"type": "Feature", "properties": {"t": "2026-04-21T08:10:00+00:00Z", "z_m": 12.017653373374184}, "geometry": {"type": "Point", "coordinates": [-113.55055467635702, 53.763124188567204]}}, {"type": "Feature", "properties": {"t": "2026-04-21T08:10:00+00:00Z", "z_m": 4.896316020763999}, "geometry": {"type": "Point", "coordinates": [-113.53768538120735, 53.751542729081045]}}, {"type": "Feature", "properties": {"t": "2026-04-21T08:10:00+00:00Z", "z_m": 19.94986978777598}, "geometry": {"type": "Point", "coordinates": [-113.54889232315043, 53.75862622775028]}}, {"type": "Feature", "properties": {"t": "2026-04-21T08:10:00+00:00Z", "z_m": 16.94961364217786}, "geometry": {"type": "Point", "coordinates": [-113.54467137535909, 53.75675067482401]}}, {"type": "Feature", "properties": {"t": "2026-04-21T08:10:00+00:00Z", "z_m": 8.04391014171891}, "geometry": {"type": "Point", "coordinates": [-113.54235269059832, 53.75743427907682]}}, {"type": "Feature", "properties": {"t": "2026-04-21T08:10:00+00:00Z", "z_m": 6.7193538037663645}, "geometry": {"type": "Point", "coordinates": [-113.55171422768477, 53.75528670047624]}}, {"type": "Feature", "properties": {"t": "2026-04-21T08:10:00+00:00Z", "z_m": 11.397862053576926}, "geometry": {"type": "Point", "coordinates": [-113.5656714284851, 53.75398206102728]}}, {"type": "Feature", "properties": {"t": "2026-04-21T08:10:00+00:00Z", "z_m": 7.229582580608252}, "geometry": {"type": "Point", "coordinates": [-113.55063342381759, 53.76198579124216]}}, {"type": "Feature", "properties": {"t": "2026-04-21T08:10:00+00:00Z", "z_m": 7.806758926601518}, "geometry": {"type": "Point", "coordinates": [-113.54280139075784, 53.757615621485016]}}, {"type": "Feature", "properties": {"t": "2026-04-21T08:10:00+00:00Z", "z_m": 5.507371617635942}, "geometry": {"type": "Point", "coordinates": [-113.54856711841059, 53.7565787500836]}}, {"type": "Feature", "properties": {"t": "2026-04-21T08:10:00+00:00Z", "z_m": 15.67326412680861}, "geometry": {"type": "Point", "coordinates": [-113.53525733653751, 53.755167645756124]}}, {"type": "Feature", "properties": {"t": "2026-04-21T08:10:00+00:00Z", "z_m": 12.721912300281907}, "geometry": {"type": "Point", "coordinates": [-113.53991820587663, 53.75489494092827]}}, {"type": "Feature", "properties": {"t": "2026-04-21T08:10:00+00:00Z", "z_m": 2.3251861306289774}, "geometry": {"type": "Point", "coordinates": [-113.53796316586086, 53.75267529798175]}}, {"type": "Feature", "properties": {"t": "2026-04-21T08:10:00+00:00Z", "z_m": 2.2195496860179986}, "geometry": {"type": "Point", "coordinates": [-113.54430638605086, 53.76063239883368]}}, {"type": "Feature", "properties": {"t": "2026-04-21T08:10:00+00:00Z", "z_m": 4.592110078734651}, "geometry": {"type": "Point", "coordinates": [-113.55217138416712, 53.76135909525892]}}, {"type": "Feature", "properties": {"t": "2026-04-21T08:10:00+00:00Z", "z_m": 16.106589377696235}, "geometry": {"type": "Point", "coordinates": [-113.54279281554395, 53.75480651322542]}}, {"type": "Feature", "properties": {"t": "2026-04-21T08:10:00+00:00Z", "z_m": 7.5535438943688336}, "geometry": {"type": "Point", "coordinates": [-113.56254132142459, 53.755221262516216]}}, {"type": "Feature", "properties": {"t": "2026-04-21T08:10:00+00:00Z", "z_m": 14.221623703166287}, "geometry": {"type": "Point", "coordinates": [-113.54208790924272, 53.758836773721306]}}, {"type": "Feature", "properties": {"t": "2026-04-21T08:10:00+00:00Z", "z_m": 2.0}, "geometry": {"type": "Point", "coordinates": [-113.54866086227375, 53.75721747225861]}}, {"type": "Feature", "properties": {"t": "2026-04-21T08:10:00+00:00Z", "z_m": 2.0}, "geometry": {"type": "Point", "coordinates": [-113.55098252713334, 53.752921467463814]}}, {"type": "Feature", "properties": {"t": "2026-04-21T08:10:00+00:00Z", "z_m": 10.17532952543888}, "geometry": {"type": "Point", "coordinates": [-113.55735110756208, 53.74623912746083]}}, {"type": "Feature", "properties": {"t": "2026-04-21T08:10:00+00:00Z", "z_m": 15.009123486236899}, "geometry": {"type": "Point", "coordinates": [-113.54095659231147, 53.75432146454999]}}, {"type": "Feature", "properties": {"t": "2026-04-21T08:10:00+00:00Z", "z_m": 11.740754382178892}, "geometry": {"type": "Point", "coordinates": [-113.54642926499758, 53.757658239789315]}}, {"type": "Feature", "properties": {"t": "2026-04-21T08:05:00+00:00Z", "z_m": 4.032171089530128}, "geometry": {"type": "Point", "coordinates": [-113.55121951476124, 53.75904657682785]}}, {"type": "Feature", "properties": {"t": "2026-04-21T08:05:00+00:00Z", "z_m": 6.262064575621232}, "geometry": {"type": "Point", "coordinates": [-113.55275088130097, 53.76280831222306]}}, {"type": "Feature", "properties": {"t": "2026-04-21T08:05:00+00:00Z", "z_m": 17.261656572444704}, "geometry": {"type": "Point", "coordinates": [-113.5483976697125, 53.759384396867226]}}, {"type": "Feature", "properties": {"t": "2026-04-21T08:05:00+00:00Z", "z_m": 9.25539433331795}, "geometry": {"type": "Point", "coordinates": [-113.5463922323493, 53.76066634522277]}}, {"type": "Feature", "properties": {"t": "2026-04-21T08:05:00+00:00Z", "z_m": 5.100077026764639}, "geometry": {"type": "Point", "coordinates": [-113.54030713861987, 53.755863542148184]}}, {"type": "Feature", "properties": {"t": "2026-04-21T08:05:00+00:00Z", "z_m": 14.816569423293858}, "geometry": {"type": "Point", "coordinates": [-113.54458792968408, 53.754529921572114]}}, {"type": "Feature", "properties": {"t": "2026-04-21T08:05:00+00:00Z", "z_m": 20.0}, "geometry": {"type": "Point", "coordinates": [-113.54715720761011, 53.75321453370196]}}, {"type": "Feature", "properties": {"t": "2026-04-21T08:05:00+00:00Z", "z_m": 12.41885414203775}, "geometry": {"type": "Point", "coordinates": [-113.54846122669291, 53.760344569192505]}}, {"type": "Feature", "properties": {"t": "2026-04-21T08:05:00+00:00Z", "z_m": 19.709599773395283}, "geometry": {"type": "Point", "coordinates": [-113.54967400489761, 53.76097744650373]}}, {"type": "Feature", "properties": {"t": "2026-04-21T08:05:00+00:00Z", "z_m": 9.14428103881872}, "geometry": {"type": "Point", "coordinates": [-113.5562867360786, 53.74542123405037]}}, {"type": "Feature", "properties": {"t": "2026-04-21T08:05:00+00:00Z", "z_m": 9.896532188786365}, "geometry": {"type": "Point", "coordinates": [-113.55183053045548, 53.763174532363095]}}, {"type": "Feature", "properties": {"t": "2026-04-21T08:05:00+00:00Z", "z_m": 2.0}, "geometry": {"type": "Point", "coordinates": [-113.55051895841558, 53.76477449383369]}}, {"type": "Feature", "properties": {"t": "2026-04-21T08:05:00+00:00Z", "z_m": 13.998400205244108}, "geometry": {"type": "Point", "coordinates": [-113.54513851165878, 53.755919510447015]}}, {"type": "Feature", "properties": {"t": "2026-04-21T08:05:00+00:00Z", "z_m": 8.17311843513466}, "geometry": {"type": "Point", "coordinates": [-113.54868901489083, 53.75718323844238]}}, {"type": "Feature", "properties": {"t": "2026-04-21T08:05:00+00:00Z", "z_m": 7.641553783065022}, "geometry": {"type": "Point", "coordinates": [-113.5426656736375, 53.75889723574939]}}, {"type": "Feature", "properties": {"t": "2026-04-21T08:05:00+00:00Z", "z_m": 5.365569797401779}, "geometry": {"type": "Point", "coordinates": [-113.54570725162766, 53.75620149162904]}}, {"type": "Feature", "properties": {"t": "2026-04-21T08:05:00+00:00Z", "z_m": 10.473645772741168}, "geometry": {"type": "Point", "coordinates": [-113.5486998724601, 53.76212687218606]}}, {"type": "Feature", "properties": {"t": "2026-04-21T08:05:00+00:00Z", "z_m": 7.352988711339613}, "geometry": {"type": "Point", "coordinates": [-113.54613094323572, 53.76295303179282]}}, {"type": "Feature", "properties": {"t": "2026-04-21T08:05:00+00:00Z", "z_m": 7.799440587362282}, "geometry": {"type": "Point", "coordinates": [-113.55503412809475, 53.76190947871617]}}, {"type": "Feature", "properties": {"t": "2026-04-21T08:05:00+00:00Z", "z_m": 6.268980418499868}, "geometry": {"type": "Point", "coordinates": [-113.54664189196605, 53.758287923337384]}}, {"type": "Feature", "properties": {"t": "2026-04-21T08:05:00+00:00Z", "z_m": 7.36181195500971}, "geometry": {"type": "Point", "coordinates": [-113.56312020112617, 53.74996602746718]}}, {"type": "Feature", "properties": {"t": "2026-04-21T08:05:00+00:00Z", "z_m": 7.397028070609286}, "geometry": {"type": "Point", "coordinates": [-113.56224777723084, 53.758280309764075]}}, {"type": "Feature", "properties": {"t": "2026-04-21T08:05:00+00:00Z", "z_m": 10.893886645326182}, "geometry": {"type": "Point", "coordinates": [-113.54804716466504, 53.75966001938679]}}, {"type": "Feature", "properties": {"t": "2026-04-21T08:05:00+00:00Z", "z_m": 19.075333134415285}, "geometry": {"type": "Point", "coordinates": [-113.55976069538862, 53.75284457414923]}}, {"type": "Feature", "properties": {"t": "2026-04-21T08:05:00+00:00Z", "z_m": 6.904948430843206}, "geometry": {"type": "Point", "coordinates": [-113.55755401008192, 53.75223190101497]}}, {"type": "Feature", "properties": {"t": "2026-04-21T08:05:00+00:00Z", "z_m": 10.342201963254118}, "geometry": {"type": "Point", "coordinates": [-113.55348103940496, 53.75909566098743]}}, {"type": "Feature", "properties": {"t": "2026-04-21T08:05:00+00:00Z", "z_m": 6.804987998336798}, "geometry": {"type": "Point", "coordinates": [-113.54554478632413, 53.755770682392594]}}, {"type": "Feature", "properties": {"t": "2026-04-21T08:05:00+00:00Z", "z_m": 10.680190950395563}, "geometry": {"type": "Point", "coordinates": [-113.5538618636576, 53.76564696490403]}}, {"type": "Feature", "properties": {"t": "2026-04-21T08:05:00+00:00Z", "z_m": 5.256638591268746}, "geometry": {"type": "Point", "coordinates": [-113.54165416358823, 53.75502003263058]}}, {"type": "Feature", "properties": {"t": "2026-04-21T08:05:00+00:00Z", "z_m": 18.030656293393854}, "geometry": {"type": "Point", "coordinates": [-113.55278437752332, 53.762992536908364]}}, {"type": "Feature", "properties": {"t": "2026-04-21T08:05:00+00:00Z", "z_m": 17.90237090348921}, "geometry": {"type": "Point", "coordinates": [-113.5483197337138, 53.76067114607896]}}, {"type": "Feature", "properties": {"t": "2026-04-21T08:05:00+00:00Z", "z_m": 9.283659372648355}, "geometry": {"type": "Point", "coordinates": [-113.54586538775948, 53.75990713550265]}}, {"type": "Feature", "properties": {"t": "2026-04-21T08:05:00+00:00Z", "z_m": 6.815145132932277}, "geometry": {"type": "Point", "coordinates": [-113.55766695517443, 53.75792783236582]}}, {"type": "Feature", "properties": {"t": "2026-04-21T08:05:00+00:00Z", "z_m": 10.696972467504587}, "geometry": {"type": "Point", "coordinates": [-113.56807106507868, 53.758248208640836]}}, {"type": "Feature", "properties": {"t": "2026-04-21T08:05:00+00:00Z", "z_m": 6.622194572272436}, "geometry": {"type": "Point", "coordinates": [-113.55429712558463, 53.76498407357921]}}, {"type": "Feature", "properties": {"t": "2026-04-21T08:05:00+00:00Z", "z_m": 6.455836747795821}, "geometry": {"type": "Point", "coordinates": [-113.54819018800049, 53.76115213699727]}}, {"type": "Feature", "properties": {"t": "2026-04-21T08:05:00+00:00Z", "z_m": 5.774297859525143}, "geometry": {"type": "Point", "coordinates": [-113.54851947747522, 53.76075420807964]}}, {"type": "Feature", "properties": {"t": "2026-04-21T08:05:00+00:00Z", "z_m": 15.28388507363287}, "geometry": {"type": "Point", "coordinates": [-113.54047111642441, 53.75582723009283]}}, {"type": "Feature", "properties": {"t": "2026-04-21T08:05:00+00:00Z", "z_m": 11.607045232004054}, "geometry": {"type": "Point", "coordinates": [-113.54336195458946, 53.75696911308279]}}, {"type": "Feature", "properties": {"t": "2026-04-21T08:05:00+00:00Z", "z_m": 5.272378560126739}, "geometry": {"type": "Point", "coordinates": [-113.54359828760568, 53.75565438957704]}}, {"type": "Feature", "properties": {"t": "2026-04-21T08:05:00+00:00Z", "z_m": 2.905298719838105}, "geometry": {"type": "Point", "coordinates": [-113.5494184547286, 53.76304498234785]}}, {"type": "Feature", "properties": {"t": "2026-04-21T08:05:00+00:00Z", "z_m": 2.0}, "geometry": {"type": "Point", "coordinates": [-113.55315445300167, 53.76388374514246]}}, {"type": "Feature", "properties": {"t": "2026-04-21T08:05:00+00:00Z", "z_m": 15.656342421824055}, "geometry": {"type": "Point", "coordinates": [-113.54665196512234, 53.757754536514724]}}, {"type": "Feature", "properties": {"t": "2026-04-21T08:05:00+00:00Z", "z_m": 7.283713203331231}, "geometry": {"type": "Point", "coordinates": [-113.5635168079741, 53.758877864159935]}}, {"type": "Feature", "properties": {"t": "2026-04-21T08:05:00+00:00Z", "z_m": 13.285008521176188}, "geometry": {"type": "Point", "coordinates": [-113.54808036541444, 53.75921699754584]}}, {"type": "Feature", "properties": {"t": "2026-04-21T08:05:00+00:00Z", "z_m": 2.0}, "geometry": {"type": "Point", "coordinates": [-113.55035855633477, 53.76147038398323]}}, {"type": "Feature", "properties": {"t": "2026-04-21T08:05:00+00:00Z", "z_m": 4.810307468464377}, "geometry": {"type": "Point", "coordinates": [-113.55577027290302, 53.75736082950453]}}, {"type": "Feature", "properties": {"t": "2026-04-21T08:05:00+00:00Z", "z_m": 11.523195311334979}, "geometry": {"type": "Point", "coordinates": [-113.55955150169336, 53.75014420607116]}}, {"type": "Feature", "properties": {"t": "2026-04-21T08:05:00+00:00Z", "z_m": 16.139186041715337}, "geometry": {"type": "Point", "coordinates": [-113.54537526938435, 53.75650071201491]}}, {"type": "Feature", "properties": {"t": "2026-04-21T08:05:00+00:00Z", "z_m": 13.6697442879649}, "geometry": {"type": "Point", "coordinates": [-113.55026689449606, 53.76000783339484]}}, {"type": "Feature", "properties": {"t": "2026-04-21T08:00:00+00:00Z", "z_m": 3.7151648176328966}, "geometry": {"type": "Point", "coordinates": [-113.55262514716435, 53.762793609820015]}}, {"type": "Feature", "properties": {"t": "2026-04-21T08:00:00+00:00Z", "z_m": 4.872315775943887}, "geometry": {"type": "Point", "coordinates": [-113.55543082203407, 53.7649772155444]}}, {"type": "Feature", "properties": {"t": "2026-04-21T08:00:00+00:00Z", "z_m": 17.48440211710799}, "geometry": {"type": "Point", "coordinates": [-113.55236987715607, 53.7613071917231]}}, {"type": "Feature", "properties": {"t": "2026-04-21T08:00:00+00:00Z", "z_m": 8.430058510923097}, "geometry": {"type": "Point", "coordinates": [-113.5514941026239, 53.76312607115281]}}, {"type": "Feature", "properties": {"t": "2026-04-21T08:00:00+00:00Z", "z_m": 4.989643526672554}, "geometry": {"type": "Point", "coordinates": [-113.54295639104942, 53.76027384088356]}}, {"type": "Feature", "properties": {"t": "2026-04-21T08:00:00+00:00Z", "z_m": 13.381641926895632}, "geometry": {"type": "Point", "coordinates": [-113.54811137054459, 53.75615659111254]}}, {"type": "Feature", "properties": {"t": "2026-04-21T08:00:00+00:00Z", "z_m": 19.56801145097415}, "geometry": {"type": "Point", "coordinates": [-113.54906470291984, 53.7554944794416]}}, {"type": "Feature", "properties": {"t": "2026-04-21T08:00:00+00:00Z", "z_m": 9.393908279993102}, "geometry": {"type": "Point", "coordinates": [-113.55069439582431, 53.76216865094105]}}, {"type": "Feature", "properties": {"t": "2026-04-21T08:00:00+00:00Z", "z_m": 20.0}, "geometry": {"type": "Point", "coordinates": [-113.55315876377865, 53.76449853494582]}}, {"type": "Feature", "properties": {"t": "2026-04-21T08:00:00+00:00Z", "z_m": 10.860099872088476}, "geometry": {"type": "Point", "coordinates": [-113.56005945403174, 53.74817203271498]}}, {"type": "Feature", "properties": {"t": "2026-04-21T08:00:00+00:00Z", "z_m": 10.343031427124243}, "geometry": {"type": "Point", "coordinates": [-113.55634611764131, 53.76567077198737]}}, {"type": "Feature", "properties": {"t": "2026-04-21T08:00:00+00:00Z", "z_m": 3.4159979130481006}, "geometry": {"type": "Point", "coordinates": [-113.55587116871745, 53.76566037999455]}}, {"type": "Feature", "properties": {"t": "2026-04-21T08:00:00+00:00Z", "z_m": 14.102108808124477}, "geometry": {"type": "Point", "coordinates": [-113.5486359466677, 53.7582420963833]}}, {"type": "Feature", "properties": {"t": "2026-04-21T08:00:00+00:00Z", "z_m": 8.699894131017286}, "geometry": {"type": "Point", "coordinates": [-113.55063265759323, 53.75853309795897]}}, {"type": "Feature", "properties": {"t": "2026-04-21T08:00:00+00:00Z", "z_m": 8.168399681685994}, "geometry": {"type": "Point", "coordinates": [-113.54767093900354, 53.760596260154465]}}, {"type": "Feature", "properties": {"t": "2026-04-21T08:00:00+00:00Z", "z_m": 6.504912807181843}, "geometry": {"type": "Point", "coordinates": [-113.54785822835916, 53.75948491671666]}}, {"type": "Feature", "properties": {"t": "2026-04-21T08:00:00+00:00Z", "z_m": 10.856856918443631}, "geometry": {"type": "Point", "coordinates": [-113.55299052388352, 53.765033386961484]}}, {"type": "Feature", "properties": {"t": "2026-04-21T08:00:00+00:00Z", "z_m": 6.813133508560031}, "geometry": {"type": "Point", "coordinates": [-113.54921770733809, 53.76524449359935]}}, {"type": "Feature", "properties": {"t": "2026-04-21T08:00:00+00:00Z", "z_m": 11.190081811742514}, "geometry": {"type": "Point", "coordinates": [-113.55823243305112, 53.764535473258356]}}, {"type": "Feature", "properties": {"t": "2026-04-21T08:00:00+00:00Z", "z_m": 8.374530902513268}, "geometry": {"type": "Point", "coordinates": [-113.5465579123232, 53.761250994027215]}}, {"type": "Feature", "properties": {"t": "2026-04-21T08:00:00+00:00Z", "z_m": 8.6725493009788}, "geometry": {"type": "Point", "coordinates": [-113.56760470327224, 53.753556593041004]}}, {"type": "Feature", "properties": {"t": "2026-04-21T08:00:00+00:00Z", "z_m": 10.731749008686135}, "geometry": {"type": "Point", "coordinates": [-113.56828303880636, 53.762140851144125]}}, {"type": "Feature", "properties": {"t": "2026-04-21T08:00:00+00:00Z", "z_m": 12.623856574663062}, "geometry": {"type": "Point", "coordinates": [-113.55263827686933, 53.76238999188299]}}, {"type": "Feature", "properties": {"t": "2026-04-21T08:00:00+00:00Z", "z_m": 18.424039083273836}, "geometry": {"type": "Point", "coordinates": [-113.56222909315179, 53.75654270786223]}}, {"type": "Feature", "properties": {"t": "2026-04-21T08:00:00+00:00Z", "z_m": 7.253418915197213}, "geometry": {"type": "Point", "coordinates": [-113.56070196029734, 53.754680933095074]}}, {"type": "Feature", "properties": {"t": "2026-04-21T08:00:00+00:00Z", "z_m": 11.241188486376096}, "geometry": {"type": "Point", "coordinates": [-113.55655817775028, 53.76314166152092]}}, {"type": "Feature", "properties": {"t": "2026-04-21T08:00:00+00:00Z", "z_m": 5.733960035822636}, "geometry": {"type": "Point", "coordinates": [-113.54569877622077, 53.7580698259551]}}, {"type": "Feature", "properties": {"t": "2026-04-21T08:00:00+00:00Z", "z_m": 8.31868370114521}, "geometry": {"type": "Point", "coordinates": [-113.55662574873107, 53.76677285333743]}}, {"type": "Feature", "properties": {"t": "2026-04-21T08:00:00+00:00Z", "z_m": 7.040215786973806}, "geometry": {"type": "Point", "coordinates": [-113.54710695684741, 53.75712653067998]}}, {"type": "Feature", "properties": {"t": "2026-04-21T08:00:00+00:00Z", "z_m": 18.688069366120654}, "geometry": {"type": "Point", "coordinates": [-113.5565440200158, 53.7656815896801]}}, {"type": "Feature", "properties": {"t": "2026-04-21T08:00:00+00:00Z", "z_m": 16.247954119536196}, "geometry": {"type": "Point", "coordinates": [-113.5519675087244, 53.76253146518493]}}, {"type": "Feature", "properties": {"t": "2026-04-21T08:00:00+00:00Z", "z_m": 8.55773101522996}, "geometry": {"type": "Point", "coordinates": [-113.55081883080537, 53.76217145268839]}}, {"type": "Feature", "properties": {"t": "2026-04-21T08:00:00+00:00Z", "z_m": 10.054104740928262}, "geometry": {"type": "Point", "coordinates": [-113.56062868690984, 53.76033111596987]}}, {"type": "Feature", "properties": {"t": "2026-04-21T08:00:00+00:00Z", "z_m": 12.237253497154866}, "geometry": {"type": "Point", "coordinates": [-113.57088934045015, 53.76147642761474]}}, {"type": "Feature", "properties": {"t": "2026-04-21T08:00:00+00:00Z", "z_m": 7.542977874219309}, "geometry": {"type": "Point", "coordinates": [-113.56011500109855, 53.76657817572548]}}, {"type": "Feature", "properties": {"t": "2026-04-21T08:00:00+00:00Z", "z_m": 6.9069611655523495}, "geometry": {"type": "Point", "coordinates": [-113.55213206130121, 53.76402103902432]}}, {"type": "Feature", "properties": {"t": "2026-04-21T08:00:00+00:00Z", "z_m": 2.413566725018401}, "geometry": {"type": "Point", "coordinates": [-113.55019714222755, 53.76339370379981]}}, {"type": "Feature", "properties": {"t": "2026-04-21T08:00:00+00:00Z", "z_m": 16.12917131146175}, "geometry": {"type": "Point", "coordinates": [-113.54558689212641, 53.757356204795414]}}, {"type": "Feature", "properties": {"t": "2026-04-21T08:00:00+00:00Z", "z_m": 13.256289007505236}, "geometry": {"type": "Point", "coordinates": [-113.54553799823691, 53.759248571955894]}}, {"type": "Feature", "properties": {"t": "2026-04-21T08:00:00+00:00Z", "z_m": 4.250098322290562}, "geometry": {"type": "Point", "coordinates": [-113.54795407715443, 53.757351685278785]}}, {"type": "Feature", "properties": {"t": "2026-04-21T08:00:00+00:00Z", "z_m": 3.424421601538474}, "geometry": {"type": "Point", "coordinates": [-113.5506873936815, 53.76514601849366]}}, {"type": "Feature", "properties": {"t": "2026-04-21T08:00:00+00:00Z", "z_m": 2.865781413942258}, "geometry": {"type": "Point", "coordinates": [-113.55788885904127, 53.767037086095385]}}, {"type": "Feature", "properties": {"t": "2026-04-21T08:00:00+00:00Z", "z_m": 15.695226556026414}, "geometry": {"type": "Point", "coordinates": [-113.55013753766073, 53.76096425501082]}}, {"type": "Feature", "properties": {"t": "2026-04-21T08:00:00+00:00Z", "z_m": 4.478908920383343}, "geometry": {"type": "Point", "coordinates": [-113.56580318409603, 53.76080179060026]}}, {"type": "Feature", "properties": {"t": "2026-04-21T08:00:00+00:00Z", "z_m": 12.49334677073755}, "geometry": {"type": "Point", "coordinates": [-113.54827038791018, 53.763377119412546]}}, {"type": "Feature", "properties": {"t": "2026-04-21T08:00:00+00:00Z", "z_m": 2.171512367059104}, "geometry": {"type": "Point", "coordinates": [-113.5529274938923, 53.76505677010066]}}, {"type": "Feature", "properties": {"t": "2026-04-21T08:00:00+00:00Z", "z_m": 6.033608138074626}, "geometry": {"type": "Point", "coordinates": [-113.55888498502725, 53.760402489033744]}}, {"type": "Feature", "properties": {"t": "2026-04-21T08:00:00+00:00Z", "z_m": 12.615666420961816}, "geometry": {"type": "Point", "coordinates": [-113.55819933657261, 53.75356651220001]}}, {"type": "Feature", "properties": {"t": "2026-04-21T08:00:00+00:00Z", "z_m": 18.133859132742913}, "geometry": {"type": "Point", "coordinates": [-113.54705413982109, 53.759647867588136]}}, {"type": "Feature", "properties": {"t": "2026-04-21T08:00:00+00:00Z", "z_m": 14.723098296831756}, "geometry": {"type": "Point", "coordinates": [-113.553563437061, 53.762794313107904]}}, {"type": "Feature", "properties": {"t": "2026-04-21T10:00:00+00:00Z", "z_m": 40.0}, "geometry": {"type": "Point", "coordinates": [-113.48617710528134, 53.54955745210223]}}, {"type": "Feature", "properties": {"t": "2026-04-21T10:00:00+00:00Z", "z_m": 40.0}, "geometry": {"type": "Point", "coordinates": [-113.48591283016, 53.54951888205257]}}, {"type": "Feature", "properties": {"t": "2026-04-21T10:00:00+00:00Z", "z_m": 40.0}, "geometry": {"type": "Point", "coordinates": [-113.48600119218541, 53.54950470625067]}}, {"type": "Feature", "properties": {"t": "2026-04-21T10:00:00+00:00Z", "z_m": 40.0}, "geometry": {"type": "Point", "coordinates": [-113.48611017472703, 53.54939475235655]}}, {"type": "Feature", "properties": {"t": "2026-04-21T10:00:00+00:00Z", "z_m": 40.0}, "geometry": {"type": "Point", "coordinates": [-113.48590564510612, 53.54953468804313]}}, {"type": "Feature", "properties": {"t": "2026-04-21T10:00:00+00:00Z", "z_m": 40.0}, "geometry": {"type": "Point", "coordinates": [-113.48596315823654, 53.549484562912134]}}, {"type": "Feature", "properties": {"t": "2026-04-21T10:00:00+00:00Z", "z_m": 40.0}, "geometry": {"type": "Point", "coordinates": [-113.48612424058689, 53.54946748589623]}}, {"type": "Feature", "properties": {"t": "2026-04-21T10:00:00+00:00Z", "z_m": 40.0}, "geometry": {"type": "Point", "coordinates": [-113.48589342746432, 53.54936100001844]}}, {"type": "Feature", "properties": {"t": "2026-04-21T10:00:00+00:00Z", "z_m": 40.0}, "geometry": {"type": "Point", "coordinates": [-113.48607910469283, 53.54946990475185]}}, {"type": "Feature", "properties": {"t": "2026-04-21T10:00:00+00:00Z", "z_m": 40.0}, "geometry": {"type": "Point", "coordinates": [-113.48581432167757, 53.54943606756547]}}, {"type": "Feature", "properties": {"t": "2026-04-21T10:00:00+00:00Z", "z_m": 40.0}, "geometry": {"type": "Point", "coordinates": [-113.486089561163, 53.549560754351184]}}, {"type": "Feature", "properties": {"t": "2026-04-21T10:00:00+00:00Z", "z_m": 40.0}, "geometry": {"type": "Point", "coordinates": [-113.48596280275476, 53.549493365740574]}}, {"type": "Feature", "properties": {"t": "2026-04-21T10:00:00+00:00Z", "z_m": 40.0}, "geometry": {"type": "Point", "coordinates": [-113.48601407168181, 53.54939205758967]}}, {"type": "Feature", "properties": {"t": "2026-04-21T10:00:00+00:00Z", "z_m": 40.0}, "geometry": {"type": "Point", "coordinates": [-113.48581905708836, 53.5494996706535]}}, {"type": "Feature", "properties": {"t": "2026-04-21T10:00:00+00:00Z", "z_m": 40.0}, "geometry": {"type": "Point", "coordinates": [-113.48592357201183, 53.54961136324713]}}, {"type": "Feature", "properties": {"t": "2026-04-21T10:00:00+00:00Z", "z_m": 40.0}, "geometry": {"type": "Point", "coordinates": [-113.4860387943284, 53.549596877514844]}}, {"type": "Feature", "properties": {"t": "2026-04-21T10:00:00+00:00Z", "z_m": 40.0}, "geometry": {"type": "Point", "coordinates": [-113.48598304236982, 53.5495514043167]}}, {"type": "Feature", "properties": {"t": "2026-04-21T10:00:00+00:00Z", "z_m": 40.0}, "geometry": {"type": "Point", "coordinates": [-113.48606557002451, 53.549443963233784]}}, {"type": "Feature", "properties": {"t": "2026-04-21T10:00:00+00:00Z", "z_m": 40.0}, "geometry": {"type": "Point", "coordinates": [-113.486055722421, 53.54964814511827]}}, {"type": "Feature", "properties": {"t": "2026-04-21T10:00:00+00:00Z", "z_m": 40.0}, "geometry": {"type": "Point", "coordinates": [-113.48596923200276, 53.54960579603797]}}, {"type": "Feature", "properties": {"t": "2026-04-21T10:00:00+00:00Z", "z_m": 40.0}, "geometry": {"type": "Point", "coordinates": [-113.48590103486117, 53.54947481612223]}}, {"type": "Feature", "properties": {"t": "2026-04-21T10:00:00+00:00Z", "z_m": 40.0}, "geometry": {"type": "Point", "coordinates": [-113.48619172413876, 53.54950955109908]}}, {"type": "Feature", "properties": {"t": "2026-04-21T10:00:00+00:00Z", "z_m": 40.0}, "geometry": {"type": "Point", "coordinates": [-113.48630331050153, 53.54966883689203]}}, {"type": "Feature", "properties": {"t": "2026-04-21T10:00:00+00:00Z", "z_m": 40.0}, "geometry": {"type": "Point", "coordinates": [-113.48570845704084, 53.54952965356426]}}, {"type": "Feature", "properties": {"t": "2026-04-21T10:00:00+00:00Z", "z_m": 40.0}, "geometry": {"type": "Point", "coordinates": [-113.48612982301378, 53.54951970991989]}}, {"type": "Feature", "properties": {"t": "2026-04-21T10:00:00+00:00Z", "z_m": 40.0}, "geometry": {"type": "Point", "coordinates": [-113.48613825396993, 53.54941669936313]}}, {"type": "Feature", "properties": {"t": "2026-04-21T10:00:00+00:00Z", "z_m": 40.0}, "geometry": {"type": "Point", "coordinates": [-113.48610124937696, 53.54954375680331]}}, {"type": "Feature", "properties": {"t": "2026-04-21T10:00:00+00:00Z", "z_m": 40.0}, "geometry": {"type": "Point", "coordinates": [-113.48612941408253, 53.54950970581048]}}, {"type": "Feature", "properties": {"t": "2026-04-21T10:00:00+00:00Z", "z_m": 40.0}, "geometry": {"type": "Point", "coordinates": [-113.48597336382488, 53.54943613019143]}}, {"type": "Feature", "properties": {"t": "2026-04-21T10:00:00+00:00Z", "z_m": 40.0}, "geometry": {"type": "Point", "coordinates": [-113.48594484566968, 53.54954102306319]}}, {"type": "Feature", "properties": {"t": "2026-04-21T10:00:00+00:00Z", "z_m": 40.0}, "geometry": {"type": "Point", "coordinates": [-113.48597122504168, 53.54947817520497]}}, {"type": "Feature", "properties": {"t": "2026-04-21T10:00:00+00:00Z", "z_m": 40.0}, "geometry": {"type": "Point", "coordinates": [-113.48595895285183, 53.549277657760015]}}, {"type": "Feature", "properties": {"t": "2026-04-21T10:00:00+00:00Z", "z_m": 40.0}, "geometry": {"type": "Point", "coordinates": [-113.48614028158502, 53.54945237247012]}}, {"type": "Feature", "properties": {"t": "2026-04-21T10:00:00+00:00Z", "z_m": 40.0}, "geometry": {"type": "Point", "coordinates": [-113.48580426106867, 53.54965104779432]}}, {"type": "Feature", "properties": {"t": "2026-04-21T10:00:00+00:00Z", "z_m": 40.0}, "geometry": {"type": "Point", "coordinates": [-113.48606396353304, 53.54940659093281]}}, {"type": "Feature", "properties": {"t": "2026-04-21T10:00:00+00:00Z", "z_m": 40.0}, "geometry": {"type": "Point", "coordinates": [-113.48608705163883, 53.5494946670459]}}, {"type": "Feature", "properties": {"t": "2026-04-21T10:00:00+00:00Z", "z_m": 40.0}, "geometry": {"type": "Point", "coordinates": [-113.48591001560398, 53.54942500907056]}}, {"type": "Feature", "properties": {"t": "2026-04-21T10:00:00+00:00Z", "z_m": 40.0}, "geometry": {"type": "Point", "coordinates": [-113.48586725848565, 53.54947396635369]}}, {"type": "Feature", "properties": {"t": "2026-04-21T10:00:00+00:00Z", "z_m": 40.0}, "geometry": {"type": "Point", "coordinates": [-113.4863215999563, 53.5495061133634]}}, {"type": "Feature", "properties": {"t": "2026-04-21T10:00:00+00:00Z", "z_m": 40.0}, "geometry": {"type": "Point", "coordinates": [-113.48598775137019, 53.549366304344424]}}, {"type": "Feature", "properties": {"t": "2026-04-21T10:00:00+00:00Z", "z_m": 40.0}, "geometry": {"type": "Point", "coordinates": [-113.48598817140997, 53.54959467875033]}}, {"type": "Feature", "properties": {"t": "2026-04-21T10:00:00+00:00Z", "z_m": 40.0}, "geometry": {"type": "Point", "coordinates": [-113.48631755991502, 53.54928848924304]}}, {"type": "Feature", "properties": {"t": "2026-04-21T10:00:00+00:00Z", "z_m": 40.0}, "geometry": {"type": "Point", "coordinates": [-113.48599932592457, 53.549643724746026]}}, {"type": "Feature", "properties": {"t": "2026-04-21T10:00:00+00:00Z", "z_m": 40.0}, "geometry": {"type": "Point", "coordinates": [-113.48597782785363, 53.549535871318255]}}, {"type": "Feature", "properties": {"t": "2026-04-21T10:00:00+00:00Z", "z_m": 40.0}, "geometry": {"type": "Point", "coordinates": [-113.48609009957366, 53.54955425122745]}}, {"type": "Feature", "properties": {"t": "2026-04-21T10:00:00+00:00Z", "z_m": 40.0}, "geometry": {"type": "Point", "coordinates": [-113.48612149621796, 53.549532768907824]}}, {"type": "Feature", "properties": {"t": "2026-04-21T10:00:00+00:00Z", "z_m": 40.0}, "geometry": {"type": "Point", "coordinates": [-113.48595951045937, 53.54931347531182]}}, {"type": "Feature", "properties": {"t": "2026-04-21T10:00:00+00:00Z", "z_m": 40.0}, "geometry": {"type": "Point", "coordinates": [-113.48592650851757, 53.549448451695696]}}, {"type": "Feature", "properties": {"t": "2026-04-21T10:00:00+00:00Z", "z_m": 40.0}, "geometry": {"type": "Point", "coordinates": [-113.48636595421058, 53.54935707656552]}}, {"type": "Feature", "properties": {"t": "2026-04-21T10:00:00+00:00Z", "z_m": 40.0}, "geometry": {"type": "Point", "coordinates": [-113.48571778478342, 53.549568260766634]}}, {"type": "Feature", "properties": {"t": "2026-04-21T09:55:00+00:00Z", "z_m": 18.281463263099614}, "geometry": {"type": "Point", "coordinates": [-113.49138018182559, 53.565470014010586]}}, {"type": "Feature", "properties": {"t": "2026-04-21T09:55:00+00:00Z", "z_m": 18.799579958781333}, "geometry": {"type": "Point", "coordinates": [-113.49397504817392, 53.56593855774582]}}, {"type": "Feature", "properties": {"t": "2026-04-21T09:55:00+00:00Z", "z_m": 18.53619020688789}, "geometry": {"type": "Point", "coordinates": [-113.49046438556928, 53.567083137144046]}}, {"type": "Feature", "properties": {"t": "2026-04-21T09:55:00+00:00Z", "z_m": 18.69672969110295}, "geometry": {"type": "Point", "coordinates": [-113.49208101077542, 53.56589584781982]}}, {"type": "Feature", "properties": {"t": "2026-04-21T09:55:00+00:00Z", "z_m": 20.0}, "geometry": {"type": "Point", "coordinates": [-113.49248245660146, 53.56652088207903]}}, {"type": "Feature", "properties": {"t": "2026-04-21T09:55:00+00:00Z", "z_m": 19.621910211149164}, "geometry": {"type": "Point", "coordinates": [-113.49393990573796, 53.56479748154646]}}, {"type": "Feature", "properties": {"t": "2026-04-21T09:55:00+00:00Z", "z_m": 17.836527078316468}, "geometry": {"type": "Point", "coordinates": [-113.49167315256182, 53.565667657872545]}}, {"type": "Feature", "properties": {"t": "2026-04-21T09:55:00+00:00Z", "z_m": 19.60861685819966}, "geometry": {"type": "Point", "coordinates": [-113.49375205727377, 53.56517708678284]}}, {"type": "Feature", "properties": {"t": "2026-04-21T09:55:00+00:00Z", "z_m": 17.70263915905981}, "geometry": {"type": "Point", "coordinates": [-113.48984070868865, 53.56523842372279]}}, {"type": "Feature", "properties": {"t": "2026-04-21T09:55:00+00:00Z", "z_m": 18.936384554262425}, "geometry": {"type": "Point", "coordinates": [-113.49125400269936, 53.566501820652554]}}, {"type": "Feature", "properties": {"t": "2026-04-21T09:55:00+00:00Z", "z_m": 18.909369210145677}, "geometry": {"type": "Point", "coordinates": [-113.4907278237338, 53.56540328103542]}}, {"type": "Feature", "properties": {"t": "2026-04-21T09:55:00+00:00Z", "z_m": 20.0}, "geometry": {"type": "Point", "coordinates": [-113.49140526318504, 53.566797773830125]}}, {"type": "Feature", "properties": {"t": "2026-04-21T09:55:00+00:00Z", "z_m": 18.040310607254362}, "geometry": {"type": "Point", "coordinates": [-113.49041686051397, 53.56548896175682]}}, {"type": "Feature", "properties": {"t": "2026-04-21T09:55:00+00:00Z", "z_m": 17.358437974012798}, "geometry": {"type": "Point", "coordinates": [-113.48915655723052, 53.565728996108405]}}, {"type": "Feature", "properties": {"t": "2026-04-21T09:55:00+00:00Z", "z_m": 20.0}, "geometry": {"type": "Point", "coordinates": [-113.49175958432795, 53.565688248866216]}}, {"type": "Feature", "properties": {"t": "2026-04-21T09:55:00+00:00Z", "z_m": 20.0}, "geometry": {"type": "Point", "coordinates": [-113.49191854994247, 53.56549701167262]}}, {"type": "Feature", "properties": {"t": "2026-04-21T09:55:00+00:00Z", "z_m": 19.647108787962434}, "geometry": {"type": "Point", "coordinates": [-113.49467938385752, 53.565483048243415]}}, {"type": "Feature", "properties": {"t": "2026-04-21T09:55:00+00:00Z", "z_m": 19.08434299640216}, "geometry": {"type": "Point", "coordinates": [-113.491290367864, 53.56527993045937]}}, {"type": "Feature", "properties": {"t": "2026-04-21T09:55:00+00:00Z", "z_m": 19.180490600854945}, "geometry": {"type": "Point", "coordinates": [-113.4923978685769, 53.56604038510769]}}, {"type": "Feature", "properties": {"t": "2026-04-21T09:55:00+00:00Z", "z_m": 19.234416812286938}, "geometry": {"type": "Point", "coordinates": [-113.48972310071093, 53.56692065396198]}}, {"type": "Feature", "properties": {"t": "2026-04-21T09:55:00+00:00Z", "z_m": 20.0}, "geometry": {"type": "Point", "coordinates": [-113.4918892841325, 53.5651287808503]}}, {"type": "Feature", "properties": {"t": "2026-04-21T09:55:00+00:00Z", "z_m": 20.0}, "geometry": {"type": "Point", "coordinates": [-113.49130321846069, 53.56452826045758]}}, {"type": "Feature", "properties": {"t": "2026-04-21T09:55:00+00:00Z", "z_m": 20.0}, "geometry": {"type": "Point", "coordinates": [-113.49077809863333, 53.56500139624131]}}, {"type": "Feature", "properties": {"t": "2026-04-21T09:55:00+00:00Z", "z_m": 19.16804728325421}, "geometry": {"type": "Point", "coordinates": [-113.4918024997836, 53.56572896738028]}}, {"type": "Feature", "properties": {"t": "2026-04-21T09:55:00+00:00Z", "z_m": 19.706348372273375}, "geometry": {"type": "Point", "coordinates": [-113.49000905465513, 53.56574283077266]}}, {"type": "Feature", "properties": {"t": "2026-04-21T09:55:00+00:00Z", "z_m": 17.050540856943748}, "geometry": {"type": "Point", "coordinates": [-113.49189101259293, 53.56634110336502]}}, {"type": "Feature", "properties": {"t": "2026-04-21T09:55:00+00:00Z", "z_m": 18.019579046171568}, "geometry": {"type": "Point", "coordinates": [-113.49146825044161, 53.56633493598398]}}, {"type": "Feature", "properties": {"t": "2026-04-21T09:55:00+00:00Z", "z_m": 18.853843901885615}, "geometry": {"type": "Point", "coordinates": [-113.49062347146054, 53.56670694673078]}}, {"type": "Feature", "properties": {"t": "2026-04-21T09:55:00+00:00Z", "z_m": 19.362801989694642}, "geometry": {"type": "Point", "coordinates": [-113.4920179942307, 53.565486915824216]}}, {"type": "Feature", "properties": {"t": "2026-04-21T09:55:00+00:00Z", "z_m": 19.472898142835696}, "geometry": {"type": "Point", "coordinates": [-113.49087595676274, 53.566889842282485]}}, {"type": "Feature", "properties": {"t": "2026-04-21T09:55:00+00:00Z", "z_m": 19.257444825823594}, "geometry": {"type": "Point", "coordinates": [-113.49032445935488, 53.56580485884229]}}, {"type": "Feature", "properties": {"t": "2026-04-21T09:55:00+00:00Z", "z_m": 20.0}, "geometry": {"type": "Point", "coordinates": [-113.4921520718341, 53.56571971615572]}}, {"type": "Feature", "properties": {"t": "2026-04-21T09:55:00+00:00Z", "z_m": 20.0}, "geometry": {"type": "Point", "coordinates": [-113.49012070317946, 53.565354220825064]}}, {"type": "Feature", "properties": {"t": "2026-04-21T09:55:00+00:00Z", "z_m": 20.0}, "geometry": {"type": "Point", "coordinates": [-113.49240043855697, 53.56650236581893]}}, {"type": "Feature", "properties": {"t": "2026-04-21T09:55:00+00:00Z", "z_m": 20.0}, "geometry": {"type": "Point", "coordinates": [-113.49221248909089, 53.56500386363448]}}, {"type": "Feature", "properties": {"t": "2026-04-21T09:55:00+00:00Z", "z_m": 19.37846679044158}, "geometry": {"type": "Point", "coordinates": [-113.48941441171199, 53.565631178247465]}}, {"type": "Feature", "properties": {"t": "2026-04-21T09:55:00+00:00Z", "z_m": 19.366046413403723}, "geometry": {"type": "Point", "coordinates": [-113.49039116550823, 53.56642197608971]}}, {"type": "Feature", "properties": {"t": "2026-04-21T09:55:00+00:00Z", "z_m": 18.608372616112206}, "geometry": {"type": "Point", "coordinates": [-113.49325843622763, 53.56666625547935]}}, {"type": "Feature", "properties": {"t": "2026-04-21T09:55:00+00:00Z", "z_m": 18.42098593357656}, "geometry": {"type": "Point", "coordinates": [-113.48984905055718, 53.56649330359091]}}, {"type": "Feature", "properties": {"t": "2026-04-21T09:55:00+00:00Z", "z_m": 19.924126919212313}, "geometry": {"type": "Point", "coordinates": [-113.4944895242199, 53.56543097728514]}}, {"type": "Feature", "properties": {"t": "2026-04-21T09:55:00+00:00Z", "z_m": 18.587022218771192}, "geometry": {"type": "Point", "coordinates": [-113.49060948042253, 53.56556120427593]}}, {"type": "Feature", "properties": {"t": "2026-04-21T09:55:00+00:00Z", "z_m": 17.96825481094114}, "geometry": {"type": "Point", "coordinates": [-113.49280023006853, 53.565508511115965]}}, {"type": "Feature", "properties": {"t": "2026-04-21T09:55:00+00:00Z", "z_m": 19.01763202239554}, "geometry": {"type": "Point", "coordinates": [-113.48944547672224, 53.56654946532604]}}, {"type": "Feature", "properties": {"t": "2026-04-21T09:55:00+00:00Z", "z_m": 18.844469984199275}, "geometry": {"type": "Point", "coordinates": [-113.49059271072994, 53.565225643131605]}}, {"type": "Feature", "properties": {"t": "2026-04-21T09:55:00+00:00Z", "z_m": 19.518120571650638}, "geometry": {"type": "Point", "coordinates": [-113.48844294913131, 53.56762520832368]}}, {"type": "Feature", "properties": {"t": "2026-04-21T09:55:00+00:00Z", "z_m": 19.15179836125171}, "geometry": {"type": "Point", "coordinates": [-113.49030482648611, 53.566726489022784]}}, {"type": "Feature", "properties": {"t": "2026-04-21T09:55:00+00:00Z", "z_m": 16.738152874027392}, "geometry": {"type": "Point", "coordinates": [-113.49176260462492, 53.564251830831594]}}, {"type": "Feature", "properties": {"t": "2026-04-21T09:55:00+00:00Z", "z_m": 19.414504697008304}, "geometry": {"type": "Point", "coordinates": [-113.49287278778804, 53.56569384613068]}}, {"type": "Feature", "properties": {"t": "2026-04-21T09:55:00+00:00Z", "z_m": 20.0}, "geometry": {"type": "Point", "coordinates": [-113.49105222052798, 53.565293868029435]}}, {"type": "Feature", "properties": {"t": "2026-04-21T09:55:00+00:00Z", "z_m": 18.463018640181506}, "geometry": {"type": "Point", "coordinates": [-113.49322143639745, 53.56575057335936]}}, {"type": "Feature", "properties": {"t": "2026-04-21T09:50:00+00:00Z", "z_m": 18.91310404491289}, "geometry": {"type": "Point", "coordinates": [-113.49546668816213, 53.58106948516634]}}, {"type": "Feature", "properties": {"t": "2026-04-21T09:50:00+00:00Z", "z_m": 16.858193859775824}, "geometry": {"type": "Point", "coordinates": [-113.49949312337908, 53.58257641254498]}}, {"type": "Feature", "properties": {"t": "2026-04-21T09:50:00+00:00Z", "z_m": 16.439212175921355}, "geometry": {"type": "Point", "coordinates": [-113.49400127723689, 53.583116494632705]}}, {"type": "Feature", "properties": {"t": "2026-04-21T09:50:00+00:00Z", "z_m": 18.273728760294144}, "geometry": {"type": "Point", "coordinates": [-113.49663393646878, 53.58249083040104]}}, {"type": "Feature", "properties": {"t": "2026-04-21T09:50:00+00:00Z", "z_m": 19.96419836706679}, "geometry": {"type": "Point", "coordinates": [-113.49762330264033, 53.583574301509685]}}, {"type": "Feature", "properties": {"t": "2026-04-21T09:50:00+00:00Z", "z_m": 20.0}, "geometry": {"type": "Point", "coordinates": [-113.49832993121923, 53.580610285977635]}}, {"type": "Feature", "properties": {"t": "2026-04-21T09:50:00+00:00Z", "z_m": 20.0}, "geometry": {"type": "Point", "coordinates": [-113.49784693119639, 53.582585538407294]}}, {"type": "Feature", "properties": {"t": "2026-04-21T09:50:00+00:00Z", "z_m": 17.883415098407024}, "geometry": {"type": "Point", "coordinates": [-113.49919172835904, 53.58112690184686]}}, {"type": "Feature", "properties": {"t": "2026-04-21T09:50:00+00:00Z", "z_m": 20.0}, "geometry": {"type": "Point", "coordinates": [-113.49502938189598, 53.58053075348799]}}, {"type": "Feature", "properties": {"t": "2026-04-21T09:50:00+00:00Z", "z_m": 18.43040986716636}, "geometry": {"type": "Point", "coordinates": [-113.49594836115443, 53.582358848465155]}}, {"type": "Feature", "properties": {"t": "2026-04-21T09:50:00+00:00Z", "z_m": 19.728387375131373}, "geometry": {"type": "Point", "coordinates": [-113.4943187344104, 53.580833090193444]}}, {"type": "Feature", "properties": {"t": "2026-04-21T09:50:00+00:00Z", "z_m": 20.0}, "geometry": {"type": "Point", "coordinates": [-113.49624638711838, 53.584523271585134]}}, {"type": "Feature", "properties": {"t": "2026-04-21T09:50:00+00:00Z", "z_m": 17.912167674156297}, "geometry": {"type": "Point", "coordinates": [-113.49479661966956, 53.58063084087251]}}, {"type": "Feature", "properties": {"t": "2026-04-21T09:50:00+00:00Z", "z_m": 19.252169710018777}, "geometry": {"type": "Point", "coordinates": [-113.49327308541919, 53.58171093332922]}}, {"type": "Feature", "properties": {"t": "2026-04-21T09:50:00+00:00Z", "z_m": 18.34568962739433}, "geometry": {"type": "Point", "coordinates": [-113.4970856976176, 53.58266976628347]}}, {"type": "Feature", "properties": {"t": "2026-04-21T09:50:00+00:00Z", "z_m": 18.82903131879915}, "geometry": {"type": "Point", "coordinates": [-113.49618431306894, 53.581534890901224]}}, {"type": "Feature", "properties": {"t": "2026-04-21T09:50:00+00:00Z", "z_m": 20.0}, "geometry": {"type": "Point", "coordinates": [-113.49913423326028, 53.582913757573316]}}, {"type": "Feature", "properties": {"t": "2026-04-21T09:50:00+00:00Z", "z_m": 16.35794466550284}, "geometry": {"type": "Point", "coordinates": [-113.49725047068388, 53.582188750996366]}}, {"type": "Feature", "properties": {"t": "2026-04-21T09:50:00+00:00Z", "z_m": 19.4673769540534}, "geometry": {"type": "Point", "coordinates": [-113.4955302122842, 53.58179446623604]}}, {"type": "Feature", "properties": {"t": "2026-04-21T09:50:00+00:00Z", "z_m": 18.74712038689054}, "geometry": {"type": "Point", "coordinates": [-113.49461335774757, 53.583021307976395]}}, {"type": "Feature", "properties": {"t": "2026-04-21T09:50:00+00:00Z", "z_m": 19.450232382937866}, "geometry": {"type": "Point", "coordinates": [-113.49707469189143, 53.58019642549156]}}, {"type": "Feature", "properties": {"t": "2026-04-21T09:50:00+00:00Z", "z_m": 20.0}, "geometry": {"type": "Point", "coordinates": [-113.49511825711917, 53.58110027153903]}}, {"type": "Feature", "properties": {"t": "2026-04-21T09:50:00+00:00Z", "z_m": 20.0}, "geometry": {"type": "Point", "coordinates": [-113.49798190135787, 53.58180199172522]}}, {"type": "Feature", "properties": {"t": "2026-04-21T09:50:00+00:00Z", "z_m": 18.853391472772394}, "geometry": {"type": "Point", "coordinates": [-113.49795300794385, 53.58309987256193]}}, {"type": "Feature", "properties": {"t": "2026-04-21T09:50:00+00:00Z", "z_m": 19.157892415068392}, "geometry": {"type": "Point", "coordinates": [-113.49294300887226, 53.582094198120565]}}, {"type": "Feature", "properties": {"t": "2026-04-21T09:50:00+00:00Z", "z_m": 18.254630792386635}, "geometry": {"type": "Point", "coordinates": [-113.49649070687728, 53.582500466283015]}}, {"type": "Feature", "properties": {"t": "2026-04-21T09:50:00+00:00Z", "z_m": 19.238228503549987}, "geometry": {"type": "Point", "coordinates": [-113.4954199625888, 53.58323986298335]}}, {"type": "Feature", "properties": {"t": "2026-04-21T09:50:00+00:00Z", "z_m": 16.078259949726714}, "geometry": {"type": "Point", "coordinates": [-113.4936262845786, 53.58215744481939]}}, {"type": "Feature", "properties": {"t": "2026-04-21T09:50:00+00:00Z", "z_m": 19.573990887978653}, "geometry": {"type": "Point", "coordinates": [-113.49722232249111, 53.580998075746166]}}, {"type": "Feature", "properties": {"t": "2026-04-21T09:50:00+00:00Z", "z_m": 18.151659064022436}, "geometry": {"type": "Point", "coordinates": [-113.4947021138063, 53.58376872508018]}}, {"type": "Feature", "properties": {"t": "2026-04-21T09:50:00+00:00Z", "z_m": 17.571501834445407}, "geometry": {"type": "Point", "coordinates": [-113.49551296498815, 53.5817245575724]}}, {"type": "Feature", "properties": {"t": "2026-04-21T09:50:00+00:00Z", "z_m": 20.0}, "geometry": {"type": "Point", "coordinates": [-113.49673037128923, 53.5819268464418]}}, {"type": "Feature", "properties": {"t": "2026-04-21T09:50:00+00:00Z", "z_m": 20.0}, "geometry": {"type": "Point", "coordinates": [-113.49272357172968, 53.58251697569845]}}, {"type": "Feature", "properties": {"t": "2026-04-21T09:50:00+00:00Z", "z_m": 19.18580582457406}, "geometry": {"type": "Point", "coordinates": [-113.4970249786711, 53.582287681434]}}, {"type": "Feature", "properties": {"t": "2026-04-21T09:50:00+00:00Z", "z_m": 20.0}, "geometry": {"type": "Point", "coordinates": [-113.49841955893862, 53.58125455887744]}}, {"type": "Feature", "properties": {"t": "2026-04-21T09:50:00+00:00Z", "z_m": 20.0}, "geometry": {"type": "Point", "coordinates": [-113.4938416007188, 53.58100882677496]}}, {"type": "Feature", "properties": {"t": "2026-04-21T09:50:00+00:00Z", "z_m": 20.0}, "geometry": {"type": "Point", "coordinates": [-113.49313013193097, 53.582712674997374]}}, {"type": "Feature", "properties": {"t": "2026-04-21T09:50:00+00:00Z", "z_m": 20.0}, "geometry": {"type": "Point", "coordinates": [-113.49956684855377, 53.584274175915915]}}, {"type": "Feature", "properties": {"t": "2026-04-21T09:50:00+00:00Z", "z_m": 19.868103710148826}, "geometry": {"type": "Point", "coordinates": [-113.49644533898098, 53.58295457021406]}}, {"type": "Feature", "properties": {"t": "2026-04-21T09:50:00+00:00Z", "z_m": 19.820694154093747}, "geometry": {"type": "Point", "coordinates": [-113.50131719333109, 53.581855284012185]}}, {"type": "Feature", "properties": {"t": "2026-04-21T09:50:00+00:00Z", "z_m": 19.403926942372784}, "geometry": {"type": "Point", "coordinates": [-113.49370228291204, 53.5825055488711]}}, {"type": "Feature", "properties": {"t": "2026-04-21T09:50:00+00:00Z", "z_m": 20.0}, "geometry": {"type": "Point", "coordinates": [-113.49949660417707, 53.58227872936005]}}, {"type": "Feature", "properties": {"t": "2026-04-21T09:50:00+00:00Z", "z_m": 16.7179705104573}, "geometry": {"type": "Point", "coordinates": [-113.49531290941977, 53.581906394068156]}}, {"type": "Feature", "properties": {"t": "2026-04-21T09:50:00+00:00Z", "z_m": 17.470256459232527}, "geometry": {"type": "Point", "coordinates": [-113.49588329517397, 53.58252931752822]}}, {"type": "Feature", "properties": {"t": "2026-04-21T09:50:00+00:00Z", "z_m": 16.88178612395486}, "geometry": {"type": "Point", "coordinates": [-113.49184172353037, 53.58368321506069]}}, {"type": "Feature", "properties": {"t": "2026-04-21T09:50:00+00:00Z", "z_m": 17.49399933012851}, "geometry": {"type": "Point", "coordinates": [-113.49555984034065, 53.58273072021179]}}, {"type": "Feature", "properties": {"t": "2026-04-21T09:50:00+00:00Z", "z_m": 13.203081657113783}, "geometry": {"type": "Point", "coordinates": [-113.49764478764908, 53.580743162343154]}}, {"type": "Feature", "properties": {"t": "2026-04-21T09:50:00+00:00Z", "z_m": 20.0}, "geometry": {"type": "Point", "coordinates": [-113.49664013665458, 53.58259034284664]}}, {"type": "Feature", "properties": {"t": "2026-04-21T09:50:00+00:00Z", "z_m": 17.921245642370284}, "geometry": {"type": "Point", "coordinates": [-113.4964587025346, 53.58048844529935]}}, {"type": "Feature", "properties": {"t": "2026-04-21T09:50:00+00:00Z", "z_m": 19.487142813731225}, "geometry": {"type": "Point", "coordinates": [-113.4986273660501, 53.58254090845464]}}, {"type": "Feature", "properties": {"t": "2026-04-21T09:45:00+00:00Z", "z_m": 17.930434599605153}, "geometry": {"type": "Point", "coordinates": [-113.50067530133832, 53.596743228811]}}, {"type": "Feature", "properties": {"t": "2026-04-21T09:45:00+00:00Z", "z_m": 17.72579194579756}, "geometry": {"type": "Point", "coordinates": [-113.50312986829731, 53.599227648635456]}}, {"type": "Feature", "properties": {"t": "2026-04-21T09:45:00+00:00Z", "z_m": 16.50125689713423}, "geometry": {"type": "Point", "coordinates": [-113.49888377895104, 53.59941077025642]}}, {"type": "Feature", "properties": {"t": "2026-04-21T09:45:00+00:00Z", "z_m": 20.0}, "geometry": {"type": "Point", "coordinates": [-113.50075002504322, 53.59884857857494]}}, {"type": "Feature", "properties": {"t": "2026-04-21T09:45:00+00:00Z", "z_m": 19.14546174481098}, "geometry": {"type": "Point", "coordinates": [-113.50131174746643, 53.59893424464753]}}, {"type": "Feature", "properties": {"t": "2026-04-21T09:45:00+00:00Z", "z_m": 17.85883190519027}, "geometry": {"type": "Point", "coordinates": [-113.50224168596891, 53.597778909282404]}}, {"type": "Feature", "properties": {"t": "2026-04-21T09:45:00+00:00Z", "z_m": 18.316446647941362}, "geometry": {"type": "Point", "coordinates": [-113.50400073724938, 53.59889864669817]}}, {"type": "Feature", "properties": {"t": "2026-04-21T09:45:00+00:00Z", "z_m": 19.220935815275578}, "geometry": {"type": "Point", "coordinates": [-113.5013234827922, 53.59752920185742]}}, {"type": "Feature", "properties": {"t": "2026-04-21T09:45:00+00:00Z", "z_m": 20.0}, "geometry": {"type": "Point", "coordinates": [-113.49768957243107, 53.59684564366086]}}, {"type": "Feature", "properties": {"t": "2026-04-21T09:45:00+00:00Z", "z_m": 15.521487605290078}, "geometry": {"type": "Point", "coordinates": [-113.49975043566376, 53.59682037655612]}}, {"type": "Feature", "properties": {"t": "2026-04-21T09:45:00+00:00Z", "z_m": 18.36887163310898}, "geometry": {"type": "Point", "coordinates": [-113.49510708950555, 53.596423972315044]}}, {"type": "Feature", "properties": {"t": "2026-04-21T09:45:00+00:00Z", "z_m": 18.41127481189989}, "geometry": {"type": "Point", "coordinates": [-113.50084790238418, 53.59944455254849]}}, {"type": "Feature", "properties": {"t": "2026-04-21T09:45:00+00:00Z", "z_m": 19.260478241108036}, "geometry": {"type": "Point", "coordinates": [-113.50102386388929, 53.59802671712708]}}, {"type": "Feature", "properties": {"t": "2026-04-21T09:45:00+00:00Z", "z_m": 20.0}, "geometry": {"type": "Point", "coordinates": [-113.49720622044973, 53.59776948443703]}}, {"type": "Feature", "properties": {"t": "2026-04-21T09:45:00+00:00Z", "z_m": 16.95208745052}, "geometry": {"type": "Point", "coordinates": [-113.50061769139734, 53.59909305620889]}}, {"type": "Feature", "properties": {"t": "2026-04-21T09:45:00+00:00Z", "z_m": 17.634346312556065}, "geometry": {"type": "Point", "coordinates": [-113.50176279049523, 53.59796505983453]}}, {"type": "Feature", "properties": {"t": "2026-04-21T09:45:00+00:00Z", "z_m": 20.0}, "geometry": {"type": "Point", "coordinates": [-113.50246494301517, 53.60018695676511]}}, {"type": "Feature", "properties": {"t": "2026-04-21T09:45:00+00:00Z", "z_m": 16.224370626416647}, "geometry": {"type": "Point", "coordinates": [-113.50159472495828, 53.59810761566404]}}, {"type": "Feature", "properties": {"t": "2026-04-21T09:45:00+00:00Z", "z_m": 18.594707362981485}, "geometry": {"type": "Point", "coordinates": [-113.5015947829323, 53.59776238451961]}}, {"type": "Feature", "properties": {"t": "2026-04-21T09:45:00+00:00Z", "z_m": 16.98508078043383}, "geometry": {"type": "Point", "coordinates": [-113.49981742660569, 53.598590117475936]}}, {"type": "Feature", "properties": {"t": "2026-04-21T09:45:00+00:00Z", "z_m": 20.0}, "geometry": {"type": "Point", "coordinates": [-113.50463813634923, 53.59550636832109]}}, {"type": "Feature", "properties": {"t": "2026-04-21T09:45:00+00:00Z", "z_m": 19.899894377439868}, "geometry": {"type": "Point", "coordinates": [-113.49796277758709, 53.59771626749033]}}, {"type": "Feature", "properties": {"t": "2026-04-21T09:45:00+00:00Z", "z_m": 20.0}, "geometry": {"type": "Point", "coordinates": [-113.50424753867154, 53.59802223573092]}}, {"type": "Feature", "properties": {"t": "2026-04-21T09:45:00+00:00Z", "z_m": 19.835786122088937}, "geometry": {"type": "Point", "coordinates": [-113.50482815947103, 53.59952415849539]}}, {"type": "Feature", "properties": {"t": "2026-04-21T09:45:00+00:00Z", "z_m": 18.53231104622838}, "geometry": {"type": "Point", "coordinates": [-113.4976968224368, 53.59775291504145]}}, {"type": "Feature", "properties": {"t": "2026-04-21T09:45:00+00:00Z", "z_m": 17.859424710937535}, "geometry": {"type": "Point", "coordinates": [-113.50092060918493, 53.598742768255356]}}, {"type": "Feature", "properties": {"t": "2026-04-21T09:45:00+00:00Z", "z_m": 17.80047145437482}, "geometry": {"type": "Point", "coordinates": [-113.5006442979848, 53.59806073920208]}}, {"type": "Feature", "properties": {"t": "2026-04-21T09:45:00+00:00Z", "z_m": 15.89233909283538}, "geometry": {"type": "Point", "coordinates": [-113.49763080042192, 53.59780177225454]}}, {"type": "Feature", "properties": {"t": "2026-04-21T09:45:00+00:00Z", "z_m": 19.733337757656372}, "geometry": {"type": "Point", "coordinates": [-113.50200085711012, 53.597903768270875]}}, {"type": "Feature", "properties": {"t": "2026-04-21T09:45:00+00:00Z", "z_m": 19.449996685279512}, "geometry": {"type": "Point", "coordinates": [-113.49817608787379, 53.59865158918272]}}, {"type": "Feature", "properties": {"t": "2026-04-21T09:45:00+00:00Z", "z_m": 18.699430501376845}, "geometry": {"type": "Point", "coordinates": [-113.50088088211669, 53.59682880399997]}}, {"type": "Feature", "properties": {"t": "2026-04-21T09:45:00+00:00Z", "z_m": 19.11342790840443}, "geometry": {"type": "Point", "coordinates": [-113.50204163380958, 53.597723443525034]}}, {"type": "Feature", "properties": {"t": "2026-04-21T09:45:00+00:00Z", "z_m": 19.445035524071315}, "geometry": {"type": "Point", "coordinates": [-113.49906545095631, 53.59914531741796]}}, {"type": "Feature", "properties": {"t": "2026-04-21T09:45:00+00:00Z", "z_m": 19.98163932664098}, "geometry": {"type": "Point", "coordinates": [-113.50219504049251, 53.5981927924057]}}, {"type": "Feature", "properties": {"t": "2026-04-21T09:45:00+00:00Z", "z_m": 20.0}, "geometry": {"type": "Point", "coordinates": [-113.5047656712421, 53.59814124051586]}}, {"type": "Feature", "properties": {"t": "2026-04-21T09:45:00+00:00Z", "z_m": 18.736083486874048}, "geometry": {"type": "Point", "coordinates": [-113.49849922456944, 53.59739557306718]}}, {"type": "Feature", "properties": {"t": "2026-04-21T09:45:00+00:00Z", "z_m": 20.0}, "geometry": {"type": "Point", "coordinates": [-113.49763244741426, 53.59862508844086]}}, {"type": "Feature", "properties": {"t": "2026-04-21T09:45:00+00:00Z", "z_m": 17.800260949101478}, "geometry": {"type": "Point", "coordinates": [-113.5045037813869, 53.600940771162186]}}, {"type": "Feature", "properties": {"t": "2026-04-21T09:45:00+00:00Z", "z_m": 19.975324045035872}, "geometry": {"type": "Point", "coordinates": [-113.50020244913023, 53.59906990726137]}}, {"type": "Feature", "properties": {"t": "2026-04-21T09:45:00+00:00Z", "z_m": 18.873778611031888}, "geometry": {"type": "Point", "coordinates": [-113.50726507825581, 53.59851836779727]}}, {"type": "Feature", "properties": {"t": "2026-04-21T09:45:00+00:00Z", "z_m": 19.806212660544755}, "geometry": {"type": "Point", "coordinates": [-113.498903644069, 53.596889513689035]}}, {"type": "Feature", "properties": {"t": "2026-04-21T09:45:00+00:00Z", "z_m": 18.918167753342747}, "geometry": {"type": "Point", "coordinates": [-113.50380362691816, 53.59761231149884]}}, {"type": "Feature", "properties": {"t": "2026-04-21T09:45:00+00:00Z", "z_m": 17.336376041534635}, "geometry": {"type": "Point", "coordinates": [-113.49773374865882, 53.59668517550218]}}, {"type": "Feature", "properties": {"t": "2026-04-21T09:45:00+00:00Z", "z_m": 18.636483236958817}, "geometry": {"type": "Point", "coordinates": [-113.50028167852172, 53.59800266215835]}}, {"type": "Feature", "properties": {"t": "2026-04-21T09:45:00+00:00Z", "z_m": 14.654306802980336}, "geometry": {"type": "Point", "coordinates": [-113.4956745709883, 53.5993387926778]}}, {"type": "Feature", "properties": {"t": "2026-04-21T09:45:00+00:00Z", "z_m": 15.507943350160252}, "geometry": {"type": "Point", "coordinates": [-113.49994134985998, 53.5983827608008]}}, {"type": "Feature", "properties": {"t": "2026-04-21T09:45:00+00:00Z", "z_m": 15.401247140730762}, "geometry": {"type": "Point", "coordinates": [-113.50337708132255, 53.59651275852317]}}, {"type": "Feature", "properties": {"t": "2026-04-21T09:45:00+00:00Z", "z_m": 19.2570034434863}, "geometry": {"type": "Point", "coordinates": [-113.50107030942975, 53.599545200733665]}}, {"type": "Feature", "properties": {"t": "2026-04-21T09:45:00+00:00Z", "z_m": 19.11225315825019}, "geometry": {"type": "Point", "coordinates": [-113.50394931343723, 53.597383318281835]}}, {"type": "Feature", "properties": {"t": "2026-04-21T09:45:00+00:00Z", "z_m": 19.96084829253598}, "geometry": {"type": "Point", "coordinates": [-113.50383039779334, 53.5985634816998]}}, {"type": "Feature", "properties": {"t": "2026-04-21T09:40:00+00:00Z", "z_m": 17.191669888254552}, "geometry": {"type": "Point", "coordinates": [-113.5029211782651, 53.613269295632264]}}, {"type": "Feature", "properties": {"t": "2026-04-21T09:40:00+00:00Z", "z_m": 16.900444999743296}, "geometry": {"type": "Point", "coordinates": [-113.50673743402521, 53.61432167849216]}}, {"type": "Feature", "properties": {"t": "2026-04-21T09:40:00+00:00Z", "z_m": 15.923899817351856}, "geometry": {"type": "Point", "coordinates": [-113.50345495691575, 53.616156091370826]}}, {"type": "Feature", "properties": {"t": "2026-04-21T09:40:00+00:00Z", "z_m": 19.91329791310449}, "geometry": {"type": "Point", "coordinates": [-113.50498622723676, 53.615292320153486]}}, {"type": "Feature", "properties": {"t": "2026-04-21T09:40:00+00:00Z", "z_m": 18.287422575410265}, "geometry": {"type": "Point", "coordinates": [-113.5076817721589, 53.6151382577312]}}, {"type": "Feature", "properties": {"t": "2026-04-21T09:40:00+00:00Z", "z_m": 17.63293954241785}, "geometry": {"type": "Point", "coordinates": [-113.50829657042895, 53.61315127979156]}}, {"type": "Feature", "properties": {"t": "2026-04-21T09:40:00+00:00Z", "z_m": 20.0}, "geometry": {"type": "Point", "coordinates": [-113.5088801703335, 53.6150527218709]}}, {"type": "Feature", "properties": {"t": "2026-04-21T09:40:00+00:00Z", "z_m": 20.0}, "geometry": {"type": "Point", "coordinates": [-113.5062057570292, 53.61335755667395]}}, {"type": "Feature", "properties": {"t": "2026-04-21T09:40:00+00:00Z", "z_m": 16.818442962358745}, "geometry": {"type": "Point", "coordinates": [-113.50217690158685, 53.61346840879302]}}, {"type": "Feature", "properties": {"t": "2026-04-21T09:40:00+00:00Z", "z_m": 13.875870974848056}, "geometry": {"type": "Point", "coordinates": [-113.5042290970058, 53.611902480558626]}}, {"type": "Feature", "properties": {"t": "2026-04-21T09:40:00+00:00Z", "z_m": 20.0}, "geometry": {"type": "Point", "coordinates": [-113.49814747181273, 53.6121893404653]}}, {"type": "Feature", "properties": {"t": "2026-04-21T09:40:00+00:00Z", "z_m": 16.36019298296013}, "geometry": {"type": "Point", "coordinates": [-113.50461372327482, 53.613493905985926]}}, {"type": "Feature", "properties": {"t": "2026-04-21T09:40:00+00:00Z", "z_m": 20.0}, "geometry": {"type": "Point", "coordinates": [-113.50484218000076, 53.61309680768182]}}, {"type": "Feature", "properties": {"t": "2026-04-21T09:40:00+00:00Z", "z_m": 18.224554194325616}, "geometry": {"type": "Point", "coordinates": [-113.502283277715, 53.613092483870886]}}, {"type": "Feature", "properties": {"t": "2026-04-21T09:40:00+00:00Z", "z_m": 18.711451413939972}, "geometry": {"type": "Point", "coordinates": [-113.50170046990803, 53.614464450362355]}}, {"type": "Feature", "properties": {"t": "2026-04-21T09:40:00+00:00Z", "z_m": 19.255887955360095}, "geometry": {"type": "Point", "coordinates": [-113.50585426229974, 53.61332581188359]}}, {"type": "Feature", "properties": {"t": "2026-04-21T09:40:00+00:00Z", "z_m": 19.055439700559717}, "geometry": {"type": "Point", "coordinates": [-113.50560067883819, 53.61630108662876]}}, {"type": "Feature", "properties": {"t": "2026-04-21T09:40:00+00:00Z", "z_m": 14.780430412153608}, "geometry": {"type": "Point", "coordinates": [-113.5070609624678, 53.6145615744852]}}, {"type": "Feature", "properties": {"t": "2026-04-21T09:40:00+00:00Z", "z_m": 19.083353960932527}, "geometry": {"type": "Point", "coordinates": [-113.50458352257093, 53.613246629646575]}}, {"type": "Feature", "properties": {"t": "2026-04-21T09:40:00+00:00Z", "z_m": 15.101046192949065}, "geometry": {"type": "Point", "coordinates": [-113.50387173462335, 53.613591498912335]}}, {"type": "Feature", "properties": {"t": "2026-04-21T09:40:00+00:00Z", "z_m": 19.818433937742455}, "geometry": {"type": "Point", "coordinates": [-113.50881584004281, 53.61164099724531]}}, {"type": "Feature", "properties": {"t": "2026-04-21T09:40:00+00:00Z", "z_m": 20.0}, "geometry": {"type": "Point", "coordinates": [-113.49877290765852, 53.614525893679435]}}, {"type": "Feature", "properties": {"t": "2026-04-21T09:40:00+00:00Z", "z_m": 19.892881296159395}, "geometry": {"type": "Point", "coordinates": [-113.50806967000803, 53.61430544178434]}}, {"type": "Feature", "properties": {"t": "2026-04-21T09:40:00+00:00Z", "z_m": 20.0}, "geometry": {"type": "Point", "coordinates": [-113.51233815807748, 53.615250278664675]}}, {"type": "Feature", "properties": {"t": "2026-04-21T09:40:00+00:00Z", "z_m": 17.059020375089247}, "geometry": {"type": "Point", "coordinates": [-113.49862246120422, 53.61407788564248]}}, {"type": "Feature", "properties": {"t": "2026-04-21T09:40:00+00:00Z", "z_m": 20.0}, "geometry": {"type": "Point", "coordinates": [-113.50553940354149, 53.615355031288]}}, {"type": "Feature", "properties": {"t": "2026-04-21T09:40:00+00:00Z", "z_m": 18.060911634180787}, "geometry": {"type": "Point", "coordinates": [-113.50269317990562, 53.6135564737626]}}, {"type": "Feature", "properties": {"t": "2026-04-21T09:40:00+00:00Z", "z_m": 14.744872485638993}, "geometry": {"type": "Point", "coordinates": [-113.49905815534899, 53.614409901523274]}}, {"type": "Feature", "properties": {"t": "2026-04-21T09:40:00+00:00Z", "z_m": 20.0}, "geometry": {"type": "Point", "coordinates": [-113.50599358325712, 53.61391241424479]}}, {"type": "Feature", "properties": {"t": "2026-04-21T09:40:00+00:00Z", "z_m": 17.932734598389803}, "geometry": {"type": "Point", "coordinates": [-113.49943735144535, 53.614715921161796]}}, {"type": "Feature", "properties": {"t": "2026-04-21T09:40:00+00:00Z", "z_m": 19.097359586011656}, "geometry": {"type": "Point", "coordinates": [-113.50680621303906, 53.6133683132579]}}, {"type": "Feature", "properties": {"t": "2026-04-21T09:40:00+00:00Z", "z_m": 17.625397176475673}, "geometry": {"type": "Point", "coordinates": [-113.50582727415285, 53.61386965277049]}}, {"type": "Feature", "properties": {"t": "2026-04-21T09:40:00+00:00Z", "z_m": 19.497041449114267}, "geometry": {"type": "Point", "coordinates": [-113.50432651940278, 53.6158250837833]}}, {"type": "Feature", "properties": {"t": "2026-04-21T09:40:00+00:00Z", "z_m": 19.520844396710398}, "geometry": {"type": "Point", "coordinates": [-113.50792965585482, 53.614827750374836]}}, {"type": "Feature", "properties": {"t": "2026-04-21T09:40:00+00:00Z", "z_m": 17.24575721280803}, "geometry": {"type": "Point", "coordinates": [-113.50858451902474, 53.61375436296949]}}, {"type": "Feature", "properties": {"t": "2026-04-21T09:40:00+00:00Z", "z_m": 16.08207344029075}, "geometry": {"type": "Point", "coordinates": [-113.50192893177234, 53.61258491040951]}}, {"type": "Feature", "properties": {"t": "2026-04-21T09:40:00+00:00Z", "z_m": 19.969174328774653}, "geometry": {"type": "Point", "coordinates": [-113.50167100685726, 53.61385143449566]}}, {"type": "Feature", "properties": {"t": "2026-04-21T09:40:00+00:00Z", "z_m": 17.634017031156535}, "geometry": {"type": "Point", "coordinates": [-113.50974360790893, 53.6173024988817]}}, {"type": "Feature", "properties": {"t": "2026-04-21T09:40:00+00:00Z", "z_m": 20.0}, "geometry": {"type": "Point", "coordinates": [-113.50229881673404, 53.613882651017796]}}, {"type": "Feature", "properties": {"t": "2026-04-21T09:40:00+00:00Z", "z_m": 20.0}, "geometry": {"type": "Point", "coordinates": [-113.51173001764936, 53.61334316938683]}}, {"type": "Feature", "properties": {"t": "2026-04-21T09:40:00+00:00Z", "z_m": 18.971442405286943}, "geometry": {"type": "Point", "coordinates": [-113.5053934625005, 53.61232251304139]}}, {"type": "Feature", "properties": {"t": "2026-04-21T09:40:00+00:00Z", "z_m": 19.533750165211607}, "geometry": {"type": "Point", "coordinates": [-113.50746708829453, 53.61251767773727]}}, {"type": "Feature", "properties": {"t": "2026-04-21T09:40:00+00:00Z", "z_m": 15.250708100508417}, "geometry": {"type": "Point", "coordinates": [-113.50327389365016, 53.613647046617075]}}, {"type": "Feature", "properties": {"t": "2026-04-21T09:40:00+00:00Z", "z_m": 16.53097716902393}, "geometry": {"type": "Point", "coordinates": [-113.50386268087587, 53.613036259385346]}}, {"type": "Feature", "properties": {"t": "2026-04-21T09:40:00+00:00Z", "z_m": 13.727187709020445}, "geometry": {"type": "Point", "coordinates": [-113.49872159957269, 53.61513281089661]}}, {"type": "Feature", "properties": {"t": "2026-04-21T09:40:00+00:00Z", "z_m": 17.439728665091263}, "geometry": {"type": "Point", "coordinates": [-113.50443433536043, 53.61236858748384]}}, {"type": "Feature", "properties": {"t": "2026-04-21T09:40:00+00:00Z", "z_m": 18.013960145659727}, "geometry": {"type": "Point", "coordinates": [-113.50526061508297, 53.612018362463544]}}, {"type": "Feature", "properties": {"t": "2026-04-21T09:40:00+00:00Z", "z_m": 18.663839683226406}, "geometry": {"type": "Point", "coordinates": [-113.50369496875217, 53.61608003597165]}}, {"type": "Feature", "properties": {"t": "2026-04-21T09:40:00+00:00Z", "z_m": 18.481947998442493}, "geometry": {"type": "Point", "coordinates": [-113.50869917102771, 53.614443311215865]}}, {"type": "Feature", "properties": {"t": "2026-04-21T09:40:00+00:00Z", "z_m": 17.84674798958155}, "geometry": {"type": "Point", "coordinates": [-113.5088076900893, 53.61366354962103]}}, {"type": "Feature", "properties": {"t": "2026-04-21T09:35:00+00:00Z", "z_m": 17.49991841358708}, "geometry": {"type": "Point", "coordinates": [-113.50594792474246, 53.62763973843094]}}, {"type": "Feature", "properties": {"t": "2026-04-21T09:35:00+00:00Z", "z_m": 17.72934646598412}, "geometry": {"type": "Point", "coordinates": [-113.50801567964743, 53.62980272110513]}}, {"type": "Feature", "properties": {"t": "2026-04-21T09:35:00+00:00Z", "z_m": 15.755447861961192}, "geometry": {"type": "Point", "coordinates": [-113.5077858432308, 53.63128515273028]}}, {"type": "Feature", "properties": {"t": "2026-04-21T09:35:00+00:00Z", "z_m": 20.0}, "geometry": {"type": "Point", "coordinates": [-113.50941383211386, 53.631299263427074]}}, {"type": "Feature", "properties": {"t": "2026-04-21T09:35:00+00:00Z", "z_m": 16.25239318544229}, "geometry": {"type": "Point", "coordinates": [-113.51106719450216, 53.63144943345691]}}, {"type": "Feature", "properties": {"t": "2026-04-21T09:35:00+00:00Z", "z_m": 17.656115168536942}, "geometry": {"type": "Point", "coordinates": [-113.51356828108246, 53.62860494043898]}}, {"type": "Feature", "properties": {"t": "2026-04-21T09:35:00+00:00Z", "z_m": 16.533385934421005}, "geometry": {"type": "Point", "coordinates": [-113.51286951398612, 53.630509049644175]}}, {"type": "Feature", "properties": {"t": "2026-04-21T09:35:00+00:00Z", "z_m": 18.892148669503694}, "geometry": {"type": "Point", "coordinates": [-113.50991137880833, 53.6285677429725]}}, {"type": "Feature", "properties": {"t": "2026-04-21T09:35:00+00:00Z", "z_m": 19.807993256194088}, "geometry": {"type": "Point", "coordinates": [-113.50561417233207, 53.62953289467964]}}, {"type": "Feature", "properties": {"t": "2026-04-21T09:35:00+00:00Z", "z_m": 12.817117209108225}, "geometry": {"type": "Point", "coordinates": [-113.50672880766187, 53.627900375501234]}}, {"type": "Feature", "properties": {"t": "2026-04-21T09:35:00+00:00Z", "z_m": 20.0}, "geometry": {"type": "Point", "coordinates": [-113.50100142563656, 53.62737650254948]}}, {"type": "Feature", "properties": {"t": "2026-04-21T09:35:00+00:00Z", "z_m": 15.73216603253068}, "geometry": {"type": "Point", "coordinates": [-113.5081027274559, 53.628489379167966]}}, {"type": "Feature", "properties": {"t": "2026-04-21T09:35:00+00:00Z", "z_m": 20.0}, "geometry": {"type": "Point", "coordinates": [-113.50714361296343, 53.62819605645503]}}, {"type": "Feature", "properties": {"t": "2026-04-21T09:35:00+00:00Z", "z_m": 16.044012742286434}, "geometry": {"type": "Point", "coordinates": [-113.50798139868964, 53.628915232631016]}}, {"type": "Feature", "properties": {"t": "2026-04-21T09:35:00+00:00Z", "z_m": 15.106367292512665}, "geometry": {"type": "Point", "coordinates": [-113.5042615830169, 53.62873513616569]}}, {"type": "Feature", "properties": {"t": "2026-04-21T09:35:00+00:00Z", "z_m": 18.765371901304224}, "geometry": {"type": "Point", "coordinates": [-113.50978094191612, 53.62787444165771]}}, {"type": "Feature", "properties": {"t": "2026-04-21T09:35:00+00:00Z", "z_m": 19.70175984220079}, "geometry": {"type": "Point", "coordinates": [-113.50991887585924, 53.63152586163238]}}, {"type": "Feature", "properties": {"t": "2026-04-21T09:35:00+00:00Z", "z_m": 16.697390340993284}, "geometry": {"type": "Point", "coordinates": [-113.50820723179959, 53.63243686991491]}}, {"type": "Feature", "properties": {"t": "2026-04-21T09:35:00+00:00Z", "z_m": 18.153969760444436}, "geometry": {"type": "Point", "coordinates": [-113.50708804773373, 53.628042592393975]}}, {"type": "Feature", "properties": {"t": "2026-04-21T09:35:00+00:00Z", "z_m": 16.613905488513343}, "geometry": {"type": "Point", "coordinates": [-113.50746158484314, 53.62891714496576]}}, {"type": "Feature", "properties": {"t": "2026-04-21T09:35:00+00:00Z", "z_m": 18.248381467588445}, "geometry": {"type": "Point", "coordinates": [-113.51257413119242, 53.62570475878829]}}, {"type": "Feature", "properties": {"t": "2026-04-21T09:35:00+00:00Z", "z_m": 19.170415627448282}, "geometry": {"type": "Point", "coordinates": [-113.50165971612782, 53.6308615224762]}}, {"type": "Feature", "properties": {"t": "2026-04-21T09:35:00+00:00Z", "z_m": 20.0}, "geometry": {"type": "Point", "coordinates": [-113.51448115809899, 53.62848205534714]}}, {"type": "Feature", "properties": {"t": "2026-04-21T09:35:00+00:00Z", "z_m": 16.512151436473435}, "geometry": {"type": "Point", "coordinates": [-113.51677287868954, 53.63019183060848]}}, {"type": "Feature", "properties": {"t": "2026-04-21T09:35:00+00:00Z", "z_m": 16.076203215145316}, "geometry": {"type": "Point", "coordinates": [-113.50282849334508, 53.629409476896896]}}, {"type": "Feature", "properties": {"t": "2026-04-21T09:35:00+00:00Z", "z_m": 16.392359593310967}, "geometry": {"type": "Point", "coordinates": [-113.50810338820122, 53.63159131533291]}}, {"type": "Feature", "properties": {"t": "2026-04-21T09:35:00+00:00Z", "z_m": 18.03594244588969}, "geometry": {"type": "Point", "coordinates": [-113.50642006264192, 53.62839459443599]}}, {"type": "Feature", "properties": {"t": "2026-04-21T09:35:00+00:00Z", "z_m": 13.348852234548158}, "geometry": {"type": "Point", "coordinates": [-113.50137149191212, 53.63082546061197]}}, {"type": "Feature", "properties": {"t": "2026-04-21T09:35:00+00:00Z", "z_m": 19.35253668405582}, "geometry": {"type": "Point", "coordinates": [-113.51145103659879, 53.629430219006984]}}, {"type": "Feature", "properties": {"t": "2026-04-21T09:35:00+00:00Z", "z_m": 18.971532967765686}, "geometry": {"type": "Point", "coordinates": [-113.50277110864901, 53.63069161768407]}}, {"type": "Feature", "properties": {"t": "2026-04-21T09:35:00+00:00Z", "z_m": 14.991453066883846}, "geometry": {"type": "Point", "coordinates": [-113.50896718030725, 53.62841592710698]}}, {"type": "Feature", "properties": {"t": "2026-04-21T09:35:00+00:00Z", "z_m": 19.827999777032637}, "geometry": {"type": "Point", "coordinates": [-113.50992715113169, 53.630950118492315]}}, {"type": "Feature", "properties": {"t": "2026-04-21T09:35:00+00:00Z", "z_m": 17.5313525098886}, "geometry": {"type": "Point", "coordinates": [-113.50717714905132, 53.632249015696246]}}, {"type": "Feature", "properties": {"t": "2026-04-21T09:35:00+00:00Z", "z_m": 17.518996417766036}, "geometry": {"type": "Point", "coordinates": [-113.51065892326605, 53.629799370140695]}}, {"type": "Feature", "properties": {"t": "2026-04-21T09:35:00+00:00Z", "z_m": 18.16061499246679}, "geometry": {"type": "Point", "coordinates": [-113.51141222281538, 53.629349757970004]}}, {"type": "Feature", "properties": {"t": "2026-04-21T09:35:00+00:00Z", "z_m": 16.618024633162072}, "geometry": {"type": "Point", "coordinates": [-113.50380410553632, 53.6287481606415]}}, {"type": "Feature", "properties": {"t": "2026-04-21T09:35:00+00:00Z", "z_m": 18.90338827567326}, "geometry": {"type": "Point", "coordinates": [-113.50645289642081, 53.62910493313493]}}, {"type": "Feature", "properties": {"t": "2026-04-21T09:35:00+00:00Z", "z_m": 18.60158118410645}, "geometry": {"type": "Point", "coordinates": [-113.51406923742996, 53.63370758487678]}}, {"type": "Feature", "properties": {"t": "2026-04-21T09:35:00+00:00Z", "z_m": 20.0}, "geometry": {"type": "Point", "coordinates": [-113.50696393733976, 53.628440695589475]}}, {"type": "Feature", "properties": {"t": "2026-04-21T09:35:00+00:00Z", "z_m": 19.070976461877063}, "geometry": {"type": "Point", "coordinates": [-113.51627622795552, 53.62914308723613]}}, {"type": "Feature", "properties": {"t": "2026-04-21T09:35:00+00:00Z", "z_m": 18.507614851766224}, "geometry": {"type": "Point", "coordinates": [-113.50874478011201, 53.62829774804642]}}, {"type": "Feature", "properties": {"t": "2026-04-21T09:35:00+00:00Z", "z_m": 20.0}, "geometry": {"type": "Point", "coordinates": [-113.50858693787187, 53.6271427549158]}}, {"type": "Feature", "properties": {"t": "2026-04-21T09:35:00+00:00Z", "z_m": 16.509068162574568}, "geometry": {"type": "Point", "coordinates": [-113.50785492821478, 53.62794217914103]}}, {"type": "Feature", "properties": {"t": "2026-04-21T09:35:00+00:00Z", "z_m": 12.479263554427282}, "geometry": {"type": "Point", "coordinates": [-113.50567478543577, 53.62865225456069]}}, {"type": "Feature", "properties": {"t": "2026-04-21T09:35:00+00:00Z", "z_m": 12.010555059683934}, "geometry": {"type": "Point", "coordinates": [-113.5043433334291, 53.62947334069617]}}, {"type": "Feature", "properties": {"t": "2026-04-21T09:35:00+00:00Z", "z_m": 14.468744637829762}, "geometry": {"type": "Point", "coordinates": [-113.50701655439694, 53.627303589426226]}}, {"type": "Feature", "properties": {"t": "2026-04-21T09:35:00+00:00Z", "z_m": 14.972312742899318}, "geometry": {"type": "Point", "coordinates": [-113.50776765461397, 53.62785021496959]}}, {"type": "Feature", "properties": {"t": "2026-04-21T09:35:00+00:00Z", "z_m": 18.174853717930155}, "geometry": {"type": "Point", "coordinates": [-113.50816532169014, 53.63066568141023]}}, {"type": "Feature", "properties": {"t": "2026-04-21T09:35:00+00:00Z", "z_m": 18.711264904903373}, "geometry": {"type": "Point", "coordinates": [-113.51316406710205, 53.63055920558064]}}, {"type": "Feature", "properties": {"t": "2026-04-21T09:35:00+00:00Z", "z_m": 17.482669209685785}, "geometry": {"type": "Point", "coordinates": [-113.51227201736553, 53.62936674091533]}}, {"type": "Feature", "properties": {"t": "2026-04-21T09:30:00+00:00Z", "z_m": 17.11872551680465}, "geometry": {"type": "Point", "coordinates": [-113.5116290785858, 53.64144613595116]}}, {"type": "Feature", "properties": {"t": "2026-04-21T09:30:00+00:00Z", "z_m": 14.688945609443795}, "geometry": {"type": "Point", "coordinates": [-113.512003213959, 53.64464894071275]}}, {"type": "Feature", "properties": {"t": "2026-04-21T09:30:00+00:00Z", "z_m": 16.71008619118876}, "geometry": {"type": "Point", "coordinates": [-113.50953429219885, 53.64788071310076]}}, {"type": "Feature", "properties": {"t": "2026-04-21T09:30:00+00:00Z", "z_m": 19.603156575607585}, "geometry": {"type": "Point", "coordinates": [-113.51142045841331, 53.646671049804276]}}, {"type": "Feature", "properties": {"t": "2026-04-21T09:30:00+00:00Z", "z_m": 16.018224480207095}, "geometry": {"type": "Point", "coordinates": [-113.5137145552092, 53.646169013298326]}}, {"type": "Feature", "properties": {"t": "2026-04-21T09:30:00+00:00Z", "z_m": 16.348242220365822}, "geometry": {"type": "Point", "coordinates": [-113.51778820625995, 53.642673723337815]}}, {"type": "Feature", "properties": {"t": "2026-04-21T09:30:00+00:00Z", "z_m": 15.555259845309637}, "geometry": {"type": "Point", "coordinates": [-113.51534383465449, 53.64565237387594]}}, {"type": "Feature", "properties": {"t": "2026-04-21T09:30:00+00:00Z", "z_m": 19.42761838810538}, "geometry": {"type": "Point", "coordinates": [-113.51325261351066, 53.64384141076001]}}, {"type": "Feature", "properties": {"t": "2026-04-21T09:30:00+00:00Z", "z_m": 19.743448087262067}, "geometry": {"type": "Point", "coordinates": [-113.51050799288429, 53.64387309427875]}}, {"type": "Feature", "properties": {"t": "2026-04-21T09:30:00+00:00Z", "z_m": 14.822642380767766}, "geometry": {"type": "Point", "coordinates": [-113.51020755004807, 53.642924407879484]}}, {"type": "Feature", "properties": {"t": "2026-04-21T09:30:00+00:00Z", "z_m": 18.965581843835807}, "geometry": {"type": "Point", "coordinates": [-113.50682081055031, 53.641820183395744]}}, {"type": "Feature", "properties": {"t": "2026-04-21T09:30:00+00:00Z", "z_m": 14.594098267569047}, "geometry": {"type": "Point", "coordinates": [-113.51147323782538, 53.64401839778184]}}, {"type": "Feature", "properties": {"t": "2026-04-21T09:30:00+00:00Z", "z_m": 17.34451124992915}, "geometry": {"type": "Point", "coordinates": [-113.50861662345474, 53.64143430573257]}}, {"type": "Feature", "properties": {"t": "2026-04-21T09:30:00+00:00Z", "z_m": 12.677936293292877}, "geometry": {"type": "Point", "coordinates": [-113.51106134336982, 53.6451941029658]}}, {"type": "Feature", "properties": {"t": "2026-04-21T09:30:00+00:00Z", "z_m": 19.631316076962722}, "geometry": {"type": "Point", "coordinates": [-113.50630723559287, 53.64311291132044]}}, {"type": "Feature", "properties": {"t": "2026-04-21T09:30:00+00:00Z", "z_m": 20.0}, "geometry": {"type": "Point", "coordinates": [-113.51292756300153, 53.64305564083632]}}, {"type": "Feature", "properties": {"t": "2026-04-21T09:30:00+00:00Z", "z_m": 17.90323161005245}, "geometry": {"type": "Point", "coordinates": [-113.51273678315117, 53.64767159397966]}}, {"type": "Feature", "properties": {"t": "2026-04-21T09:30:00+00:00Z", "z_m": 13.851942062434862}, "geometry": {"type": "Point", "coordinates": [-113.51179297952321, 53.64826875498998]}}, {"type": "Feature", "properties": {"t": "2026-04-21T09:30:00+00:00Z", "z_m": 18.23205479082094}, "geometry": {"type": "Point", "coordinates": [-113.51078864663207, 53.64264890345307]}}, {"type": "Feature", "properties": {"t": "2026-04-21T09:30:00+00:00Z", "z_m": 14.207659280426054}, "geometry": {"type": "Point", "coordinates": [-113.5101257246137, 53.643939097569294]}}, {"type": "Feature", "properties": {"t": "2026-04-21T09:30:00+00:00Z", "z_m": 18.442736046170687}, "geometry": {"type": "Point", "coordinates": [-113.5153158806162, 53.639833120334295]}}, {"type": "Feature", "properties": {"t": "2026-04-21T09:30:00+00:00Z", "z_m": 18.644006689352736}, "geometry": {"type": "Point", "coordinates": [-113.50536776029817, 53.6454320390687]}}, {"type": "Feature", "properties": {"t": "2026-04-21T09:30:00+00:00Z", "z_m": 20.0}, "geometry": {"type": "Point", "coordinates": [-113.51765419903745, 53.643781347341296]}}, {"type": "Feature", "properties": {"t": "2026-04-21T09:30:00+00:00Z", "z_m": 18.898028106370596}, "geometry": {"type": "Point", "coordinates": [-113.52062108717051, 53.645162790773234]}}, {"type": "Feature", "properties": {"t": "2026-04-21T09:30:00+00:00Z", "z_m": 14.112192834248996}, "geometry": {"type": "Point", "coordinates": [-113.50714116098808, 53.64402888034631]}}, {"type": "Feature", "properties": {"t": "2026-04-21T09:30:00+00:00Z", "z_m": 14.874361872568048}, "geometry": {"type": "Point", "coordinates": [-113.51093145140618, 53.64635280670181]}}, {"type": "Feature", "properties": {"t": "2026-04-21T09:30:00+00:00Z", "z_m": 16.81778688031686}, "geometry": {"type": "Point", "coordinates": [-113.51002957452685, 53.64179382359027]}}, {"type": "Feature", "properties": {"t": "2026-04-21T09:30:00+00:00Z", "z_m": 12.78544236231699}, "geometry": {"type": "Point", "coordinates": [-113.50491603486684, 53.64575524139221]}}, {"type": "Feature", "properties": {"t": "2026-04-21T09:30:00+00:00Z", "z_m": 19.39113035825589}, "geometry": {"type": "Point", "coordinates": [-113.51482002731277, 53.646092817586656]}}, {"type": "Feature", "properties": {"t": "2026-04-21T09:30:00+00:00Z", "z_m": 18.657595676326427}, "geometry": {"type": "Point", "coordinates": [-113.50427742539611, 53.64693098253176]}}, {"type": "Feature", "properties": {"t": "2026-04-21T09:30:00+00:00Z", "z_m": 16.306023246663706}, "geometry": {"type": "Point", "coordinates": [-113.51050645591428, 53.642885257511054]}}, {"type": "Feature", "properties": {"t": "2026-04-21T09:30:00+00:00Z", "z_m": 18.7466738979257}, "geometry": {"type": "Point", "coordinates": [-113.51416018186721, 53.64423930223076]}}, {"type": "Feature", "properties": {"t": "2026-04-21T09:30:00+00:00Z", "z_m": 20.0}, "geometry": {"type": "Point", "coordinates": [-113.51050580390114, 53.646868364838724]}}, {"type": "Feature", "properties": {"t": "2026-04-21T09:30:00+00:00Z", "z_m": 16.83506925217227}, "geometry": {"type": "Point", "coordinates": [-113.513104679052, 53.64410263724495]}}, {"type": "Feature", "properties": {"t": "2026-04-21T09:30:00+00:00Z", "z_m": 17.163528391196092}, "geometry": {"type": "Point", "coordinates": [-113.51211428360976, 53.6446531851966]}}, {"type": "Feature", "properties": {"t": "2026-04-21T09:30:00+00:00Z", "z_m": 16.966265468736736}, "geometry": {"type": "Point", "coordinates": [-113.5052703477728, 53.64399727734448]}}, {"type": "Feature", "properties": {"t": "2026-04-21T09:30:00+00:00Z", "z_m": 19.792057914081475}, "geometry": {"type": "Point", "coordinates": [-113.50822563642322, 53.64379435203211]}}, {"type": "Feature", "properties": {"t": "2026-04-21T09:30:00+00:00Z", "z_m": 19.340446033811357}, "geometry": {"type": "Point", "coordinates": [-113.51456839362619, 53.648713879321576]}}, {"type": "Feature", "properties": {"t": "2026-04-21T09:30:00+00:00Z", "z_m": 16.241748629206256}, "geometry": {"type": "Point", "coordinates": [-113.50914776152396, 53.644052056441026]}}, {"type": "Feature", "properties": {"t": "2026-04-21T09:30:00+00:00Z", "z_m": 19.986458498297832}, "geometry": {"type": "Point", "coordinates": [-113.51865636850799, 53.64382378560486]}}, {"type": "Feature", "properties": {"t": "2026-04-21T09:30:00+00:00Z", "z_m": 19.73898830398864}, "geometry": {"type": "Point", "coordinates": [-113.51276294420235, 53.6437634598371]}}, {"type": "Feature", "properties": {"t": "2026-04-21T09:30:00+00:00Z", "z_m": 20.0}, "geometry": {"type": "Point", "coordinates": [-113.51167570131894, 53.64214379100321]}}, {"type": "Feature", "properties": {"t": "2026-04-21T09:30:00+00:00Z", "z_m": 17.011567440913595}, "geometry": {"type": "Point", "coordinates": [-113.51094058561314, 53.64267474259738]}}, {"type": "Feature", "properties": {"t": "2026-04-21T09:30:00+00:00Z", "z_m": 10.884141658175952}, "geometry": {"type": "Point", "coordinates": [-113.50647816055715, 53.64313238220519]}}, {"type": "Feature", "properties": {"t": "2026-04-21T09:30:00+00:00Z", "z_m": 12.070401918436067}, "geometry": {"type": "Point", "coordinates": [-113.50743701866311, 53.64497091486562]}}, {"type": "Feature", "properties": {"t": "2026-04-21T09:30:00+00:00Z", "z_m": 13.731838350328658}, "geometry": {"type": "Point", "coordinates": [-113.5088661386807, 53.64222876066458]}}, {"type": "Feature", "properties": {"t": "2026-04-21T09:30:00+00:00Z", "z_m": 14.922440700065208}, "geometry": {"type": "Point", "coordinates": [-113.51208907457826, 53.64164666491939]}}, {"type": "Feature", "properties": {"t": "2026-04-21T09:30:00+00:00Z", "z_m": 17.720409495182743}, "geometry": {"type": "Point", "coordinates": [-113.51121721653955, 53.64513726530921]}}, {"type": "Feature", "properties": {"t": "2026-04-21T09:30:00+00:00Z", "z_m": 19.67380100666446}, "geometry": {"type": "Point", "coordinates": [-113.51762676841136, 53.64496509634381]}}, {"type": "Feature", "properties": {"t": "2026-04-21T09:30:00+00:00Z", "z_m": 19.509073708636212}, "geometry": {"type": "Point", "coordinates": [-113.51419102244859, 53.64499344857405]}}, {"type": "Feature", "properties": {"t": "2026-04-21T09:25:00+00:00Z", "z_m": 16.211930911046554}, "geometry": {"type": "Point", "coordinates": [-113.51260534548341, 53.65653924589715]}}, {"type": "Feature", "properties": {"t": "2026-04-21T09:25:00+00:00Z", "z_m": 13.862889413904455}, "geometry": {"type": "Point", "coordinates": [-113.51660628313145, 53.65895627635416]}}, {"type": "Feature", "properties": {"t": "2026-04-21T09:25:00+00:00Z", "z_m": 18.033811542777755}, "geometry": {"type": "Point", "coordinates": [-113.51215587119842, 53.661711498670826]}}, {"type": "Feature", "properties": {"t": "2026-04-21T09:25:00+00:00Z", "z_m": 17.85836297759663}, "geometry": {"type": "Point", "coordinates": [-113.51469233076615, 53.66142520638821]}}, {"type": "Feature", "properties": {"t": "2026-04-21T09:25:00+00:00Z", "z_m": 15.752015265611305}, "geometry": {"type": "Point", "coordinates": [-113.51416814412266, 53.66064727173208]}}, {"type": "Feature", "properties": {"t": "2026-04-21T09:25:00+00:00Z", "z_m": 18.111601373761225}, "geometry": {"type": "Point", "coordinates": [-113.52134539463601, 53.65629684553969]}}, {"type": "Feature", "properties": {"t": "2026-04-21T09:25:00+00:00Z", "z_m": 13.810218327571826}, "geometry": {"type": "Point", "coordinates": [-113.51635177036633, 53.66127743772264]}}, {"type": "Feature", "properties": {"t": "2026-04-21T09:25:00+00:00Z", "z_m": 18.54501751744784}, "geometry": {"type": "Point", "coordinates": [-113.51576289727466, 53.65826993095139]}}, {"type": "Feature", "properties": {"t": "2026-04-21T09:25:00+00:00Z", "z_m": 18.352388736735783}, "geometry": {"type": "Point", "coordinates": [-113.51302792299893, 53.658978830921654]}}, {"type": "Feature", "properties": {"t": "2026-04-21T09:25:00+00:00Z", "z_m": 17.01707764238993}, "geometry": {"type": "Point", "coordinates": [-113.51487294753939, 53.6576011164778]}}, {"type": "Feature", "properties": {"t": "2026-04-21T09:25:00+00:00Z", "z_m": 19.496621807719837}, "geometry": {"type": "Point", "coordinates": [-113.51062702976363, 53.65671107057951]}}, {"type": "Feature", "properties": {"t": "2026-04-21T09:25:00+00:00Z", "z_m": 13.931479852717114}, "geometry": {"type": "Point", "coordinates": [-113.51337772729806, 53.65815345387451]}}, {"type": "Feature", "properties": {"t": "2026-04-21T09:25:00+00:00Z", "z_m": 18.85004282886619}, "geometry": {"type": "Point", "coordinates": [-113.51139832431245, 53.655484880437776]}}, {"type": "Feature", "properties": {"t": "2026-04-21T09:25:00+00:00Z", "z_m": 17.118348552456055}, "geometry": {"type": "Point", "coordinates": [-113.51268795669372, 53.66000513005173]}}, {"type": "Feature", "properties": {"t": "2026-04-21T09:25:00+00:00Z", "z_m": 18.86694076373587}, "geometry": {"type": "Point", "coordinates": [-113.50908997938511, 53.65821871628169]}}, {"type": "Feature", "properties": {"t": "2026-04-21T09:25:00+00:00Z", "z_m": 19.00951857581683}, "geometry": {"type": "Point", "coordinates": [-113.51495739514071, 53.6573734418543]}}, {"type": "Feature", "properties": {"t": "2026-04-21T09:25:00+00:00Z", "z_m": 12.617162886108737}, "geometry": {"type": "Point", "coordinates": [-113.51698384605015, 53.66227051409045]}}, {"type": "Feature", "properties": {"t": "2026-04-21T09:25:00+00:00Z", "z_m": 16.39150705746796}, "geometry": {"type": "Point", "coordinates": [-113.51511576618061, 53.66337105673601]}}, {"type": "Feature", "properties": {"t": "2026-04-21T09:25:00+00:00Z", "z_m": 16.34070203175212}, "geometry": {"type": "Point", "coordinates": [-113.5117450070956, 53.65578202882701]}}, {"type": "Feature", "properties": {"t": "2026-04-21T09:25:00+00:00Z", "z_m": 15.282680742569962}, "geometry": {"type": "Point", "coordinates": [-113.51473545633675, 53.65787529800089]}}, {"type": "Feature", "properties": {"t": "2026-04-21T09:25:00+00:00Z", "z_m": 15.507790498353206}, "geometry": {"type": "Point", "coordinates": [-113.518773643531, 53.654165635218746]}}, {"type": "Feature", "properties": {"t": "2026-04-21T09:25:00+00:00Z", "z_m": 20.0}, "geometry": {"type": "Point", "coordinates": [-113.50831652080379, 53.65995814020127]}}, {"type": "Feature", "properties": {"t": "2026-04-21T09:25:00+00:00Z", "z_m": 20.0}, "geometry": {"type": "Point", "coordinates": [-113.5210365506027, 53.65764061136664]}}, {"type": "Feature", "properties": {"t": "2026-04-21T09:25:00+00:00Z", "z_m": 19.004608596817768}, "geometry": {"type": "Point", "coordinates": [-113.52383320725701, 53.65886037064687]}}, {"type": "Feature", "properties": {"t": "2026-04-21T09:25:00+00:00Z", "z_m": 18.246835728391602}, "geometry": {"type": "Point", "coordinates": [-113.51106900055612, 53.65875232237169]}}, {"type": "Feature", "properties": {"t": "2026-04-21T09:25:00+00:00Z", "z_m": 18.014934409930607}, "geometry": {"type": "Point", "coordinates": [-113.51265654180975, 53.660693525521616]}}, {"type": "Feature", "properties": {"t": "2026-04-21T09:25:00+00:00Z", "z_m": 14.74930431244066}, "geometry": {"type": "Point", "coordinates": [-113.51248634044084, 53.65545994920141]}}, {"type": "Feature", "properties": {"t": "2026-04-21T09:25:00+00:00Z", "z_m": 11.035686435496814}, "geometry": {"type": "Point", "coordinates": [-113.50829436135078, 53.66046536713598]}}, {"type": "Feature", "properties": {"t": "2026-04-21T09:25:00+00:00Z", "z_m": 19.0268008303635}, "geometry": {"type": "Point", "coordinates": [-113.51898701141835, 53.660746063411636]}}, {"type": "Feature", "properties": {"t": "2026-04-21T09:25:00+00:00Z", "z_m": 17.747134095585043}, "geometry": {"type": "Point", "coordinates": [-113.507819757661, 53.6615225453679]}}, {"type": "Feature", "properties": {"t": "2026-04-21T09:25:00+00:00Z", "z_m": 14.613929449973261}, "geometry": {"type": "Point", "coordinates": [-113.51354921406059, 53.656883112014626]}}, {"type": "Feature", "properties": {"t": "2026-04-21T09:25:00+00:00Z", "z_m": 15.772843172919423}, "geometry": {"type": "Point", "coordinates": [-113.51614796105865, 53.65836974270849]}}, {"type": "Feature", "properties": {"t": "2026-04-21T09:25:00+00:00Z", "z_m": 19.95475557062899}, "geometry": {"type": "Point", "coordinates": [-113.51593054920681, 53.66087421392538]}}, {"type": "Feature", "properties": {"t": "2026-04-21T09:25:00+00:00Z", "z_m": 13.326846383776623}, "geometry": {"type": "Point", "coordinates": [-113.51670312653651, 53.65766926915506]}}, {"type": "Feature", "properties": {"t": "2026-04-21T09:25:00+00:00Z", "z_m": 15.942233550451583}, "geometry": {"type": "Point", "coordinates": [-113.51383918682002, 53.65913002464858]}}, {"type": "Feature", "properties": {"t": "2026-04-21T09:25:00+00:00Z", "z_m": 17.241253514601862}, "geometry": {"type": "Point", "coordinates": [-113.50843617515196, 53.657908655660876]}}, {"type": "Feature", "properties": {"t": "2026-04-21T09:25:00+00:00Z", "z_m": 19.563890139286595}, "geometry": {"type": "Point", "coordinates": [-113.50833729424787, 53.658960501264524]}}, {"type": "Feature", "properties": {"t": "2026-04-21T09:25:00+00:00Z", "z_m": 20.0}, "geometry": {"type": "Point", "coordinates": [-113.51772704712624, 53.66284630555649]}}, {"type": "Feature", "properties": {"t": "2026-04-21T09:25:00+00:00Z", "z_m": 18.50682480838402}, "geometry": {"type": "Point", "coordinates": [-113.51238523032838, 53.657566962052975]}}, {"type": "Feature", "properties": {"t": "2026-04-21T09:25:00+00:00Z", "z_m": 20.0}, "geometry": {"type": "Point", "coordinates": [-113.52020105465324, 53.6580548725957]}}, {"type": "Feature", "properties": {"t": "2026-04-21T09:25:00+00:00Z", "z_m": 18.796084684861146}, "geometry": {"type": "Point", "coordinates": [-113.51543297244086, 53.65862180019384]}}, {"type": "Feature", "properties": {"t": "2026-04-21T09:25:00+00:00Z", "z_m": 20.0}, "geometry": {"type": "Point", "coordinates": [-113.51329039194708, 53.65638252607256]}}, {"type": "Feature", "properties": {"t": "2026-04-21T09:25:00+00:00Z", "z_m": 15.499535725513576}, "geometry": {"type": "Point", "coordinates": [-113.51395329336509, 53.65710154218417]}}, {"type": "Feature", "properties": {"t": "2026-04-21T09:25:00+00:00Z", "z_m": 10.499333511063458}, "geometry": {"type": "Point", "coordinates": [-113.50860381632262, 53.657108109654644]}}, {"type": "Feature", "properties": {"t": "2026-04-21T09:25:00+00:00Z", "z_m": 13.909510257292375}, "geometry": {"type": "Point", "coordinates": [-113.51027575428867, 53.66009494498179]}}, {"type": "Feature", "properties": {"t": "2026-04-21T09:25:00+00:00Z", "z_m": 13.698365636329758}, "geometry": {"type": "Point", "coordinates": [-113.51023058697784, 53.65637643704035]}}, {"type": "Feature", "properties": {"t": "2026-04-21T09:25:00+00:00Z", "z_m": 14.991081308282764}, "geometry": {"type": "Point", "coordinates": [-113.51645013925811, 53.65425150181745]}}, {"type": "Feature", "properties": {"t": "2026-04-21T09:25:00+00:00Z", "z_m": 19.56324811316695}, "geometry": {"type": "Point", "coordinates": [-113.51194037607183, 53.6606116828434]}}, {"type": "Feature", "properties": {"t": "2026-04-21T09:25:00+00:00Z", "z_m": 18.749660851014458}, "geometry": {"type": "Point", "coordinates": [-113.52053926645726, 53.659929123019275]}}, {"type": "Feature", "properties": {"t": "2026-04-21T09:25:00+00:00Z", "z_m": 19.170007579638973}, "geometry": {"type": "Point", "coordinates": [-113.51693841833713, 53.659895210494916]}}, {"type": "Feature", "properties": {"t": "2026-04-21T09:20:00+00:00Z", "z_m": 17.73119193841859}, "geometry": {"type": "Point", "coordinates": [-113.51432305213953, 53.671976757187494]}}, {"type": "Feature", "properties": {"t": "2026-04-21T09:20:00+00:00Z", "z_m": 10.55298330732922}, "geometry": {"type": "Point", "coordinates": [-113.51910430216324, 53.674456894285065]}}, {"type": "Feature", "properties": {"t": "2026-04-21T09:20:00+00:00Z", "z_m": 18.01818481360986}, "geometry": {"type": "Point", "coordinates": [-113.51543553858387, 53.67596764782019]}}, {"type": "Feature", "properties": {"t": "2026-04-21T09:20:00+00:00Z", "z_m": 18.245687982761297}, "geometry": {"type": "Point", "coordinates": [-113.51771657657217, 53.675865686952854]}}, {"type": "Feature", "properties": {"t": "2026-04-21T09:20:00+00:00Z", "z_m": 17.699192143531302}, "geometry": {"type": "Point", "coordinates": [-113.51637732659383, 53.675864571283455]}}, {"type": "Feature", "properties": {"t": "2026-04-21T09:20:00+00:00Z", "z_m": 16.61298430994033}, "geometry": {"type": "Point", "coordinates": [-113.52241845201841, 53.6698984214804]}}, {"type": "Feature", "properties": {"t": "2026-04-21T09:20:00+00:00Z", "z_m": 13.285889832331048}, "geometry": {"type": "Point", "coordinates": [-113.5183393079292, 53.67537035694437]}}, {"type": "Feature", "properties": {"t": "2026-04-21T09:20:00+00:00Z", "z_m": 20.0}, "geometry": {"type": "Point", "coordinates": [-113.51823072955295, 53.67273547618258]}}, {"type": "Feature", "properties": {"t": "2026-04-21T09:20:00+00:00Z", "z_m": 16.55382167634593}, "geometry": {"type": "Point", "coordinates": [-113.51476637395015, 53.67274259067872]}}, {"type": "Feature", "properties": {"t": "2026-04-21T09:20:00+00:00Z", "z_m": 18.216663465451713}, "geometry": {"type": "Point", "coordinates": [-113.51771122431411, 53.67247159501895]}}, {"type": "Feature", "properties": {"t": "2026-04-21T09:20:00+00:00Z", "z_m": 19.995165739998306}, "geometry": {"type": "Point", "coordinates": [-113.51161888334433, 53.67075245521292]}}, {"type": "Feature", "properties": {"t": "2026-04-21T09:20:00+00:00Z", "z_m": 11.99576756405472}, "geometry": {"type": "Point", "coordinates": [-113.51516218517945, 53.67227363615148]}}, {"type": "Feature", "properties": {"t": "2026-04-21T09:20:00+00:00Z", "z_m": 19.3070233778477}, "geometry": {"type": "Point", "coordinates": [-113.51323535978442, 53.66992596685424]}}, {"type": "Feature", "properties": {"t": "2026-04-21T09:20:00+00:00Z", "z_m": 14.66651661269034}, "geometry": {"type": "Point", "coordinates": [-113.51517014286254, 53.672704974314726]}}, {"type": "Feature", "properties": {"t": "2026-04-21T09:20:00+00:00Z", "z_m": 19.71070162800705}, "geometry": {"type": "Point", "coordinates": [-113.51095910884058, 53.67173280149896]}}, {"type": "Feature", "properties": {"t": "2026-04-21T09:20:00+00:00Z", "z_m": 17.81449729142549}, "geometry": {"type": "Point", "coordinates": [-113.51662009614388, 53.67133487539461]}}, {"type": "Feature", "properties": {"t": "2026-04-21T09:20:00+00:00Z", "z_m": 9.49828915110461}, "geometry": {"type": "Point", "coordinates": [-113.51964501423014, 53.675456512934616]}}, {"type": "Feature", "properties": {"t": "2026-04-21T09:20:00+00:00Z", "z_m": 17.1280483071234}, "geometry": {"type": "Point", "coordinates": [-113.5166435060891, 53.67794993957917]}}, {"type": "Feature", "properties": {"t": "2026-04-21T09:20:00+00:00Z", "z_m": 15.00024688825378}, "geometry": {"type": "Point", "coordinates": [-113.51299937295424, 53.6682116500665]}}, {"type": "Feature", "properties": {"t": "2026-04-21T09:20:00+00:00Z", "z_m": 16.9021074413469}, "geometry": {"type": "Point", "coordinates": [-113.51513141907822, 53.67226929237313]}}, {"type": "Feature", "properties": {"t": "2026-04-21T09:20:00+00:00Z", "z_m": 14.680164944621792}, "geometry": {"type": "Point", "coordinates": [-113.52168993815764, 53.6679399281984]}}, {"type": "Feature", "properties": {"t": "2026-04-21T09:20:00+00:00Z", "z_m": 19.76227481836321}, "geometry": {"type": "Point", "coordinates": [-113.51067232936252, 53.67507283675761]}}, {"type": "Feature", "properties": {"t": "2026-04-21T09:20:00+00:00Z", "z_m": 19.896303233208915}, "geometry": {"type": "Point", "coordinates": [-113.5238628041413, 53.671467951905406]}}, {"type": "Feature", "properties": {"t": "2026-04-21T09:20:00+00:00Z", "z_m": 18.458025755727803}, "geometry": {"type": "Point", "coordinates": [-113.52739586196128, 53.67254493272813]}}, {"type": "Feature", "properties": {"t": "2026-04-21T09:20:00+00:00Z", "z_m": 16.70438197322045}, "geometry": {"type": "Point", "coordinates": [-113.51457330887405, 53.673208963251206]}}, {"type": "Feature", "properties": {"t": "2026-04-21T09:20:00+00:00Z", "z_m": 16.152734177616892}, "geometry": {"type": "Point", "coordinates": [-113.51396285197931, 53.675113509098246]}}, {"type": "Feature", "properties": {"t": "2026-04-21T09:20:00+00:00Z", "z_m": 13.957881953338225}, "geometry": {"type": "Point", "coordinates": [-113.51645195062936, 53.669719085603184]}}, {"type": "Feature", "properties": {"t": "2026-04-21T09:20:00+00:00Z", "z_m": 11.565224708898208}, "geometry": {"type": "Point", "coordinates": [-113.5090289678992, 53.674971852560375]}}, {"type": "Feature", "properties": {"t": "2026-04-21T09:20:00+00:00Z", "z_m": 19.619303897045995}, "geometry": {"type": "Point", "coordinates": [-113.52119194138712, 53.67390180196643]}}, {"type": "Feature", "properties": {"t": "2026-04-21T09:20:00+00:00Z", "z_m": 16.294616367059373}, "geometry": {"type": "Point", "coordinates": [-113.51044996651326, 53.67562277936686]}}, {"type": "Feature", "properties": {"t": "2026-04-21T09:20:00+00:00Z", "z_m": 11.003447550177897}, "geometry": {"type": "Point", "coordinates": [-113.51432299445291, 53.671628338277344]}}, {"type": "Feature", "properties": {"t": "2026-04-21T09:20:00+00:00Z", "z_m": 12.446438860971675}, "geometry": {"type": "Point", "coordinates": [-113.52061801748336, 53.67243920257076]}}, {"type": "Feature", "properties": {"t": "2026-04-21T09:20:00+00:00Z", "z_m": 18.716312101616655}, "geometry": {"type": "Point", "coordinates": [-113.51979171576865, 53.675110851669075]}}, {"type": "Feature", "properties": {"t": "2026-04-21T09:20:00+00:00Z", "z_m": 12.211660906769097}, "geometry": {"type": "Point", "coordinates": [-113.5191963259906, 53.67075760431735]}}, {"type": "Feature", "properties": {"t": "2026-04-21T09:20:00+00:00Z", "z_m": 18.52976626730253}, "geometry": {"type": "Point", "coordinates": [-113.51523775692026, 53.67252837828066]}}, {"type": "Feature", "properties": {"t": "2026-04-21T09:20:00+00:00Z", "z_m": 10.897616211409185}, "geometry": {"type": "Point", "coordinates": [-113.51238659422572, 53.672415175893754]}}, {"type": "Feature", "properties": {"t": "2026-04-21T09:20:00+00:00Z", "z_m": 16.814025630586418}, "geometry": {"type": "Point", "coordinates": [-113.50976021595554, 53.671905126275256]}}, {"type": "Feature", "properties": {"t": "2026-04-21T09:20:00+00:00Z", "z_m": 20.0}, "geometry": {"type": "Point", "coordinates": [-113.52076161448146, 53.67721342548133]}}, {"type": "Feature", "properties": {"t": "2026-04-21T09:20:00+00:00Z", "z_m": 13.56045997149186}, "geometry": {"type": "Point", "coordinates": [-113.51446169570222, 53.671084834935655]}}, {"type": "Feature", "properties": {"t": "2026-04-21T09:20:00+00:00Z", "z_m": 18.374890283458676}, "geometry": {"type": "Point", "coordinates": [-113.52145751092634, 53.67205874048084]}}, {"type": "Feature", "properties": {"t": "2026-04-21T09:20:00+00:00Z", "z_m": 18.427452624842438}, "geometry": {"type": "Point", "coordinates": [-113.51859189302162, 53.67289998863908]}}, {"type": "Feature", "properties": {"t": "2026-04-21T09:20:00+00:00Z", "z_m": 19.205603762889595}, "geometry": {"type": "Point", "coordinates": [-113.51755436728156, 53.670627709888365]}}, {"type": "Feature", "properties": {"t": "2026-04-21T09:20:00+00:00Z", "z_m": 16.014266326872526}, "geometry": {"type": "Point", "coordinates": [-113.51609762265896, 53.670442836751754]}}, {"type": "Feature", "properties": {"t": "2026-04-21T09:20:00+00:00Z", "z_m": 8.715217493638235}, "geometry": {"type": "Point", "coordinates": [-113.51068546153951, 53.67180139650202]}}, {"type": "Feature", "properties": {"t": "2026-04-21T09:20:00+00:00Z", "z_m": 15.095745679307907}, "geometry": {"type": "Point", "coordinates": [-113.51134962583762, 53.67414621426394]}}, {"type": "Feature", "properties": {"t": "2026-04-21T09:20:00+00:00Z", "z_m": 14.226346992768828}, "geometry": {"type": "Point", "coordinates": [-113.51277693766087, 53.66974223185239]}}, {"type": "Feature", "properties": {"t": "2026-04-21T09:20:00+00:00Z", "z_m": 10.560209988116094}, "geometry": {"type": "Point", "coordinates": [-113.51816419725046, 53.66785725917152]}}, {"type": "Feature", "properties": {"t": "2026-04-21T09:20:00+00:00Z", "z_m": 20.0}, "geometry": {"type": "Point", "coordinates": [-113.51395946933344, 53.67554500703399]}}, {"type": "Feature", "properties": {"t": "2026-04-21T09:20:00+00:00Z", "z_m": 18.46230066023304}, "geometry": {"type": "Point", "coordinates": [-113.52312899626443, 53.67390230636767]}}, {"type": "Feature", "properties": {"t": "2026-04-21T09:20:00+00:00Z", "z_m": 17.14459908894925}, "geometry": {"type": "Point", "coordinates": [-113.5187366181549, 53.6749694615305]}}, {"type": "Feature", "properties": {"t": "2026-04-21T09:15:00+00:00Z", "z_m": 15.455019570749823}, "geometry": {"type": "Point", "coordinates": [-113.51456532266695, 53.68517883778417]}}, {"type": "Feature", "properties": {"t": "2026-04-21T09:15:00+00:00Z", "z_m": 10.204889512197042}, "geometry": {"type": "Point", "coordinates": [-113.52051666779074, 53.68877731296751]}}, {"type": "Feature", "properties": {"t": "2026-04-21T09:15:00+00:00Z", "z_m": 19.11098412221201}, "geometry": {"type": "Point", "coordinates": [-113.51823466384259, 53.690915604332616]}}, {"type": "Feature", "properties": {"t": "2026-04-21T09:15:00+00:00Z", "z_m": 18.539532962219358}, "geometry": {"type": "Point", "coordinates": [-113.52018058167538, 53.689229216197724]}}, {"type": "Feature", "properties": {"t": "2026-04-21T09:15:00+00:00Z", "z_m": 19.081824777103858}, "geometry": {"type": "Point", "coordinates": [-113.5195383719069, 53.68957080616591]}}, {"type": "Feature", "properties": {"t": "2026-04-21T09:15:00+00:00Z", "z_m": 15.28545203686265}, "geometry": {"type": "Point", "coordinates": [-113.52295696829819, 53.68362431402087]}}, {"type": "Feature", "properties": {"t": "2026-04-21T09:15:00+00:00Z", "z_m": 9.670007635332876}, "geometry": {"type": "Point", "coordinates": [-113.52065028322461, 53.68775033632318]}}, {"type": "Feature", "properties": {"t": "2026-04-21T09:15:00+00:00Z", "z_m": 17.224555798906778}, "geometry": {"type": "Point", "coordinates": [-113.52065863089683, 53.687321812352266]}}, {"type": "Feature", "properties": {"t": "2026-04-21T09:15:00+00:00Z", "z_m": 12.770076350109644}, "geometry": {"type": "Point", "coordinates": [-113.51796764189724, 53.68653726795114]}}, {"type": "Feature", "properties": {"t": "2026-04-21T09:15:00+00:00Z", "z_m": 19.753416438749884}, "geometry": {"type": "Point", "coordinates": [-113.51785963093029, 53.68605668631194]}}, {"type": "Feature", "properties": {"t": "2026-04-21T09:15:00+00:00Z", "z_m": 18.89296127370737}, "geometry": {"type": "Point", "coordinates": [-113.51315216529147, 53.68484931613985]}}, {"type": "Feature", "properties": {"t": "2026-04-21T09:15:00+00:00Z", "z_m": 11.850351960233382}, "geometry": {"type": "Point", "coordinates": [-113.5151487832199, 53.68714339773219]}}, {"type": "Feature", "properties": {"t": "2026-04-21T09:15:00+00:00Z", "z_m": 19.06069182527823}, "geometry": {"type": "Point", "coordinates": [-113.51509252160159, 53.68304545542293]}}, {"type": "Feature", "properties": {"t": "2026-04-21T09:15:00+00:00Z", "z_m": 12.67541322088288}, "geometry": {"type": "Point", "coordinates": [-113.51748533732496, 53.68621646935586]}}, {"type": "Feature", "properties": {"t": "2026-04-21T09:15:00+00:00Z", "z_m": 18.970803168698552}, "geometry": {"type": "Point", "coordinates": [-113.51317315628786, 53.68587945759464]}}, {"type": "Feature", "properties": {"t": "2026-04-21T09:15:00+00:00Z", "z_m": 20.0}, "geometry": {"type": "Point", "coordinates": [-113.5193440982109, 53.686505473463]}}, {"type": "Feature", "properties": {"t": "2026-04-21T09:15:00+00:00Z", "z_m": 8.701505783513067}, "geometry": {"type": "Point", "coordinates": [-113.52197229972073, 53.68834836021923]}}, {"type": "Feature", "properties": {"t": "2026-04-21T09:15:00+00:00Z", "z_m": 16.83703866168451}, "geometry": {"type": "Point", "coordinates": [-113.51914996301096, 53.692954737631325]}}, {"type": "Feature", "properties": {"t": "2026-04-21T09:15:00+00:00Z", "z_m": 17.527550483479132}, "geometry": {"type": "Point", "coordinates": [-113.51687440157329, 53.68037686255919]}}, {"type": "Feature", "properties": {"t": "2026-04-21T09:15:00+00:00Z", "z_m": 17.522283074047976}, "geometry": {"type": "Point", "coordinates": [-113.51755498566285, 53.68781779999878]}}, {"type": "Feature", "properties": {"t": "2026-04-21T09:15:00+00:00Z", "z_m": 14.118832895749978}, "geometry": {"type": "Point", "coordinates": [-113.52244736663754, 53.6820130859103]}}, {"type": "Feature", "properties": {"t": "2026-04-21T09:15:00+00:00Z", "z_m": 18.534132547255197}, "geometry": {"type": "Point", "coordinates": [-113.51303471609376, 53.68873981799925]}}, {"type": "Feature", "properties": {"t": "2026-04-21T09:15:00+00:00Z", "z_m": 17.742679600742925}, "geometry": {"type": "Point", "coordinates": [-113.52475642103161, 53.68423158002721]}}, {"type": "Feature", "properties": {"t": "2026-04-21T09:15:00+00:00Z", "z_m": 17.740016676971702}, "geometry": {"type": "Point", "coordinates": [-113.52804202914517, 53.686009597432616]}}, {"type": "Feature", "properties": {"t": "2026-04-21T09:15:00+00:00Z", "z_m": 19.100742045288637}, "geometry": {"type": "Point", "coordinates": [-113.51726511224682, 53.68681668456043]}}, {"type": "Feature", "properties": {"t": "2026-04-21T09:15:00+00:00Z", "z_m": 15.756635721460338}, "geometry": {"type": "Point", "coordinates": [-113.51467647893156, 53.68886727158809]}}, {"type": "Feature", "properties": {"t": "2026-04-21T09:15:00+00:00Z", "z_m": 15.402876229608026}, "geometry": {"type": "Point", "coordinates": [-113.51936221022734, 53.68368392224164]}}, {"type": "Feature", "properties": {"t": "2026-04-21T09:15:00+00:00Z", "z_m": 12.677152870955613}, "geometry": {"type": "Point", "coordinates": [-113.51171444718737, 53.68969893182555]}}, {"type": "Feature", "properties": {"t": "2026-04-21T09:15:00+00:00Z", "z_m": 17.794501371714773}, "geometry": {"type": "Point", "coordinates": [-113.52290508078283, 53.68728020776377]}}, {"type": "Feature", "properties": {"t": "2026-04-21T09:15:00+00:00Z", "z_m": 17.158040507656285}, "geometry": {"type": "Point", "coordinates": [-113.51133024793921, 53.689952113389786]}}, {"type": "Feature", "properties": {"t": "2026-04-21T09:15:00+00:00Z", "z_m": 9.96109362298252}, "geometry": {"type": "Point", "coordinates": [-113.51509236213155, 53.686595412804586]}}, {"type": "Feature", "properties": {"t": "2026-04-21T09:15:00+00:00Z", "z_m": 11.345910046415188}, "geometry": {"type": "Point", "coordinates": [-113.52138866345541, 53.686859853335726]}}, {"type": "Feature", "properties": {"t": "2026-04-21T09:15:00+00:00Z", "z_m": 16.497529641440117}, "geometry": {"type": "Point", "coordinates": [-113.51864228305266, 53.68812072801389]}}, {"type": "Feature", "properties": {"t": "2026-04-21T09:15:00+00:00Z", "z_m": 10.005444287054104}, "geometry": {"type": "Point", "coordinates": [-113.52052067345191, 53.684112527249084]}}, {"type": "Feature", "properties": {"t": "2026-04-21T09:15:00+00:00Z", "z_m": 15.721074627959972}, "geometry": {"type": "Point", "coordinates": [-113.51631388320425, 53.6857459926248]}}, {"type": "Feature", "properties": {"t": "2026-04-21T09:15:00+00:00Z", "z_m": 13.251479039033333}, "geometry": {"type": "Point", "coordinates": [-113.51367464591317, 53.686269308370726]}}, {"type": "Feature", "properties": {"t": "2026-04-21T09:15:00+00:00Z", "z_m": 16.01695689318683}, "geometry": {"type": "Point", "coordinates": [-113.51264459502885, 53.68451834974243]}}, {"type": "Feature", "properties": {"t": "2026-04-21T09:15:00+00:00Z", "z_m": 18.113654448465827}, "geometry": {"type": "Point", "coordinates": [-113.52374453486205, 53.68982871986613]}}, {"type": "Feature", "properties": {"t": "2026-04-21T09:15:00+00:00Z", "z_m": 14.925576500138684}, "geometry": {"type": "Point", "coordinates": [-113.51617830279693, 53.68465579628723]}}, {"type": "Feature", "properties": {"t": "2026-04-21T09:15:00+00:00Z", "z_m": 20.0}, "geometry": {"type": "Point", "coordinates": [-113.52382543612413, 53.68515505633553]}}, {"type": "Feature", "properties": {"t": "2026-04-21T09:15:00+00:00Z", "z_m": 16.78367418591486}, "geometry": {"type": "Point", "coordinates": [-113.51983403079595, 53.68737539196443]}}, {"type": "Feature", "properties": {"t": "2026-04-21T09:15:00+00:00Z", "z_m": 19.12392052266862}, "geometry": {"type": "Point", "coordinates": [-113.51869167665113, 53.68377436506111]}}, {"type": "Feature", "properties": {"t": "2026-04-21T09:15:00+00:00Z", "z_m": 16.280276474587076}, "geometry": {"type": "Point", "coordinates": [-113.5182965468624, 53.68379563469923]}}, {"type": "Feature", "properties": {"t": "2026-04-21T09:15:00+00:00Z", "z_m": 7.2315531685814465}, "geometry": {"type": "Point", "coordinates": [-113.51225688122616, 53.68471063513896]}}, {"type": "Feature", "properties": {"t": "2026-04-21T09:15:00+00:00Z", "z_m": 14.975735636566172}, "geometry": {"type": "Point", "coordinates": [-113.51265089553044, 53.68791235383262]}}, {"type": "Feature", "properties": {"t": "2026-04-21T09:15:00+00:00Z", "z_m": 16.952026600168235}, "geometry": {"type": "Point", "coordinates": [-113.51462354530169, 53.68251387174687]}}, {"type": "Feature", "properties": {"t": "2026-04-21T09:15:00+00:00Z", "z_m": 11.092757553567447}, "geometry": {"type": "Point", "coordinates": [-113.51950248021294, 53.68102009667645]}}, {"type": "Feature", "properties": {"t": "2026-04-21T09:15:00+00:00Z", "z_m": 18.58323284059088}, "geometry": {"type": "Point", "coordinates": [-113.51503165929451, 53.68927935564367]}}, {"type": "Feature", "properties": {"t": "2026-04-21T09:15:00+00:00Z", "z_m": 19.933689758091237}, "geometry": {"type": "Point", "coordinates": [-113.52414138892503, 53.68666569308648]}}, {"type": "Feature", "properties": {"t": "2026-04-21T09:15:00+00:00Z", "z_m": 14.812243256252847}, "geometry": {"type": "Point", "coordinates": [-113.51984961171023, 53.688600629383735]}}, {"type": "Feature", "properties": {"t": "2026-04-21T09:10:00+00:00Z", "z_m": 13.307861051842913}, "geometry": {"type": "Point", "coordinates": [-113.51658531510763, 53.698140384901805]}}, {"type": "Feature", "properties": {"t": "2026-04-21T09:10:00+00:00Z", "z_m": 9.562874758811192}, "geometry": {"type": "Point", "coordinates": [-113.52271189693764, 53.70234058279394]}}, {"type": "Feature", "properties": {"t": "2026-04-21T09:10:00+00:00Z", "z_m": 19.95024278711217}, "geometry": {"type": "Point", "coordinates": [-113.51941805453143, 53.70474336051145]}}, {"type": "Feature", "properties": {"t": "2026-04-21T09:10:00+00:00Z", "z_m": 18.382088846545212}, "geometry": {"type": "Point", "coordinates": [-113.52095262123618, 53.70256873407764]}}, {"type": "Feature", "properties": {"t": "2026-04-21T09:10:00+00:00Z", "z_m": 17.94021307191826}, "geometry": {"type": "Point", "coordinates": [-113.52142612423837, 53.704823525811264]}}, {"type": "Feature", "properties": {"t": "2026-04-21T09:10:00+00:00Z", "z_m": 13.479805994908665}, "geometry": {"type": "Point", "coordinates": [-113.5217162232947, 53.69705091674301]}}, {"type": "Feature", "properties": {"t": "2026-04-21T09:10:00+00:00Z", "z_m": 9.806092790058523}, "geometry": {"type": "Point", "coordinates": [-113.52142261770186, 53.70137698161443]}}, {"type": "Feature", "properties": {"t": "2026-04-21T09:10:00+00:00Z", "z_m": 15.40321964512982}, "geometry": {"type": "Point", "coordinates": [-113.52280283028163, 53.70126020727682]}}, {"type": "Feature", "properties": {"t": "2026-04-21T09:10:00+00:00Z", "z_m": 12.84785540046202}, "geometry": {"type": "Point", "coordinates": [-113.52088363419746, 53.69993846122326]}}, {"type": "Feature", "properties": {"t": "2026-04-21T09:10:00+00:00Z", "z_m": 16.628436525949883}, "geometry": {"type": "Point", "coordinates": [-113.5191417562153, 53.69927537767036]}}, {"type": "Feature", "properties": {"t": "2026-04-21T09:10:00+00:00Z", "z_m": 18.765677949098766}, "geometry": {"type": "Point", "coordinates": [-113.51583600787635, 53.698019817118414]}}, {"type": "Feature", "properties": {"t": "2026-04-21T09:10:00+00:00Z", "z_m": 8.387801343812534}, "geometry": {"type": "Point", "coordinates": [-113.51412432678376, 53.700416782741726]}}, {"type": "Feature", "properties": {"t": "2026-04-21T09:10:00+00:00Z", "z_m": 17.672235733601912}, "geometry": {"type": "Point", "coordinates": [-113.51705428823024, 53.69590366171813]}}, {"type": "Feature", "properties": {"t": "2026-04-21T09:10:00+00:00Z", "z_m": 14.48136816333294}, "geometry": {"type": "Point", "coordinates": [-113.52032926853431, 53.700182342188775]}}, {"type": "Feature", "properties": {"t": "2026-04-21T09:10:00+00:00Z", "z_m": 16.990019371670552}, "geometry": {"type": "Point", "coordinates": [-113.51704369752436, 53.69937675483968]}}, {"type": "Feature", "properties": {"t": "2026-04-21T09:10:00+00:00Z", "z_m": 19.53286101456413}, "geometry": {"type": "Point", "coordinates": [-113.52254541513565, 53.69936827771146]}}, {"type": "Feature", "properties": {"t": "2026-04-21T09:10:00+00:00Z", "z_m": 9.28573485957292}, "geometry": {"type": "Point", "coordinates": [-113.52311876169591, 53.699811406658846]}}, {"type": "Feature", "properties": {"t": "2026-04-21T09:10:00+00:00Z", "z_m": 17.547523998596102}, "geometry": {"type": "Point", "coordinates": [-113.52113868386513, 53.706513312881604]}}, {"type": "Feature", "properties": {"t": "2026-04-21T09:10:00+00:00Z", "z_m": 16.9684656160249}, "geometry": {"type": "Point", "coordinates": [-113.51667387389135, 53.69403284831923]}}, {"type": "Feature", "properties": {"t": "2026-04-21T09:10:00+00:00Z", "z_m": 18.37580005930929}, "geometry": {"type": "Point", "coordinates": [-113.51981257514298, 53.701837916890895]}}, {"type": "Feature", "properties": {"t": "2026-04-21T09:10:00+00:00Z", "z_m": 14.822582876596144}, "geometry": {"type": "Point", "coordinates": [-113.52544760315894, 53.696738774235115]}}, {"type": "Feature", "properties": {"t": "2026-04-21T09:10:00+00:00Z", "z_m": 17.46879666080288}, "geometry": {"type": "Point", "coordinates": [-113.51413482763712, 53.701858726026664]}}, {"type": "Feature", "properties": {"t": "2026-04-21T09:10:00+00:00Z", "z_m": 16.699021276857366}, "geometry": {"type": "Point", "coordinates": [-113.52526318368251, 53.69630845004692]}}, {"type": "Feature", "properties": {"t": "2026-04-21T09:10:00+00:00Z", "z_m": 18.482196053116226}, "geometry": {"type": "Point", "coordinates": [-113.53032929298277, 53.699846500105714]}}, {"type": "Feature", "properties": {"t": "2026-04-21T09:10:00+00:00Z", "z_m": 17.214177508863877}, "geometry": {"type": "Point", "coordinates": [-113.51741158179243, 53.700303227020605]}}, {"type": "Feature", "properties": {"t": "2026-04-21T09:10:00+00:00Z", "z_m": 13.568389498767432}, "geometry": {"type": "Point", "coordinates": [-113.51429379150338, 53.702847702936396]}}, {"type": "Feature", "properties": {"t": "2026-04-21T09:10:00+00:00Z", "z_m": 15.281456950697484}, "geometry": {"type": "Point", "coordinates": [-113.51948441961211, 53.698111260318846]}}, {"type": "Feature", "properties": {"t": "2026-04-21T09:10:00+00:00Z", "z_m": 17.783680319854916}, "geometry": {"type": "Point", "coordinates": [-113.51360736945469, 53.70525359322053]}}, {"type": "Feature", "properties": {"t": "2026-04-21T09:10:00+00:00Z", "z_m": 14.682432643694003}, "geometry": {"type": "Point", "coordinates": [-113.524520786832, 53.700426703900476]}}, {"type": "Feature", "properties": {"t": "2026-04-21T09:10:00+00:00Z", "z_m": 16.522111072006876}, "geometry": {"type": "Point", "coordinates": [-113.51022786477411, 53.704237548036424]}}, {"type": "Feature", "properties": {"t": "2026-04-21T09:10:00+00:00Z", "z_m": 7.600436257373087}, "geometry": {"type": "Point", "coordinates": [-113.5181830561949, 53.700195055535524]}}, {"type": "Feature", "properties": {"t": "2026-04-21T09:10:00+00:00Z", "z_m": 13.068051001774334}, "geometry": {"type": "Point", "coordinates": [-113.52203974994349, 53.70129378210567]}}, {"type": "Feature", "properties": {"t": "2026-04-21T09:10:00+00:00Z", "z_m": 15.828296453055382}, "geometry": {"type": "Point", "coordinates": [-113.51915442098445, 53.70128297339313]}}, {"type": "Feature", "properties": {"t": "2026-04-21T09:10:00+00:00Z", "z_m": 5.989904479478002}, "geometry": {"type": "Point", "coordinates": [-113.52180446412358, 53.69719995629257]}}, {"type": "Feature", "properties": {"t": "2026-04-21T09:10:00+00:00Z", "z_m": 15.928672786062751}, "geometry": {"type": "Point", "coordinates": [-113.51918106580412, 53.70044440945444]}}, {"type": "Feature", "properties": {"t": "2026-04-21T09:10:00+00:00Z", "z_m": 12.357309330167425}, "geometry": {"type": "Point", "coordinates": [-113.51354734064937, 53.700224717309695]}}, {"type": "Feature", "properties": {"t": "2026-04-21T09:10:00+00:00Z", "z_m": 15.327460467745388}, "geometry": {"type": "Point", "coordinates": [-113.5131009852254, 53.69845984541615]}}, {"type": "Feature", "properties": {"t": "2026-04-21T09:10:00+00:00Z", "z_m": 19.356206521285156}, "geometry": {"type": "Point", "coordinates": [-113.52440342228401, 53.704217178213604]}}, {"type": "Feature", "properties": {"t": "2026-04-21T09:10:00+00:00Z", "z_m": 15.520958513764121}, "geometry": {"type": "Point", "coordinates": [-113.51524966747934, 53.69731973847261]}}, {"type": "Feature", "properties": {"t": "2026-04-21T09:10:00+00:00Z", "z_m": 20.0}, "geometry": {"type": "Point", "coordinates": [-113.52565144693949, 53.69894536893167]}}, {"type": "Feature", "properties": {"t": "2026-04-21T09:10:00+00:00Z", "z_m": 17.31733716761456}, "geometry": {"type": "Point", "coordinates": [-113.52044492983474, 53.70152552667747]}}, {"type": "Feature", "properties": {"t": "2026-04-21T09:10:00+00:00Z", "z_m": 18.3916202330409}, "geometry": {"type": "Point", "coordinates": [-113.52055850983237, 53.69735650180543]}}, {"type": "Feature", "properties": {"t": "2026-04-21T09:10:00+00:00Z", "z_m": 17.00077685072971}, "geometry": {"type": "Point", "coordinates": [-113.52307582698565, 53.697120102009904]}}, {"type": "Feature", "properties": {"t": "2026-04-21T09:10:00+00:00Z", "z_m": 8.73914591385793}, "geometry": {"type": "Point", "coordinates": [-113.51349670196186, 53.6983554916654]}}, {"type": "Feature", "properties": {"t": "2026-04-21T09:10:00+00:00Z", "z_m": 13.786054335627712}, "geometry": {"type": "Point", "coordinates": [-113.5136134598054, 53.702046717413054]}}, {"type": "Feature", "properties": {"t": "2026-04-21T09:10:00+00:00Z", "z_m": 17.19544902231452}, "geometry": {"type": "Point", "coordinates": [-113.51473686027657, 53.69644022893992]}}, {"type": "Feature", "properties": {"t": "2026-04-21T09:10:00+00:00Z", "z_m": 9.579351262789684}, "geometry": {"type": "Point", "coordinates": [-113.52089819211095, 53.69390038792125]}}, {"type": "Feature", "properties": {"t": "2026-04-21T09:10:00+00:00Z", "z_m": 20.0}, "geometry": {"type": "Point", "coordinates": [-113.51686261377866, 53.70198346232639]}}, {"type": "Feature", "properties": {"t": "2026-04-21T09:10:00+00:00Z", "z_m": 19.01518763382788}, "geometry": {"type": "Point", "coordinates": [-113.5268487957138, 53.69930865166405]}}, {"type": "Feature", "properties": {"t": "2026-04-21T09:10:00+00:00Z", "z_m": 16.253543267741424}, "geometry": {"type": "Point", "coordinates": [-113.52086436642917, 53.702367052294136]}}, {"type": "Feature", "properties": {"t": "2026-04-21T09:05:00+00:00Z", "z_m": 12.810930048427869}, "geometry": {"type": "Point", "coordinates": [-113.5178462926174, 53.711272170838605]}}, {"type": "Feature", "properties": {"t": "2026-04-21T09:05:00+00:00Z", "z_m": 10.690819213752079}, "geometry": {"type": "Point", "coordinates": [-113.52567900633696, 53.7153302968402]}}, {"type": "Feature", "properties": {"t": "2026-04-21T09:05:00+00:00Z", "z_m": 20.0}, "geometry": {"type": "Point", "coordinates": [-113.52183994081855, 53.71827502182443]}}, {"type": "Feature", "properties": {"t": "2026-04-21T09:05:00+00:00Z", "z_m": 18.154736881113486}, "geometry": {"type": "Point", "coordinates": [-113.52036525418386, 53.715875057194786]}}, {"type": "Feature", "properties": {"t": "2026-04-21T09:05:00+00:00Z", "z_m": 19.504702468822206}, "geometry": {"type": "Point", "coordinates": [-113.52346774468553, 53.71699711589109]}}, {"type": "Feature", "properties": {"t": "2026-04-21T09:05:00+00:00Z", "z_m": 14.26218087306872}, "geometry": {"type": "Point", "coordinates": [-113.52357539069297, 53.710376673249435]}}, {"type": "Feature", "properties": {"t": "2026-04-21T09:05:00+00:00Z", "z_m": 11.169597225510712}, "geometry": {"type": "Point", "coordinates": [-113.52410748998638, 53.714657027358676]}}, {"type": "Feature", "properties": {"t": "2026-04-21T09:05:00+00:00Z", "z_m": 11.024196843757931}, "geometry": {"type": "Point", "coordinates": [-113.52442178640322, 53.715379881108674]}}, {"type": "Feature", "properties": {"t": "2026-04-21T09:05:00+00:00Z", "z_m": 14.683335038809737}, "geometry": {"type": "Point", "coordinates": [-113.52225963106866, 53.7128833167113]}}, {"type": "Feature", "properties": {"t": "2026-04-21T09:05:00+00:00Z", "z_m": 18.978738133515336}, "geometry": {"type": "Point", "coordinates": [-113.52105844694735, 53.71323031721339]}}, {"type": "Feature", "properties": {"t": "2026-04-21T09:05:00+00:00Z", "z_m": 17.638878288703093}, "geometry": {"type": "Point", "coordinates": [-113.51728372668964, 53.71045352147904]}}, {"type": "Feature", "properties": {"t": "2026-04-21T09:05:00+00:00Z", "z_m": 9.212698810369215}, "geometry": {"type": "Point", "coordinates": [-113.51584447363057, 53.714789676194414]}}, {"type": "Feature", "properties": {"t": "2026-04-21T09:05:00+00:00Z", "z_m": 19.56999925636894}, "geometry": {"type": "Point", "coordinates": [-113.51937244695846, 53.70924827684226]}}, {"type": "Feature", "properties": {"t": "2026-04-21T09:05:00+00:00Z", "z_m": 11.023186558407787}, "geometry": {"type": "Point", "coordinates": [-113.52065955394296, 53.71206584824916]}}, {"type": "Feature", "properties": {"t": "2026-04-21T09:05:00+00:00Z", "z_m": 18.264656524454498}, "geometry": {"type": "Point", "coordinates": [-113.51768125308165, 53.71270626040064]}}, {"type": "Feature", "properties": {"t": "2026-04-21T09:05:00+00:00Z", "z_m": 18.86913878104164}, "geometry": {"type": "Point", "coordinates": [-113.52412135660248, 53.71252885595003]}}, {"type": "Feature", "properties": {"t": "2026-04-21T09:05:00+00:00Z", "z_m": 8.106833497429859}, "geometry": {"type": "Point", "coordinates": [-113.52560627737593, 53.71310646695553]}}, {"type": "Feature", "properties": {"t": "2026-04-21T09:05:00+00:00Z", "z_m": 16.619972979315275}, "geometry": {"type": "Point", "coordinates": [-113.52427154699338, 53.71837727440118]}}, {"type": "Feature", "properties": {"t": "2026-04-21T09:05:00+00:00Z", "z_m": 17.0446122343953}, "geometry": {"type": "Point", "coordinates": [-113.51806625150556, 53.7075130680408]}}, {"type": "Feature", "properties": {"t": "2026-04-21T09:05:00+00:00Z", "z_m": 16.370754541240284}, "geometry": {"type": "Point", "coordinates": [-113.52357928195453, 53.71527611989133]}}, {"type": "Feature", "properties": {"t": "2026-04-21T09:05:00+00:00Z", "z_m": 15.503533717421458}, "geometry": {"type": "Point", "coordinates": [-113.52723093164694, 53.709879178914]}}, {"type": "Feature", "properties": {"t": "2026-04-21T09:05:00+00:00Z", "z_m": 15.039872346635514}, "geometry": {"type": "Point", "coordinates": [-113.51579963571952, 53.714859997219506]}}, {"type": "Feature", "properties": {"t": "2026-04-21T09:05:00+00:00Z", "z_m": 16.238513282536722}, "geometry": {"type": "Point", "coordinates": [-113.52894210694889, 53.708625644924034]}}, {"type": "Feature", "properties": {"t": "2026-04-21T09:05:00+00:00Z", "z_m": 14.214656479236417}, "geometry": {"type": "Point", "coordinates": [-113.52959294631415, 53.71424929399571]}}, {"type": "Feature", "properties": {"t": "2026-04-21T09:05:00+00:00Z", "z_m": 18.461240961325235}, "geometry": {"type": "Point", "coordinates": [-113.51721718539122, 53.7136104590478]}}, {"type": "Feature", "properties": {"t": "2026-04-21T09:05:00+00:00Z", "z_m": 13.638243617043141}, "geometry": {"type": "Point", "coordinates": [-113.51504554272395, 53.715502763912006]}}, {"type": "Feature", "properties": {"t": "2026-04-21T09:05:00+00:00Z", "z_m": 12.472934937312761}, "geometry": {"type": "Point", "coordinates": [-113.51979561275424, 53.71218688097952]}}, {"type": "Feature", "properties": {"t": "2026-04-21T09:05:00+00:00Z", "z_m": 19.14542585619005}, "geometry": {"type": "Point", "coordinates": [-113.51415450137216, 53.7191329011427]}}, {"type": "Feature", "properties": {"t": "2026-04-21T09:05:00+00:00Z", "z_m": 14.527407197070136}, "geometry": {"type": "Point", "coordinates": [-113.5273738702894, 53.71380397909254]}}, {"type": "Feature", "properties": {"t": "2026-04-21T09:05:00+00:00Z", "z_m": 14.883605154290256}, "geometry": {"type": "Point", "coordinates": [-113.51028340810076, 53.716678476506736]}}, {"type": "Feature", "properties": {"t": "2026-04-21T09:05:00+00:00Z", "z_m": 8.238983741448934}, "geometry": {"type": "Point", "coordinates": [-113.51690101350171, 53.714033061377485]}}, {"type": "Feature", "properties": {"t": "2026-04-21T09:05:00+00:00Z", "z_m": 13.175108039106437}, "geometry": {"type": "Point", "coordinates": [-113.52537344631175, 53.71539028922092]}}, {"type": "Feature", "properties": {"t": "2026-04-21T09:05:00+00:00Z", "z_m": 14.495771074288822}, "geometry": {"type": "Point", "coordinates": [-113.5205956269923, 53.71386441751677]}}, {"type": "Feature", "properties": {"t": "2026-04-21T09:05:00+00:00Z", "z_m": 8.785590575771039}, "geometry": {"type": "Point", "coordinates": [-113.5238685176787, 53.71001734159702]}}, {"type": "Feature", "properties": {"t": "2026-04-21T09:05:00+00:00Z", "z_m": 13.230096125278887}, "geometry": {"type": "Point", "coordinates": [-113.52057933647424, 53.714131313181504]}}, {"type": "Feature", "properties": {"t": "2026-04-21T09:05:00+00:00Z", "z_m": 15.954205781252746}, "geometry": {"type": "Point", "coordinates": [-113.51634671168273, 53.71433315901841]}}, {"type": "Feature", "properties": {"t": "2026-04-21T09:05:00+00:00Z", "z_m": 15.205881646450267}, "geometry": {"type": "Point", "coordinates": [-113.5143932049857, 53.71132579462142]}}, {"type": "Feature", "properties": {"t": "2026-04-21T09:05:00+00:00Z", "z_m": 19.547857562754846}, "geometry": {"type": "Point", "coordinates": [-113.52644219812314, 53.7165248742745]}}, {"type": "Feature", "properties": {"t": "2026-04-21T09:05:00+00:00Z", "z_m": 15.80932987986644}, "geometry": {"type": "Point", "coordinates": [-113.51458567881477, 53.710806704379685]}}, {"type": "Feature", "properties": {"t": "2026-04-21T09:05:00+00:00Z", "z_m": 20.0}, "geometry": {"type": "Point", "coordinates": [-113.52566982091531, 53.71188606211223]}}, {"type": "Feature", "properties": {"t": "2026-04-21T09:05:00+00:00Z", "z_m": 19.225855853322876}, "geometry": {"type": "Point", "coordinates": [-113.52292346392413, 53.71559648345343]}}, {"type": "Feature", "properties": {"t": "2026-04-21T09:05:00+00:00Z", "z_m": 16.52904701631035}, "geometry": {"type": "Point", "coordinates": [-113.52116125440736, 53.71108224068482]}}, {"type": "Feature", "properties": {"t": "2026-04-21T09:05:00+00:00Z", "z_m": 19.076684943634426}, "geometry": {"type": "Point", "coordinates": [-113.52510140817208, 53.71009450128378]}}, {"type": "Feature", "properties": {"t": "2026-04-21T09:05:00+00:00Z", "z_m": 7.366709525070467}, "geometry": {"type": "Point", "coordinates": [-113.51445358150923, 53.71102750737105]}}, {"type": "Feature", "properties": {"t": "2026-04-21T09:05:00+00:00Z", "z_m": 13.17079619417796}, "geometry": {"type": "Point", "coordinates": [-113.51632785409853, 53.71404796805763]}}, {"type": "Feature", "properties": {"t": "2026-04-21T09:05:00+00:00Z", "z_m": 17.563210103291713}, "geometry": {"type": "Point", "coordinates": [-113.51442778325128, 53.70866247501619]}}, {"type": "Feature", "properties": {"t": "2026-04-21T09:05:00+00:00Z", "z_m": 11.078013359964467}, "geometry": {"type": "Point", "coordinates": [-113.5234415181133, 53.70778675070353]}}, {"type": "Feature", "properties": {"t": "2026-04-21T09:05:00+00:00Z", "z_m": 19.156556913840806}, "geometry": {"type": "Point", "coordinates": [-113.52009216918653, 53.71456267073399]}}, {"type": "Feature", "properties": {"t": "2026-04-21T09:05:00+00:00Z", "z_m": 18.155579481655025}, "geometry": {"type": "Point", "coordinates": [-113.52645932969698, 53.71206257080369]}}, {"type": "Feature", "properties": {"t": "2026-04-21T09:05:00+00:00Z", "z_m": 16.10987348948165}, "geometry": {"type": "Point", "coordinates": [-113.51977585551099, 53.715501854652395]}}, {"type": "Feature", "properties": {"t": "2026-04-21T09:00:00+00:00Z", "z_m": 13.852741597889121}, "geometry": {"type": "Point", "coordinates": [-113.51927549025993, 53.7231535691395]}}, {"type": "Feature", "properties": {"t": "2026-04-21T09:00:00+00:00Z", "z_m": 12.098405993974604}, "geometry": {"type": "Point", "coordinates": [-113.52528196690405, 53.72935317454817]}}, {"type": "Feature", "properties": {"t": "2026-04-21T09:00:00+00:00Z", "z_m": 19.60417567690843}, "geometry": {"type": "Point", "coordinates": [-113.52272136708378, 53.732003087232584]}}, {"type": "Feature", "properties": {"t": "2026-04-21T09:00:00+00:00Z", "z_m": 19.048733163423876}, "geometry": {"type": "Point", "coordinates": [-113.52063844404483, 53.728981149076446]}}, {"type": "Feature", "properties": {"t": "2026-04-21T09:00:00+00:00Z", "z_m": 19.851372498380044}, "geometry": {"type": "Point", "coordinates": [-113.52435017994463, 53.72983336014087]}}, {"type": "Feature", "properties": {"t": "2026-04-21T09:00:00+00:00Z", "z_m": 12.766928803514935}, "geometry": {"type": "Point", "coordinates": [-113.5247586035685, 53.72313317121803]}}, {"type": "Feature", "properties": {"t": "2026-04-21T09:00:00+00:00Z", "z_m": 12.75863934909582}, "geometry": {"type": "Point", "coordinates": [-113.52395617422879, 53.727615784151304]}}, {"type": "Feature", "properties": {"t": "2026-04-21T09:00:00+00:00Z", "z_m": 12.999903721258551}, "geometry": {"type": "Point", "coordinates": [-113.52459017383713, 53.72900580291959]}}, {"type": "Feature", "properties": {"t": "2026-04-21T09:00:00+00:00Z", "z_m": 13.922981262485907}, "geometry": {"type": "Point", "coordinates": [-113.52436947828642, 53.724993038680964]}}, {"type": "Feature", "properties": {"t": "2026-04-21T09:00:00+00:00Z", "z_m": 19.94660559424286}, "geometry": {"type": "Point", "coordinates": [-113.52238648336623, 53.72724352146555]}}, {"type": "Feature", "properties": {"t": "2026-04-21T09:00:00+00:00Z", "z_m": 17.13354004102936}, "geometry": {"type": "Point", "coordinates": [-113.51751013676167, 53.72221034225609]}}, {"type": "Feature", "properties": {"t": "2026-04-21T09:00:00+00:00Z", "z_m": 6.0126306124697315}, "geometry": {"type": "Point", "coordinates": [-113.51674040002307, 53.728313547849154]}}, {"type": "Feature", "properties": {"t": "2026-04-21T09:00:00+00:00Z", "z_m": 19.823675604541855}, "geometry": {"type": "Point", "coordinates": [-113.51892825196056, 53.7224072104317]}}, {"type": "Feature", "properties": {"t": "2026-04-21T09:00:00+00:00Z", "z_m": 8.498233033865992}, "geometry": {"type": "Point", "coordinates": [-113.51952191563086, 53.72445499593259]}}, {"type": "Feature", "properties": {"t": "2026-04-21T09:00:00+00:00Z", "z_m": 13.950110622402986}, "geometry": {"type": "Point", "coordinates": [-113.52010152846704, 53.726900376896]}}, {"type": "Feature", "properties": {"t": "2026-04-21T09:00:00+00:00Z", "z_m": 19.534930929267787}, "geometry": {"type": "Point", "coordinates": [-113.52575469471108, 53.72576497733884]}}, {"type": "Feature", "properties": {"t": "2026-04-21T09:00:00+00:00Z", "z_m": 9.819669425616116}, "geometry": {"type": "Point", "coordinates": [-113.52665119035821, 53.72660318418632]}}, {"type": "Feature", "properties": {"t": "2026-04-21T09:00:00+00:00Z", "z_m": 16.894616661488737}, "geometry": {"type": "Point", "coordinates": [-113.52429694658258, 53.730206050897415]}}, {"type": "Feature", "properties": {"t": "2026-04-21T09:00:00+00:00Z", "z_m": 20.0}, "geometry": {"type": "Point", "coordinates": [-113.51706750194326, 53.72039578593604]}}, {"type": "Feature", "properties": {"t": "2026-04-21T09:00:00+00:00Z", "z_m": 14.103250430554525}, "geometry": {"type": "Point", "coordinates": [-113.52544352400788, 53.72874988798747]}}, {"type": "Feature", "properties": {"t": "2026-04-21T09:00:00+00:00Z", "z_m": 15.053701756621333}, "geometry": {"type": "Point", "coordinates": [-113.52870921825473, 53.72260008875499]}}, {"type": "Feature", "properties": {"t": "2026-04-21T09:00:00+00:00Z", "z_m": 17.604153213122245}, "geometry": {"type": "Point", "coordinates": [-113.51739935520715, 53.72816869069417]}}, {"type": "Feature", "properties": {"t": "2026-04-21T09:00:00+00:00Z", "z_m": 16.610857083601637}, "geometry": {"type": "Point", "coordinates": [-113.53017090043014, 53.72157548212085]}}, {"type": "Feature", "properties": {"t": "2026-04-21T09:00:00+00:00Z", "z_m": 13.956073882313415}, "geometry": {"type": "Point", "coordinates": [-113.53090654242405, 53.72699132272131]}}, {"type": "Feature", "properties": {"t": "2026-04-21T09:00:00+00:00Z", "z_m": 19.38388117053924}, "geometry": {"type": "Point", "coordinates": [-113.51787171897996, 53.72484756058524]}}, {"type": "Feature", "properties": {"t": "2026-04-21T09:00:00+00:00Z", "z_m": 13.08552334006246}, "geometry": {"type": "Point", "coordinates": [-113.5152153251997, 53.727937753338274]}}, {"type": "Feature", "properties": {"t": "2026-04-21T09:00:00+00:00Z", "z_m": 12.628483656243985}, "geometry": {"type": "Point", "coordinates": [-113.52118077030171, 53.724607233481]}}, {"type": "Feature", "properties": {"t": "2026-04-21T09:00:00+00:00Z", "z_m": 16.93933789930906}, "geometry": {"type": "Point", "coordinates": [-113.5153942558074, 53.731065627894026]}}, {"type": "Feature", "properties": {"t": "2026-04-21T09:00:00+00:00Z", "z_m": 14.07130540085287}, "geometry": {"type": "Point", "coordinates": [-113.52920668284187, 53.72631570848881]}}, {"type": "Feature", "properties": {"t": "2026-04-21T09:00:00+00:00Z", "z_m": 16.117520138013727}, "geometry": {"type": "Point", "coordinates": [-113.51082316121021, 53.7297533934441]}}, {"type": "Feature", "properties": {"t": "2026-04-21T09:00:00+00:00Z", "z_m": 9.430733553581351}, "geometry": {"type": "Point", "coordinates": [-113.51814020183143, 53.72696993378572]}}, {"type": "Feature", "properties": {"t": "2026-04-21T09:00:00+00:00Z", "z_m": 16.493699703496414}, "geometry": {"type": "Point", "coordinates": [-113.52597069551165, 53.72748995480369]}}, {"type": "Feature", "properties": {"t": "2026-04-21T09:00:00+00:00Z", "z_m": 11.985974626741823}, "geometry": {"type": "Point", "coordinates": [-113.52118676979146, 53.727121309365664]}}, {"type": "Feature", "properties": {"t": "2026-04-21T09:00:00+00:00Z", "z_m": 8.178779245991981}, "geometry": {"type": "Point", "coordinates": [-113.52509499171352, 53.722234097911894]}}, {"type": "Feature", "properties": {"t": "2026-04-21T09:00:00+00:00Z", "z_m": 13.602776296305743}, "geometry": {"type": "Point", "coordinates": [-113.52363330821537, 53.726200222304605]}}, {"type": "Feature", "properties": {"t": "2026-04-21T09:00:00+00:00Z", "z_m": 18.7376425539462}, "geometry": {"type": "Point", "coordinates": [-113.5182568660741, 53.72736977077643]}}, {"type": "Feature", "properties": {"t": "2026-04-21T09:00:00+00:00Z", "z_m": 13.540686528304398}, "geometry": {"type": "Point", "coordinates": [-113.51593165527099, 53.72490071983858]}}, {"type": "Feature", "properties": {"t": "2026-04-21T09:00:00+00:00Z", "z_m": 16.83933569400718}, "geometry": {"type": "Point", "coordinates": [-113.52717296623811, 53.7284101619427]}}, {"type": "Feature", "properties": {"t": "2026-04-21T09:00:00+00:00Z", "z_m": 16.216691861877038}, "geometry": {"type": "Point", "coordinates": [-113.51515928349784, 53.724417546532784]}}, {"type": "Feature", "properties": {"t": "2026-04-21T09:00:00+00:00Z", "z_m": 17.675234130040124}, "geometry": {"type": "Point", "coordinates": [-113.52721773949906, 53.726040408138964]}}, {"type": "Feature", "properties": {"t": "2026-04-21T09:00:00+00:00Z", "z_m": 19.684696839541186}, "geometry": {"type": "Point", "coordinates": [-113.52498108251821, 53.729571986726974]}}, {"type": "Feature", "properties": {"t": "2026-04-21T09:00:00+00:00Z", "z_m": 19.14738872741865}, "geometry": {"type": "Point", "coordinates": [-113.51983908021239, 53.72472219158497]}}, {"type": "Feature", "properties": {"t": "2026-04-21T09:00:00+00:00Z", "z_m": 20.0}, "geometry": {"type": "Point", "coordinates": [-113.52405176801263, 53.72285653761031]}}, {"type": "Feature", "properties": {"t": "2026-04-21T09:00:00+00:00Z", "z_m": 11.56360532607947}, "geometry": {"type": "Point", "coordinates": [-113.51219224081105, 53.72326748136602]}}, {"type": "Feature", "properties": {"t": "2026-04-21T09:00:00+00:00Z", "z_m": 11.06419189748674}, "geometry": {"type": "Point", "coordinates": [-113.51720900727526, 53.7281132934915]}}, {"type": "Feature", "properties": {"t": "2026-04-21T09:00:00+00:00Z", "z_m": 16.3023293604063}, "geometry": {"type": "Point", "coordinates": [-113.51340245619257, 53.721803309844084]}}, {"type": "Feature", "properties": {"t": "2026-04-21T09:00:00+00:00Z", "z_m": 9.709127564647009}, "geometry": {"type": "Point", "coordinates": [-113.52578234931181, 53.72071018599319]}}, {"type": "Feature", "properties": {"t": "2026-04-21T09:00:00+00:00Z", "z_m": 19.18940507252603}, "geometry": {"type": "Point", "coordinates": [-113.5230679198882, 53.72891519956778]}}, {"type": "Feature", "properties": {"t": "2026-04-21T09:00:00+00:00Z", "z_m": 18.200887865028538}, "geometry": {"type": "Point", "coordinates": [-113.52882585764654, 53.723655654252795]}}, {"type": "Feature", "properties": {"t": "2026-04-21T09:00:00+00:00Z", "z_m": 14.246609919453382}, "geometry": {"type": "Point", "coordinates": [-113.51922011016761, 53.72775206691471]}}, {"type": "Feature", "properties": {"t": "2026-04-21T08:55:00+00:00Z", "z_m": 15.831086402158181}, "geometry": {"type": "Point", "coordinates": [-113.52369681540459, 53.72558141146086]}}, {"type": "Feature", "properties": {"t": "2026-04-21T08:55:00+00:00Z", "z_m": 16.0992449343263}, "geometry": {"type": "Point", "coordinates": [-113.52627914439715, 53.73329001260149]}}, {"type": "Feature", "properties": {"t": "2026-04-21T08:55:00+00:00Z", "z_m": 19.034666700906065}, "geometry": {"type": "Point", "coordinates": [-113.52357942987712, 53.734532127971434]}}, {"type": "Feature", "properties": {"t": "2026-04-21T08:55:00+00:00Z", "z_m": 17.906671526208985}, "geometry": {"type": "Point", "coordinates": [-113.52575865690251, 53.73326080798719]}}, {"type": "Feature", "properties": {"t": "2026-04-21T08:55:00+00:00Z", "z_m": 18.799007122157878}, "geometry": {"type": "Point", "coordinates": [-113.5230302007422, 53.73320690324056]}}, {"type": "Feature", "properties": {"t": "2026-04-21T08:55:00+00:00Z", "z_m": 11.297398638810197}, "geometry": {"type": "Point", "coordinates": [-113.52464499704675, 53.72573095145666]}}, {"type": "Feature", "properties": {"t": "2026-04-21T08:55:00+00:00Z", "z_m": 11.938504901133975}, "geometry": {"type": "Point", "coordinates": [-113.52372365893007, 53.73018585952199]}}, {"type": "Feature", "properties": {"t": "2026-04-21T08:55:00+00:00Z", "z_m": 12.866345044292999}, "geometry": {"type": "Point", "coordinates": [-113.52511061124241, 53.73258454310315]}}, {"type": "Feature", "properties": {"t": "2026-04-21T08:55:00+00:00Z", "z_m": 17.951435706412877}, "geometry": {"type": "Point", "coordinates": [-113.52643722599299, 53.72865821328149]}}, {"type": "Feature", "properties": {"t": "2026-04-21T08:55:00+00:00Z", "z_m": 19.04256016861855}, "geometry": {"type": "Point", "coordinates": [-113.52381747123721, 53.72928103673278]}}, {"type": "Feature", "properties": {"t": "2026-04-21T08:55:00+00:00Z", "z_m": 18.82047165087711}, "geometry": {"type": "Point", "coordinates": [-113.52181340156598, 53.72543266275529]}}, {"type": "Feature", "properties": {"t": "2026-04-21T08:55:00+00:00Z", "z_m": 9.26260598658909}, "geometry": {"type": "Point", "coordinates": [-113.51798470069987, 53.731337507445254]}}, {"type": "Feature", "properties": {"t": "2026-04-21T08:55:00+00:00Z", "z_m": 17.90714896981631}, "geometry": {"type": "Point", "coordinates": [-113.52171181321671, 53.724608817318035]}}, {"type": "Feature", "properties": {"t": "2026-04-21T08:55:00+00:00Z", "z_m": 10.408593827912597}, "geometry": {"type": "Point", "coordinates": [-113.5231617529765, 53.727434059266834]}}, {"type": "Feature", "properties": {"t": "2026-04-21T08:55:00+00:00Z", "z_m": 14.456821596176356}, "geometry": {"type": "Point", "coordinates": [-113.52216835245956, 53.731437144824696]}}, {"type": "Feature", "properties": {"t": "2026-04-21T08:55:00+00:00Z", "z_m": 20.0}, "geometry": {"type": "Point", "coordinates": [-113.52854461327293, 53.72575897434917]}}, {"type": "Feature", "properties": {"t": "2026-04-21T08:55:00+00:00Z", "z_m": 11.542047051544465}, "geometry": {"type": "Point", "coordinates": [-113.52950558506105, 53.729022724175564]}}, {"type": "Feature", "properties": {"t": "2026-04-21T08:55:00+00:00Z", "z_m": 18.45050269294198}, "geometry": {"type": "Point", "coordinates": [-113.52514800512657, 53.73348882794915]}}, {"type": "Feature", "properties": {"t": "2026-04-21T08:55:00+00:00Z", "z_m": 17.975081051157623}, "geometry": {"type": "Point", "coordinates": [-113.52052019790229, 53.72283485625212]}}, {"type": "Feature", "properties": {"t": "2026-04-21T08:55:00+00:00Z", "z_m": 13.622455390274718}, "geometry": {"type": "Point", "coordinates": [-113.52796923136076, 53.73292842461399]}}, {"type": "Feature", "properties": {"t": "2026-04-21T08:55:00+00:00Z", "z_m": 12.393889175521187}, "geometry": {"type": "Point", "coordinates": [-113.53126305572928, 53.725934560877775]}}, {"type": "Feature", "properties": {"t": "2026-04-21T08:55:00+00:00Z", "z_m": 17.868271221360608}, "geometry": {"type": "Point", "coordinates": [-113.51868439077099, 53.73185825122121]}}, {"type": "Feature", "properties": {"t": "2026-04-21T08:55:00+00:00Z", "z_m": 16.12997550808768}, "geometry": {"type": "Point", "coordinates": [-113.53330836465386, 53.72550242283211]}}, {"type": "Feature", "properties": {"t": "2026-04-21T08:55:00+00:00Z", "z_m": 13.896394877335606}, "geometry": {"type": "Point", "coordinates": [-113.53505978529618, 53.72889473324601]}}, {"type": "Feature", "properties": {"t": "2026-04-21T08:55:00+00:00Z", "z_m": 18.37710291733599}, "geometry": {"type": "Point", "coordinates": [-113.52045696625488, 53.72802070430137]}}, {"type": "Feature", "properties": {"t": "2026-04-21T08:55:00+00:00Z", "z_m": 11.046601978453365}, "geometry": {"type": "Point", "coordinates": [-113.51680114610228, 53.7306603585]}}, {"type": "Feature", "properties": {"t": "2026-04-21T08:55:00+00:00Z", "z_m": 16.43356599699399}, "geometry": {"type": "Point", "coordinates": [-113.52171827308018, 53.72906951712855]}}, {"type": "Feature", "properties": {"t": "2026-04-21T08:55:00+00:00Z", "z_m": 20.0}, "geometry": {"type": "Point", "coordinates": [-113.51531958607389, 53.73486808463401]}}, {"type": "Feature", "properties": {"t": "2026-04-21T08:55:00+00:00Z", "z_m": 12.467977523469601}, "geometry": {"type": "Point", "coordinates": [-113.53347608937666, 53.7280221977313]}}, {"type": "Feature", "properties": {"t": "2026-04-21T08:55:00+00:00Z", "z_m": 16.940788228064218}, "geometry": {"type": "Point", "coordinates": [-113.51422656666912, 53.73432643851143]}}, {"type": "Feature", "properties": {"t": "2026-04-21T08:55:00+00:00Z", "z_m": 8.639196774071959}, "geometry": {"type": "Point", "coordinates": [-113.52209065036726, 53.72975490739056]}}, {"type": "Feature", "properties": {"t": "2026-04-21T08:55:00+00:00Z", "z_m": 16.74771892276009}, "geometry": {"type": "Point", "coordinates": [-113.5284904941216, 53.73085153887988]}}, {"type": "Feature", "properties": {"t": "2026-04-21T08:55:00+00:00Z", "z_m": 15.745964066528295}, "geometry": {"type": "Point", "coordinates": [-113.52213608982994, 53.73134837716239]}}, {"type": "Feature", "properties": {"t": "2026-04-21T08:55:00+00:00Z", "z_m": 7.51185091078116}, "geometry": {"type": "Point", "coordinates": [-113.5274711049097, 53.725219721437114]}}, {"type": "Feature", "properties": {"t": "2026-04-21T08:55:00+00:00Z", "z_m": 15.766320063239382}, "geometry": {"type": "Point", "coordinates": [-113.52604386514304, 53.729120172195266]}}, {"type": "Feature", "properties": {"t": "2026-04-21T08:55:00+00:00Z", "z_m": 16.73969994970142}, "geometry": {"type": "Point", "coordinates": [-113.52153609052124, 53.729675353584526]}}, {"type": "Feature", "properties": {"t": "2026-04-21T08:55:00+00:00Z", "z_m": 13.540476505673645}, "geometry": {"type": "Point", "coordinates": [-113.51746962728829, 53.72667546204321]}}, {"type": "Feature", "properties": {"t": "2026-04-21T08:55:00+00:00Z", "z_m": 15.041737642618301}, "geometry": {"type": "Point", "coordinates": [-113.52950923647657, 53.73177861575966]}}, {"type": "Feature", "properties": {"t": "2026-04-21T08:55:00+00:00Z", "z_m": 16.324396826902046}, "geometry": {"type": "Point", "coordinates": [-113.517528471993, 53.727430515881544]}}, {"type": "Feature", "properties": {"t": "2026-04-21T08:55:00+00:00Z", "z_m": 14.936207806133696}, "geometry": {"type": "Point", "coordinates": [-113.5309990881984, 53.72850303948856]}}, {"type": "Feature", "properties": {"t": "2026-04-21T08:55:00+00:00Z", "z_m": 20.0}, "geometry": {"type": "Point", "coordinates": [-113.52416104932686, 53.73290992918944]}}, {"type": "Feature", "properties": {"t": "2026-04-21T08:55:00+00:00Z", "z_m": 16.523109610829195}, "geometry": {"type": "Point", "coordinates": [-113.52275628621489, 53.72782379563349]}}, {"type": "Feature", "properties": {"t": "2026-04-21T08:55:00+00:00Z", "z_m": 17.41638290515203}, "geometry": {"type": "Point", "coordinates": [-113.52908121905799, 53.72590970893599]}}, {"type": "Feature", "properties": {"t": "2026-04-21T08:55:00+00:00Z", "z_m": 14.624509110193502}, "geometry": {"type": "Point", "coordinates": [-113.51418926590301, 53.72556789663733]}}, {"type": "Feature", "properties": {"t": "2026-04-21T08:55:00+00:00Z", "z_m": 14.786693440201518}, "geometry": {"type": "Point", "coordinates": [-113.51957580498937, 53.73132085561951]}}, {"type": "Feature", "properties": {"t": "2026-04-21T08:55:00+00:00Z", "z_m": 18.595496439607654}, "geometry": {"type": "Point", "coordinates": [-113.5170353136295, 53.725230820641194]}}, {"type": "Feature", "properties": {"t": "2026-04-21T08:55:00+00:00Z", "z_m": 5.722447169729703}, "geometry": {"type": "Point", "coordinates": [-113.53031417670877, 53.72466726751583]}}, {"type": "Feature", "properties": {"t": "2026-04-21T08:55:00+00:00Z", "z_m": 20.0}, "geometry": {"type": "Point", "coordinates": [-113.522820367061, 53.733320173552144]}}, {"type": "Feature", "properties": {"t": "2026-04-21T08:55:00+00:00Z", "z_m": 18.05376166645827}, "geometry": {"type": "Point", "coordinates": [-113.52895838668987, 53.727098108041574]}}, {"type": "Feature", "properties": {"t": "2026-04-21T08:55:00+00:00Z", "z_m": 16.170640368945346}, "geometry": {"type": "Point", "coordinates": [-113.51922505561298, 53.73051789247794]}}, {"type": "Feature", "properties": {"t": "2026-04-21T08:50:00+00:00Z", "z_m": 17.66870882475869}, "geometry": {"type": "Point", "coordinates": [-113.52943665055037, 53.727476159875124]}}, {"type": "Feature", "properties": {"t": "2026-04-21T08:50:00+00:00Z", "z_m": 18.50350055073178}, "geometry": {"type": "Point", "coordinates": [-113.52721126537402, 53.73658588248708]}}, {"type": "Feature", "properties": {"t": "2026-04-21T08:50:00+00:00Z", "z_m": 19.05811248689862}, "geometry": {"type": "Point", "coordinates": [-113.52222228156725, 53.73732797793065]}}, {"type": "Feature", "properties": {"t": "2026-04-21T08:50:00+00:00Z", "z_m": 16.10638434730164}, "geometry": {"type": "Point", "coordinates": [-113.52638597538937, 53.7383029515283]}}, {"type": "Feature", "properties": {"t": "2026-04-21T08:50:00+00:00Z", "z_m": 16.98163675534349}, "geometry": {"type": "Point", "coordinates": [-113.52439118299036, 53.73543883012194]}}, {"type": "Feature", "properties": {"t": "2026-04-21T08:50:00+00:00Z", "z_m": 13.095251515486995}, "geometry": {"type": "Point", "coordinates": [-113.52790879512627, 53.72943445614293]}}, {"type": "Feature", "properties": {"t": "2026-04-21T08:50:00+00:00Z", "z_m": 12.085349444485578}, "geometry": {"type": "Point", "coordinates": [-113.52389018369749, 53.73321901871368]}}, {"type": "Feature", "properties": {"t": "2026-04-21T08:50:00+00:00Z", "z_m": 13.019146105022365}, "geometry": {"type": "Point", "coordinates": [-113.52488179155309, 53.73608909565811]}}, {"type": "Feature", "properties": {"t": "2026-04-21T08:50:00+00:00Z", "z_m": 19.537885672313706}, "geometry": {"type": "Point", "coordinates": [-113.52755405187352, 53.73179129567519]}}, {"type": "Feature", "properties": {"t": "2026-04-21T08:50:00+00:00Z", "z_m": 20.0}, "geometry": {"type": "Point", "coordinates": [-113.5241718578448, 53.73296965393257]}}, {"type": "Feature", "properties": {"t": "2026-04-21T08:50:00+00:00Z", "z_m": 15.50024755777145}, "geometry": {"type": "Point", "coordinates": [-113.52618010343848, 53.727819975111714]}}, {"type": "Feature", "properties": {"t": "2026-04-21T08:50:00+00:00Z", "z_m": 9.330493722984949}, "geometry": {"type": "Point", "coordinates": [-113.51961073398599, 53.73435593208759]}}, {"type": "Feature", "properties": {"t": "2026-04-21T08:50:00+00:00Z", "z_m": 16.659219206341486}, "geometry": {"type": "Point", "coordinates": [-113.52010053174848, 53.728588106715236]}}, {"type": "Feature", "properties": {"t": "2026-04-21T08:50:00+00:00Z", "z_m": 10.022375941574278}, "geometry": {"type": "Point", "coordinates": [-113.52416576114992, 53.7317894012553]}}, {"type": "Feature", "properties": {"t": "2026-04-21T08:50:00+00:00Z", "z_m": 10.480927895928055}, "geometry": {"type": "Point", "coordinates": [-113.52328503201224, 53.73489211984016]}}, {"type": "Feature", "properties": {"t": "2026-04-21T08:50:00+00:00Z", "z_m": 19.114761641798783}, "geometry": {"type": "Point", "coordinates": [-113.53468849563288, 53.7278247422477]}}, {"type": "Feature", "properties": {"t": "2026-04-21T08:50:00+00:00Z", "z_m": 9.879814986435614}, "geometry": {"type": "Point", "coordinates": [-113.53282338782856, 53.73199484492777]}}, {"type": "Feature", "properties": {"t": "2026-04-21T08:50:00+00:00Z", "z_m": 16.565868129938686}, "geometry": {"type": "Point", "coordinates": [-113.52750063900014, 53.73677691015615]}}, {"type": "Feature", "properties": {"t": "2026-04-21T08:50:00+00:00Z", "z_m": 19.087909178496226}, "geometry": {"type": "Point", "coordinates": [-113.52319991303416, 53.72519908129063]}}, {"type": "Feature", "properties": {"t": "2026-04-21T08:50:00+00:00Z", "z_m": 9.612292126637291}, "geometry": {"type": "Point", "coordinates": [-113.52895395235512, 53.73746186092638]}}, {"type": "Feature", "properties": {"t": "2026-04-21T08:50:00+00:00Z", "z_m": 14.794407042570466}, "geometry": {"type": "Point", "coordinates": [-113.53342253044052, 53.72820682974911]}}, {"type": "Feature", "properties": {"t": "2026-04-21T08:50:00+00:00Z", "z_m": 17.788652963092865}, "geometry": {"type": "Point", "coordinates": [-113.52125773819107, 53.735601391396024]}}, {"type": "Feature", "properties": {"t": "2026-04-21T08:50:00+00:00Z", "z_m": 16.18564820350649}, "geometry": {"type": "Point", "coordinates": [-113.53760423957583, 53.72858872201462]}}, {"type": "Feature", "properties": {"t": "2026-04-21T08:50:00+00:00Z", "z_m": 13.227368414203776}, "geometry": {"type": "Point", "coordinates": [-113.53877322471307, 53.732041077579574]}}, {"type": "Feature", "properties": {"t": "2026-04-21T08:50:00+00:00Z", "z_m": 18.06172103297179}, "geometry": {"type": "Point", "coordinates": [-113.52196427918723, 53.73265102520655]}}, {"type": "Feature", "properties": {"t": "2026-04-21T08:50:00+00:00Z", "z_m": 9.748762455004227}, "geometry": {"type": "Point", "coordinates": [-113.51751246528298, 53.73378703460642]}}, {"type": "Feature", "properties": {"t": "2026-04-21T08:50:00+00:00Z", "z_m": 13.606449860866316}, "geometry": {"type": "Point", "coordinates": [-113.52153533663744, 53.73329716749491]}}, {"type": "Feature", "properties": {"t": "2026-04-21T08:50:00+00:00Z", "z_m": 19.386391552699234}, "geometry": {"type": "Point", "coordinates": [-113.5191971285316, 53.73744867502655]}}, {"type": "Feature", "properties": {"t": "2026-04-21T08:50:00+00:00Z", "z_m": 11.900306558685472}, "geometry": {"type": "Point", "coordinates": [-113.53618072084272, 53.730445737190706]}}, {"type": "Feature", "properties": {"t": "2026-04-21T08:50:00+00:00Z", "z_m": 19.589365942813036}, "geometry": {"type": "Point", "coordinates": [-113.51724875224038, 53.73698657156216]}}, {"type": "Feature", "properties": {"t": "2026-04-21T08:50:00+00:00Z", "z_m": 9.407751852848113}, "geometry": {"type": "Point", "coordinates": [-113.52357088435046, 53.73304419657795]}}, {"type": "Feature", "properties": {"t": "2026-04-21T08:50:00+00:00Z", "z_m": 15.960375049774798}, "geometry": {"type": "Point", "coordinates": [-113.53260530402223, 53.73425607746124]}}, {"type": "Feature", "properties": {"t": "2026-04-21T08:50:00+00:00Z", "z_m": 14.019656353599565}, "geometry": {"type": "Point", "coordinates": [-113.52204138398898, 53.73467332778847]}}, {"type": "Feature", "properties": {"t": "2026-04-21T08:50:00+00:00Z", "z_m": 7.9292823901460885}, "geometry": {"type": "Point", "coordinates": [-113.53477064948638, 53.72733122352527]}}, {"type": "Feature", "properties": {"t": "2026-04-21T08:50:00+00:00Z", "z_m": 15.803269885284259}, "geometry": {"type": "Point", "coordinates": [-113.52847461198365, 53.731990926892294]}}, {"type": "Feature", "properties": {"t": "2026-04-21T08:50:00+00:00Z", "z_m": 15.535659805769702}, "geometry": {"type": "Point", "coordinates": [-113.52280536583125, 53.73247648510039]}}, {"type": "Feature", "properties": {"t": "2026-04-21T08:50:00+00:00Z", "z_m": 13.495151430812829}, "geometry": {"type": "Point", "coordinates": [-113.51966689327773, 53.7306893523395]}}, {"type": "Feature", "properties": {"t": "2026-04-21T08:50:00+00:00Z", "z_m": 12.242562038693736}, "geometry": {"type": "Point", "coordinates": [-113.52894580390034, 53.73491694849709]}}, {"type": "Feature", "properties": {"t": "2026-04-21T08:50:00+00:00Z", "z_m": 18.507766833997643}, "geometry": {"type": "Point", "coordinates": [-113.52117733849852, 53.7316175608676]}}, {"type": "Feature", "properties": {"t": "2026-04-21T08:50:00+00:00Z", "z_m": 15.22293864910403}, "geometry": {"type": "Point", "coordinates": [-113.53579325897172, 53.72935048274417]}}, {"type": "Feature", "properties": {"t": "2026-04-21T08:50:00+00:00Z", "z_m": 18.009849557524795}, "geometry": {"type": "Point", "coordinates": [-113.52420888945066, 53.735238059200235]}}, {"type": "Feature", "properties": {"t": "2026-04-21T08:50:00+00:00Z", "z_m": 14.956383569197998}, "geometry": {"type": "Point", "coordinates": [-113.52368843897642, 53.72965557135163]}}, {"type": "Feature", "properties": {"t": "2026-04-21T08:50:00+00:00Z", "z_m": 16.81774315998257}, "geometry": {"type": "Point", "coordinates": [-113.53195815618277, 53.72764923076421]}}, {"type": "Feature", "properties": {"t": "2026-04-21T08:50:00+00:00Z", "z_m": 15.426201204491253}, "geometry": {"type": "Point", "coordinates": [-113.51650303976008, 53.72986249282601]}}, {"type": "Feature", "properties": {"t": "2026-04-21T08:50:00+00:00Z", "z_m": 15.578608917233927}, "geometry": {"type": "Point", "coordinates": [-113.52183660373193, 53.73349837361533]}}, {"type": "Feature", "properties": {"t": "2026-04-21T08:50:00+00:00Z", "z_m": 14.865161189269317}, "geometry": {"type": "Point", "coordinates": [-113.51918096231219, 53.729013274838145]}}, {"type": "Feature", "properties": {"t": "2026-04-21T08:50:00+00:00Z", "z_m": 5.503857699554002}, "geometry": {"type": "Point", "coordinates": [-113.53650828574446, 53.727931599038826]}}, {"type": "Feature", "properties": {"t": "2026-04-21T08:50:00+00:00Z", "z_m": 19.860595037674326}, "geometry": {"type": "Point", "coordinates": [-113.52234041027957, 53.73538460932205]}}, {"type": "Feature", "properties": {"t": "2026-04-21T08:50:00+00:00Z", "z_m": 17.09915957940396}, "geometry": {"type": "Point", "coordinates": [-113.53342836257575, 53.7291142149155]}}, {"type": "Feature", "properties": {"t": "2026-04-21T08:50:00+00:00Z", "z_m": 16.32822831890628}, "geometry": {"type": "Point", "coordinates": [-113.5214186813038, 53.73380087657601]}}, {"type": "Feature", "properties": {"t": "2026-04-21T08:45:00+00:00Z", "z_m": 14.18116275256622}, "geometry": {"type": "Point", "coordinates": [-113.53425885745773, 53.72951121734906]}}, {"type": "Feature", "properties": {"t": "2026-04-21T08:45:00+00:00Z", "z_m": 15.312707312753156}, "geometry": {"type": "Point", "coordinates": [-113.53064918474759, 53.7392734362043]}}, {"type": "Feature", "properties": {"t": "2026-04-21T08:45:00+00:00Z", "z_m": 17.796187880472466}, "geometry": {"type": "Point", "coordinates": [-113.52656589461006, 53.740531295277705]}}, {"type": "Feature", "properties": {"t": "2026-04-21T08:45:00+00:00Z", "z_m": 14.261178699868921}, "geometry": {"type": "Point", "coordinates": [-113.52956508327327, 53.740812453184155]}}, {"type": "Feature", "properties": {"t": "2026-04-21T08:45:00+00:00Z", "z_m": 16.46975097657745}, "geometry": {"type": "Point", "coordinates": [-113.52644359813002, 53.73832111108383]}}, {"type": "Feature", "properties": {"t": "2026-04-21T08:45:00+00:00Z", "z_m": 14.500190565802601}, "geometry": {"type": "Point", "coordinates": [-113.52999441801167, 53.73426027744941]}}, {"type": "Feature", "properties": {"t": "2026-04-21T08:45:00+00:00Z", "z_m": 12.3134281835858}, "geometry": {"type": "Point", "coordinates": [-113.52316428424598, 53.73715753121984]}}, {"type": "Feature", "properties": {"t": "2026-04-21T08:45:00+00:00Z", "z_m": 13.93366484907429}, "geometry": {"type": "Point", "coordinates": [-113.52438803931511, 53.73997136862093]}}, {"type": "Feature", "properties": {"t": "2026-04-21T08:45:00+00:00Z", "z_m": 18.837242196176756}, "geometry": {"type": "Point", "coordinates": [-113.5274414768594, 53.73488033085121]}}, {"type": "Feature", "properties": {"t": "2026-04-21T08:45:00+00:00Z", "z_m": 20.0}, "geometry": {"type": "Point", "coordinates": [-113.52469777493167, 53.735685838494916]}}, {"type": "Feature", "properties": {"t": "2026-04-21T08:45:00+00:00Z", "z_m": 16.995600032043598}, "geometry": {"type": "Point", "coordinates": [-113.52783577470927, 53.73229329919864]}}, {"type": "Feature", "properties": {"t": "2026-04-21T08:45:00+00:00Z", "z_m": 10.61668148525358}, "geometry": {"type": "Point", "coordinates": [-113.51851048699586, 53.73698745766078]}}, {"type": "Feature", "properties": {"t": "2026-04-21T08:45:00+00:00Z", "z_m": 16.361394626404444}, "geometry": {"type": "Point", "coordinates": [-113.51966915706801, 53.7329717029178]}}, {"type": "Feature", "properties": {"t": "2026-04-21T08:45:00+00:00Z", "z_m": 11.016266386646954}, "geometry": {"type": "Point", "coordinates": [-113.52619213724007, 53.73630781202098]}}, {"type": "Feature", "properties": {"t": "2026-04-21T08:45:00+00:00Z", "z_m": 10.90903444288772}, "geometry": {"type": "Point", "coordinates": [-113.52743392667085, 53.7359283530681]}}, {"type": "Feature", "properties": {"t": "2026-04-21T08:45:00+00:00Z", "z_m": 19.84131685095211}, "geometry": {"type": "Point", "coordinates": [-113.53874049695162, 53.73097056721307]}}, {"type": "Feature", "properties": {"t": "2026-04-21T08:45:00+00:00Z", "z_m": 11.061232833003029}, "geometry": {"type": "Point", "coordinates": [-113.53751057454859, 53.73407752503044]}}, {"type": "Feature", "properties": {"t": "2026-04-21T08:45:00+00:00Z", "z_m": 15.320662248100716}, "geometry": {"type": "Point", "coordinates": [-113.5297275486353, 53.74049625490338]}}, {"type": "Feature", "properties": {"t": "2026-04-21T08:45:00+00:00Z", "z_m": 19.184356818568954}, "geometry": {"type": "Point", "coordinates": [-113.52508768700008, 53.72798281632887]}}, {"type": "Feature", "properties": {"t": "2026-04-21T08:45:00+00:00Z", "z_m": 11.22427344733788}, "geometry": {"type": "Point", "coordinates": [-113.53087331905832, 53.74041213305583]}}, {"type": "Feature", "properties": {"t": "2026-04-21T08:45:00+00:00Z", "z_m": 16.385915888126892}, "geometry": {"type": "Point", "coordinates": [-113.53402471224099, 53.7310069864869]}}, {"type": "Feature", "properties": {"t": "2026-04-21T08:45:00+00:00Z", "z_m": 18.463842549083996}, "geometry": {"type": "Point", "coordinates": [-113.52431504591914, 53.736354364956284]}}, {"type": "Feature", "properties": {"t": "2026-04-21T08:45:00+00:00Z", "z_m": 18.1368434735594}, "geometry": {"type": "Point", "coordinates": [-113.54269215970176, 53.731306725557296]}}, {"type": "Feature", "properties": {"t": "2026-04-21T08:45:00+00:00Z", "z_m": 12.826128416565753}, "geometry": {"type": "Point", "coordinates": [-113.54356134786158, 53.734307249500404]}}, {"type": "Feature", "properties": {"t": "2026-04-21T08:45:00+00:00Z", "z_m": 17.927290356920604}, "geometry": {"type": "Point", "coordinates": [-113.52704368932231, 53.735586972383594]}}, {"type": "Feature", "properties": {"t": "2026-04-21T08:45:00+00:00Z", "z_m": 9.540040879986329}, "geometry": {"type": "Point", "coordinates": [-113.5204425593347, 53.73574537013934]}}, {"type": "Feature", "properties": {"t": "2026-04-21T08:45:00+00:00Z", "z_m": 12.617235752146344}, "geometry": {"type": "Point", "coordinates": [-113.52187656655421, 53.73621880421357]}}, {"type": "Feature", "properties": {"t": "2026-04-21T08:45:00+00:00Z", "z_m": 19.599031408746864}, "geometry": {"type": "Point", "coordinates": [-113.52316374620221, 53.74047754462277]}}, {"type": "Feature", "properties": {"t": "2026-04-21T08:45:00+00:00Z", "z_m": 12.531880935286885}, "geometry": {"type": "Point", "coordinates": [-113.54019533775828, 53.734223483735256]}}, {"type": "Feature", "properties": {"t": "2026-04-21T08:45:00+00:00Z", "z_m": 20.0}, "geometry": {"type": "Point", "coordinates": [-113.51789580342277, 53.73986423821404]}}, {"type": "Feature", "properties": {"t": "2026-04-21T08:45:00+00:00Z", "z_m": 10.625186219852194}, "geometry": {"type": "Point", "coordinates": [-113.52329679309084, 53.736738177817855]}}, {"type": "Feature", "properties": {"t": "2026-04-21T08:45:00+00:00Z", "z_m": 18.662950596857936}, "geometry": {"type": "Point", "coordinates": [-113.53366000898929, 53.7375764236457]}}, {"type": "Feature", "properties": {"t": "2026-04-21T08:45:00+00:00Z", "z_m": 13.259479921583958}, "geometry": {"type": "Point", "coordinates": [-113.52202316788109, 53.73722421982712]}}, {"type": "Feature", "properties": {"t": "2026-04-21T08:45:00+00:00Z", "z_m": 6.454911120968029}, "geometry": {"type": "Point", "coordinates": [-113.53869487621823, 53.72904372178807]}}, {"type": "Feature", "properties": {"t": "2026-04-21T08:45:00+00:00Z", "z_m": 14.50617753001557}, "geometry": {"type": "Point", "coordinates": [-113.53400996558669, 53.73454060447755]}}, {"type": "Feature", "properties": {"t": "2026-04-21T08:45:00+00:00Z", "z_m": 12.67635827447733}, "geometry": {"type": "Point", "coordinates": [-113.52338057400196, 53.735956656538654]}}, {"type": "Feature", "properties": {"t": "2026-04-21T08:45:00+00:00Z", "z_m": 16.972489833929888}, "geometry": {"type": "Point", "coordinates": [-113.52023652380731, 53.733219008485925]}}, {"type": "Feature", "properties": {"t": "2026-04-21T08:45:00+00:00Z", "z_m": 12.500645505777891}, "geometry": {"type": "Point", "coordinates": [-113.52893606799186, 53.7393305670784]}}, {"type": "Feature", "properties": {"t": "2026-04-21T08:45:00+00:00Z", "z_m": 18.419005351859948}, "geometry": {"type": "Point", "coordinates": [-113.52368208921779, 53.73591499210455]}}, {"type": "Feature", "properties": {"t": "2026-04-21T08:45:00+00:00Z", "z_m": 14.579047610062286}, "geometry": {"type": "Point", "coordinates": [-113.537935609676, 53.73095429831792]}}, {"type": "Feature", "properties": {"t": "2026-04-21T08:45:00+00:00Z", "z_m": 20.0}, "geometry": {"type": "Point", "coordinates": [-113.52601748064292, 53.73830915700704]}}, {"type": "Feature", "properties": {"t": "2026-04-21T08:45:00+00:00Z", "z_m": 14.137201212463943}, "geometry": {"type": "Point", "coordinates": [-113.52513760492282, 53.73418717645281]}}, {"type": "Feature", "properties": {"t": "2026-04-21T08:45:00+00:00Z", "z_m": 17.469529217660014}, "geometry": {"type": "Point", "coordinates": [-113.53764132349129, 53.728781721160196]}}, {"type": "Feature", "properties": {"t": "2026-04-21T08:45:00+00:00Z", "z_m": 16.961911680515406}, "geometry": {"type": "Point", "coordinates": [-113.51732442921298, 53.73404437541264]}}, {"type": "Feature", "properties": {"t": "2026-04-21T08:45:00+00:00Z", "z_m": 12.412139600031782}, "geometry": {"type": "Point", "coordinates": [-113.5207777208745, 53.73706064529565]}}, {"type": "Feature", "properties": {"t": "2026-04-21T08:45:00+00:00Z", "z_m": 14.499339793461838}, "geometry": {"type": "Point", "coordinates": [-113.52288513346899, 53.732305018213495]}}, {"type": "Feature", "properties": {"t": "2026-04-21T08:45:00+00:00Z", "z_m": 5.398343501925966}, "geometry": {"type": "Point", "coordinates": [-113.54116584138688, 53.72879323246634]}}, {"type": "Feature", "properties": {"t": "2026-04-21T08:45:00+00:00Z", "z_m": 19.01413163292804}, "geometry": {"type": "Point", "coordinates": [-113.52504004767607, 53.73734959257262]}}, {"type": "Feature", "properties": {"t": "2026-04-21T08:45:00+00:00Z", "z_m": 17.04208057060323}, "geometry": {"type": "Point", "coordinates": [-113.53894268083677, 53.7305427715604]}}, {"type": "Feature", "properties": {"t": "2026-04-21T08:45:00+00:00Z", "z_m": 18.92825345107509}, "geometry": {"type": "Point", "coordinates": [-113.52547865665282, 53.736046713030404]}}, {"type": "Feature", "properties": {"t": "2026-04-21T08:40:00+00:00Z", "z_m": 16.1593923561443}, "geometry": {"type": "Point", "coordinates": [-113.53790254416546, 53.73137049715571]}}, {"type": "Feature", "properties": {"t": "2026-04-21T08:40:00+00:00Z", "z_m": 13.347981231415556}, "geometry": {"type": "Point", "coordinates": [-113.53485564590285, 53.74298767132163]}}, {"type": "Feature", "properties": {"t": "2026-04-21T08:40:00+00:00Z", "z_m": 17.582488192292722}, "geometry": {"type": "Point", "coordinates": [-113.53134374321637, 53.74318964422088]}}, {"type": "Feature", "properties": {"t": "2026-04-21T08:40:00+00:00Z", "z_m": 13.904495351780382}, "geometry": {"type": "Point", "coordinates": [-113.53210815956393, 53.74328371626877]}}, {"type": "Feature", "properties": {"t": "2026-04-21T08:40:00+00:00Z", "z_m": 16.251773624172785}, "geometry": {"type": "Point", "coordinates": [-113.52770401948875, 53.74056611587123]}}, {"type": "Feature", "properties": {"t": "2026-04-21T08:40:00+00:00Z", "z_m": 13.14715267242873}, "geometry": {"type": "Point", "coordinates": [-113.53154565955634, 53.738019888943306]}}, {"type": "Feature", "properties": {"t": "2026-04-21T08:40:00+00:00Z", "z_m": 8.851586281530915}, "geometry": {"type": "Point", "coordinates": [-113.52351982060937, 53.74021658639259]}}, {"type": "Feature", "properties": {"t": "2026-04-21T08:40:00+00:00Z", "z_m": 13.483862532743087}, "geometry": {"type": "Point", "coordinates": [-113.5285294301682, 53.74128767585118]}}, {"type": "Feature", "properties": {"t": "2026-04-21T08:40:00+00:00Z", "z_m": 20.0}, "geometry": {"type": "Point", "coordinates": [-113.52766958447297, 53.737486384503676]}}, {"type": "Feature", "properties": {"t": "2026-04-21T08:40:00+00:00Z", "z_m": 19.40624267309973}, "geometry": {"type": "Point", "coordinates": [-113.52769356244657, 53.737930576644665]}}, {"type": "Feature", "properties": {"t": "2026-04-21T08:40:00+00:00Z", "z_m": 19.162066993526047}, "geometry": {"type": "Point", "coordinates": [-113.52821176753756, 53.735155779116454]}}, {"type": "Feature", "properties": {"t": "2026-04-21T08:40:00+00:00Z", "z_m": 10.768553737916426}, "geometry": {"type": "Point", "coordinates": [-113.52227608492234, 53.73879951667625]}}, {"type": "Feature", "properties": {"t": "2026-04-21T08:40:00+00:00Z", "z_m": 16.278123213375643}, "geometry": {"type": "Point", "coordinates": [-113.52170926883737, 53.73504365740508]}}, {"type": "Feature", "properties": {"t": "2026-04-21T08:40:00+00:00Z", "z_m": 10.006029389543999}, "geometry": {"type": "Point", "coordinates": [-113.53191117154053, 53.73797725214268]}}, {"type": "Feature", "properties": {"t": "2026-04-21T08:40:00+00:00Z", "z_m": 9.756789844075707}, "geometry": {"type": "Point", "coordinates": [-113.52797302599319, 53.73931740058006]}}, {"type": "Feature", "properties": {"t": "2026-04-21T08:40:00+00:00Z", "z_m": 20.0}, "geometry": {"type": "Point", "coordinates": [-113.54440841970042, 53.732943172214554]}}, {"type": "Feature", "properties": {"t": "2026-04-21T08:40:00+00:00Z", "z_m": 10.412766706498061}, "geometry": {"type": "Point", "coordinates": [-113.54287610240914, 53.73605472988641]}}, {"type": "Feature", "properties": {"t": "2026-04-21T08:40:00+00:00Z", "z_m": 12.98766173990404}, "geometry": {"type": "Point", "coordinates": [-113.5337345300598, 53.74515248986026]}}, {"type": "Feature", "properties": {"t": "2026-04-21T08:40:00+00:00Z", "z_m": 20.0}, "geometry": {"type": "Point", "coordinates": [-113.52671777216902, 53.729585746497236]}}, {"type": "Feature", "properties": {"t": "2026-04-21T08:40:00+00:00Z", "z_m": 11.227040350110434}, "geometry": {"type": "Point", "coordinates": [-113.53246636346144, 53.74396377919099]}}, {"type": "Feature", "properties": {"t": "2026-04-21T08:40:00+00:00Z", "z_m": 11.75358433866783}, "geometry": {"type": "Point", "coordinates": [-113.53429203079615, 53.73547246444954]}}, {"type": "Feature", "properties": {"t": "2026-04-21T08:40:00+00:00Z", "z_m": 17.166625320046386}, "geometry": {"type": "Point", "coordinates": [-113.52689097567463, 53.73939432714876]}}, {"type": "Feature", "properties": {"t": "2026-04-21T08:40:00+00:00Z", "z_m": 17.94976150159807}, "geometry": {"type": "Point", "coordinates": [-113.54616903119123, 53.73275831364355]}}, {"type": "Feature", "properties": {"t": "2026-04-21T08:40:00+00:00Z", "z_m": 14.462325753914337}, "geometry": {"type": "Point", "coordinates": [-113.54692877385982, 53.73716846367525]}}, {"type": "Feature", "properties": {"t": "2026-04-21T08:40:00+00:00Z", "z_m": 17.30094821928796}, "geometry": {"type": "Point", "coordinates": [-113.52996528744745, 53.73812835358397]}}, {"type": "Feature", "properties": {"t": "2026-04-21T08:40:00+00:00Z", "z_m": 11.693079121808449}, "geometry": {"type": "Point", "coordinates": [-113.52428468667561, 53.737724695236295]}}, {"type": "Feature", "properties": {"t": "2026-04-21T08:40:00+00:00Z", "z_m": 10.686560760209034}, "geometry": {"type": "Point", "coordinates": [-113.52601118177226, 53.738361675763315]}}, {"type": "Feature", "properties": {"t": "2026-04-21T08:40:00+00:00Z", "z_m": 18.804184672039298}, "geometry": {"type": "Point", "coordinates": [-113.52366737179274, 53.74272649856982]}}, {"type": "Feature", "properties": {"t": "2026-04-21T08:40:00+00:00Z", "z_m": 10.396938300483901}, "geometry": {"type": "Point", "coordinates": [-113.54166301199868, 53.737608302148345]}}, {"type": "Feature", "properties": {"t": "2026-04-21T08:40:00+00:00Z", "z_m": 19.13345629348103}, "geometry": {"type": "Point", "coordinates": [-113.51760862194381, 53.74368862564574]}}, {"type": "Feature", "properties": {"t": "2026-04-21T08:40:00+00:00Z", "z_m": 10.195961102810365}, "geometry": {"type": "Point", "coordinates": [-113.52508385282397, 53.73848915097014]}}, {"type": "Feature", "properties": {"t": "2026-04-21T08:40:00+00:00Z", "z_m": 19.963738493624827}, "geometry": {"type": "Point", "coordinates": [-113.53573337227311, 53.740488189750785]}}, {"type": "Feature", "properties": {"t": "2026-04-21T08:40:00+00:00Z", "z_m": 14.378636283897823}, "geometry": {"type": "Point", "coordinates": [-113.52182531043779, 53.739724222084256]}}, {"type": "Feature", "properties": {"t": "2026-04-21T08:40:00+00:00Z", "z_m": 6.93213617128491}, "geometry": {"type": "Point", "coordinates": [-113.54290237792354, 53.732424098145955]}}, {"type": "Feature", "properties": {"t": "2026-04-21T08:40:00+00:00Z", "z_m": 15.757988675969242}, "geometry": {"type": "Point", "coordinates": [-113.53813422404767, 53.73711777487723]}}, {"type": "Feature", "properties": {"t": "2026-04-21T08:40:00+00:00Z", "z_m": 11.771930789519594}, "geometry": {"type": "Point", "coordinates": [-113.52534990964887, 53.73808393663573]}}, {"type": "Feature", "properties": {"t": "2026-04-21T08:40:00+00:00Z", "z_m": 15.2167035565449}, "geometry": {"type": "Point", "coordinates": [-113.52336580155273, 53.735577989203975]}}, {"type": "Feature", "properties": {"t": "2026-04-21T08:40:00+00:00Z", "z_m": 16.61379098454056}, "geometry": {"type": "Point", "coordinates": [-113.53365038333622, 53.741905241331864]}}, {"type": "Feature", "properties": {"t": "2026-04-21T08:40:00+00:00Z", "z_m": 17.27197912959004}, "geometry": {"type": "Point", "coordinates": [-113.52429408165996, 53.737922064257106]}}, {"type": "Feature", "properties": {"t": "2026-04-21T08:40:00+00:00Z", "z_m": 14.055464597742297}, "geometry": {"type": "Point", "coordinates": [-113.54033835534523, 53.73249425605218]}}, {"type": "Feature", "properties": {"t": "2026-04-21T08:40:00+00:00Z", "z_m": 17.58858594050965}, "geometry": {"type": "Point", "coordinates": [-113.52788401037591, 53.740214818889136]}}, {"type": "Feature", "properties": {"t": "2026-04-21T08:40:00+00:00Z", "z_m": 16.573010904918608}, "geometry": {"type": "Point", "coordinates": [-113.5270423631323, 53.73865692808734]}}, {"type": "Feature", "properties": {"t": "2026-04-21T08:40:00+00:00Z", "z_m": 18.227305249172105}, "geometry": {"type": "Point", "coordinates": [-113.54197496570154, 53.73069589523621]}}, {"type": "Feature", "properties": {"t": "2026-04-21T08:40:00+00:00Z", "z_m": 14.420159279144222}, "geometry": {"type": "Point", "coordinates": [-113.52048402721739, 53.736766129245545]}}, {"type": "Feature", "properties": {"t": "2026-04-21T08:40:00+00:00Z", "z_m": 13.998104176132925}, "geometry": {"type": "Point", "coordinates": [-113.52377585853205, 53.73863376927944]}}, {"type": "Feature", "properties": {"t": "2026-04-21T08:40:00+00:00Z", "z_m": 13.013622970436225}, "geometry": {"type": "Point", "coordinates": [-113.52224170236136, 53.735898525272724]}}, {"type": "Feature", "properties": {"t": "2026-04-21T08:40:00+00:00Z", "z_m": 5.994191984276382}, "geometry": {"type": "Point", "coordinates": [-113.5419013149992, 53.73050625386717]}}, {"type": "Feature", "properties": {"t": "2026-04-21T08:40:00+00:00Z", "z_m": 19.739611636359943}, "geometry": {"type": "Point", "coordinates": [-113.52736348354723, 53.73977158263074]}}, {"type": "Feature", "properties": {"t": "2026-04-21T08:40:00+00:00Z", "z_m": 19.640348406755752}, "geometry": {"type": "Point", "coordinates": [-113.54112300477712, 53.7324464901582]}}, {"type": "Feature", "properties": {"t": "2026-04-21T08:40:00+00:00Z", "z_m": 20.0}, "geometry": {"type": "Point", "coordinates": [-113.52600051024567, 53.73989785749892]}}, {"type": "Feature", "properties": {"t": "2026-04-21T08:35:00+00:00Z", "z_m": 18.789275964113322}, "geometry": {"type": "Point", "coordinates": [-113.53937287263169, 53.733964987520025]}}, {"type": "Feature", "properties": {"t": "2026-04-21T08:35:00+00:00Z", "z_m": 12.68611985453945}, "geometry": {"type": "Point", "coordinates": [-113.539306798821, 53.746982021590675]}}, {"type": "Feature", "properties": {"t": "2026-04-21T08:35:00+00:00Z", "z_m": 17.159782049354476}, "geometry": {"type": "Point", "coordinates": [-113.53486834349465, 53.74667062399085]}}, {"type": "Feature", "properties": {"t": "2026-04-21T08:35:00+00:00Z", "z_m": 15.891317195767233}, "geometry": {"type": "Point", "coordinates": [-113.53471462092905, 53.74609675659778]}}, {"type": "Feature", "properties": {"t": "2026-04-21T08:35:00+00:00Z", "z_m": 16.309512604545958}, "geometry": {"type": "Point", "coordinates": [-113.53076966282876, 53.74353956186599]}}, {"type": "Feature", "properties": {"t": "2026-04-21T08:35:00+00:00Z", "z_m": 17.971458032236505}, "geometry": {"type": "Point", "coordinates": [-113.5336945642135, 53.74192629213255]}}, {"type": "Feature", "properties": {"t": "2026-04-21T08:35:00+00:00Z", "z_m": 9.415719942407321}, "geometry": {"type": "Point", "coordinates": [-113.52617169513951, 53.74178512014656]}}, {"type": "Feature", "properties": {"t": "2026-04-21T08:35:00+00:00Z", "z_m": 14.812084139293548}, "geometry": {"type": "Point", "coordinates": [-113.5320515036688, 53.743429165235675]}}, {"type": "Feature", "properties": {"t": "2026-04-21T08:35:00+00:00Z", "z_m": 19.812517393206704}, "geometry": {"type": "Point", "coordinates": [-113.52907030279812, 53.74064363367114]}}, {"type": "Feature", "properties": {"t": "2026-04-21T08:35:00+00:00Z", "z_m": 18.142602142184113}, "geometry": {"type": "Point", "coordinates": [-113.52874422876972, 53.739985655186906]}}, {"type": "Feature", "properties": {"t": "2026-04-21T08:35:00+00:00Z", "z_m": 18.915446085512837}, "geometry": {"type": "Point", "coordinates": [-113.52959685360767, 53.73629841897979]}}, {"type": "Feature", "properties": {"t": "2026-04-21T08:35:00+00:00Z", "z_m": 14.0887699166016}, "geometry": {"type": "Point", "coordinates": [-113.52749915334655, 53.741103598589724]}}, {"type": "Feature", "properties": {"t": "2026-04-21T08:35:00+00:00Z", "z_m": 15.15959260073128}, "geometry": {"type": "Point", "coordinates": [-113.52488388812104, 53.73778810911675]}}, {"type": "Feature", "properties": {"t": "2026-04-21T08:35:00+00:00Z", "z_m": 6.589506550910266}, "geometry": {"type": "Point", "coordinates": [-113.53430981328648, 53.741588277378305]}}, {"type": "Feature", "properties": {"t": "2026-04-21T08:35:00+00:00Z", "z_m": 7.788175483990207}, "geometry": {"type": "Point", "coordinates": [-113.5307060803369, 53.74200356816208]}}, {"type": "Feature", "properties": {"t": "2026-04-21T08:35:00+00:00Z", "z_m": 18.1885772214631}, "geometry": {"type": "Point", "coordinates": [-113.54751406416149, 53.735274210260904]}}, {"type": "Feature", "properties": {"t": "2026-04-21T08:35:00+00:00Z", "z_m": 11.656178250147693}, "geometry": {"type": "Point", "coordinates": [-113.5469021517258, 53.739557589954075]}}, {"type": "Feature", "properties": {"t": "2026-04-21T08:35:00+00:00Z", "z_m": 13.837205101313758}, "geometry": {"type": "Point", "coordinates": [-113.53787922386087, 53.74879502322692]}}, {"type": "Feature", "properties": {"t": "2026-04-21T08:35:00+00:00Z", "z_m": 19.690119340234773}, "geometry": {"type": "Point", "coordinates": [-113.52793118644261, 53.73385732006159]}}, {"type": "Feature", "properties": {"t": "2026-04-21T08:35:00+00:00Z", "z_m": 13.267405378316317}, "geometry": {"type": "Point", "coordinates": [-113.53587985231624, 53.7459392016797]}}, {"type": "Feature", "properties": {"t": "2026-04-21T08:35:00+00:00Z", "z_m": 9.196371013058663}, "geometry": {"type": "Point", "coordinates": [-113.53500034280609, 53.73995426569305]}}, {"type": "Feature", "properties": {"t": "2026-04-21T08:35:00+00:00Z", "z_m": 16.072835288898673}, "geometry": {"type": "Point", "coordinates": [-113.53063405418892, 53.74236375162239]}}, {"type": "Feature", "properties": {"t": "2026-04-21T08:35:00+00:00Z", "z_m": 16.18660290727291}, "geometry": {"type": "Point", "coordinates": [-113.54956908841477, 53.73636462058495]}}, {"type": "Feature", "properties": {"t": "2026-04-21T08:35:00+00:00Z", "z_m": 15.685973439168546}, "geometry": {"type": "Point", "coordinates": [-113.54883734849186, 53.73985347598346]}}, {"type": "Feature", "properties": {"t": "2026-04-21T08:35:00+00:00Z", "z_m": 19.482363181310443}, "geometry": {"type": "Point", "coordinates": [-113.53139499541791, 53.74152007988708]}}, {"type": "Feature", "properties": {"t": "2026-04-21T08:35:00+00:00Z", "z_m": 11.602504250912771}, "geometry": {"type": "Point", "coordinates": [-113.5261246622208, 53.740252340149425]}}, {"type": "Feature", "properties": {"t": "2026-04-21T08:35:00+00:00Z", "z_m": 9.416408470096925}, "geometry": {"type": "Point", "coordinates": [-113.52989195654122, 53.742318290371934]}}, {"type": "Feature", "properties": {"t": "2026-04-21T08:35:00+00:00Z", "z_m": 20.0}, "geometry": {"type": "Point", "coordinates": [-113.52772087898141, 53.7455799876761]}}, {"type": "Feature", "properties": {"t": "2026-04-21T08:35:00+00:00Z", "z_m": 10.028224851719534}, "geometry": {"type": "Point", "coordinates": [-113.54607346415786, 53.73961621650297]}}, {"type": "Feature", "properties": {"t": "2026-04-21T08:35:00+00:00Z", "z_m": 18.13583504159205}, "geometry": {"type": "Point", "coordinates": [-113.5171213780121, 53.74694883612389]}}, {"type": "Feature", "properties": {"t": "2026-04-21T08:35:00+00:00Z", "z_m": 10.745333376191557}, "geometry": {"type": "Point", "coordinates": [-113.52766040698276, 53.741125236781606]}}, {"type": "Feature", "properties": {"t": "2026-04-21T08:35:00+00:00Z", "z_m": 18.828197180262435}, "geometry": {"type": "Point", "coordinates": [-113.53545644452302, 53.74417988152351]}}, {"type": "Feature", "properties": {"t": "2026-04-21T08:35:00+00:00Z", "z_m": 15.061240772558174}, "geometry": {"type": "Point", "coordinates": [-113.52448887684012, 53.74106300595491]}}, {"type": "Feature", "properties": {"t": "2026-04-21T08:35:00+00:00Z", "z_m": 8.266162610230905}, "geometry": {"type": "Point", "coordinates": [-113.54793098213614, 53.733688522583485]}}, {"type": "Feature", "properties": {"t": "2026-04-21T08:35:00+00:00Z", "z_m": 14.424224360987514}, "geometry": {"type": "Point", "coordinates": [-113.54222862881936, 53.73951551531527]}}, {"type": "Feature", "properties": {"t": "2026-04-21T08:35:00+00:00Z", "z_m": 9.926218650257576}, "geometry": {"type": "Point", "coordinates": [-113.52686453384348, 53.740297762310156]}}, {"type": "Feature", "properties": {"t": "2026-04-21T08:35:00+00:00Z", "z_m": 14.318000527324864}, "geometry": {"type": "Point", "coordinates": [-113.52308458151477, 53.73937983706009]}}, {"type": "Feature", "properties": {"t": "2026-04-21T08:35:00+00:00Z", "z_m": 16.058543999055406}, "geometry": {"type": "Point", "coordinates": [-113.53534900918906, 53.74511333712587]}}, {"type": "Feature", "properties": {"t": "2026-04-21T08:35:00+00:00Z", "z_m": 18.48094549764667}, "geometry": {"type": "Point", "coordinates": [-113.52552787488071, 53.74105346701279]}}, {"type": "Feature", "properties": {"t": "2026-04-21T08:35:00+00:00Z", "z_m": 13.08371466456911}, "geometry": {"type": "Point", "coordinates": [-113.54548996745146, 53.733740990556385]}}, {"type": "Feature", "properties": {"t": "2026-04-21T08:35:00+00:00Z", "z_m": 16.461358946841766}, "geometry": {"type": "Point", "coordinates": [-113.53231982908827, 53.7424445459825]}}, {"type": "Feature", "properties": {"t": "2026-04-21T08:35:00+00:00Z", "z_m": 19.869762631342084}, "geometry": {"type": "Point", "coordinates": [-113.52997689123494, 53.74133045081512]}}, {"type": "Feature", "properties": {"t": "2026-04-21T08:35:00+00:00Z", "z_m": 19.74848314390592}, "geometry": {"type": "Point", "coordinates": [-113.54719543150254, 53.73261566285853]}}, {"type": "Feature", "properties": {"t": "2026-04-21T08:35:00+00:00Z", "z_m": 14.255184997746653}, "geometry": {"type": "Point", "coordinates": [-113.52416061948507, 53.73776453848539]}}, {"type": "Feature", "properties": {"t": "2026-04-21T08:35:00+00:00Z", "z_m": 17.781871725858103}, "geometry": {"type": "Point", "coordinates": [-113.52510869036662, 53.740799381640805]}}, {"type": "Feature", "properties": {"t": "2026-04-21T08:35:00+00:00Z", "z_m": 15.107768298545592}, "geometry": {"type": "Point", "coordinates": [-113.52512958963818, 53.7383019668475]}}, {"type": "Feature", "properties": {"t": "2026-04-21T08:35:00+00:00Z", "z_m": 6.739409180860364}, "geometry": {"type": "Point", "coordinates": [-113.54621097415213, 53.73183704294102]}}, {"type": "Feature", "properties": {"t": "2026-04-21T08:35:00+00:00Z", "z_m": 19.217304613063785}, "geometry": {"type": "Point", "coordinates": [-113.5316268441416, 53.74222796286358]}}, {"type": "Feature", "properties": {"t": "2026-04-21T08:35:00+00:00Z", "z_m": 20.0}, "geometry": {"type": "Point", "coordinates": [-113.54668039755694, 53.733361089514325]}}, {"type": "Feature", "properties": {"t": "2026-04-21T08:35:00+00:00Z", "z_m": 18.749582894907963}, "geometry": {"type": "Point", "coordinates": [-113.53043324134153, 53.74306163122749]}}, {"type": "Feature", "properties": {"t": "2026-04-21T08:30:00+00:00Z", "z_m": 18.52146854594794}, "geometry": {"type": "Point", "coordinates": [-113.54341652293651, 53.7367586529889]}}, {"type": "Feature", "properties": {"t": "2026-04-21T08:30:00+00:00Z", "z_m": 9.937593977291721}, "geometry": {"type": "Point", "coordinates": [-113.53898719065863, 53.74956142035784]}}, {"type": "Feature", "properties": {"t": "2026-04-21T08:30:00+00:00Z", "z_m": 18.664168322868896}, "geometry": {"type": "Point", "coordinates": [-113.53685476986757, 53.750034387868794]}}, {"type": "Feature", "properties": {"t": "2026-04-21T08:30:00+00:00Z", "z_m": 15.062456651371015}, "geometry": {"type": "Point", "coordinates": [-113.5380292419357, 53.750132934894516]}}, {"type": "Feature", "properties": {"t": "2026-04-21T08:30:00+00:00Z", "z_m": 19.76952423021527}, "geometry": {"type": "Point", "coordinates": [-113.533107546597, 53.74720808880764]}}, {"type": "Feature", "properties": {"t": "2026-04-21T08:30:00+00:00Z", "z_m": 15.355030417588713}, "geometry": {"type": "Point", "coordinates": [-113.53645484057051, 53.744483387808984]}}, {"type": "Feature", "properties": {"t": "2026-04-21T08:30:00+00:00Z", "z_m": 8.235039489702265}, "geometry": {"type": "Point", "coordinates": [-113.52944832248158, 53.74290867670382]}}, {"type": "Feature", "properties": {"t": "2026-04-21T08:30:00+00:00Z", "z_m": 13.976836213047555}, "geometry": {"type": "Point", "coordinates": [-113.53504778712596, 53.74677018656657]}}, {"type": "Feature", "properties": {"t": "2026-04-21T08:30:00+00:00Z", "z_m": 19.58766019863566}, "geometry": {"type": "Point", "coordinates": [-113.53200997215546, 53.74452565843168]}}, {"type": "Feature", "properties": {"t": "2026-04-21T08:30:00+00:00Z", "z_m": 15.677549269756513}, "geometry": {"type": "Point", "coordinates": [-113.53293036704494, 53.74352741858823]}}, {"type": "Feature", "properties": {"t": "2026-04-21T08:30:00+00:00Z", "z_m": 20.0}, "geometry": {"type": "Point", "coordinates": [-113.53137816664083, 53.74001368714165]}}, {"type": "Feature", "properties": {"t": "2026-04-21T08:30:00+00:00Z", "z_m": 13.409899094855017}, "geometry": {"type": "Point", "coordinates": [-113.5314853320587, 53.74407203141826]}}, {"type": "Feature", "properties": {"t": "2026-04-21T08:30:00+00:00Z", "z_m": 15.242701190521215}, "geometry": {"type": "Point", "coordinates": [-113.52637283344067, 53.74200436562214]}}, {"type": "Feature", "properties": {"t": "2026-04-21T08:30:00+00:00Z", "z_m": 6.700535878249798}, "geometry": {"type": "Point", "coordinates": [-113.53590125553986, 53.743342382510974]}}, {"type": "Feature", "properties": {"t": "2026-04-21T08:30:00+00:00Z", "z_m": 8.610113361282428}, "geometry": {"type": "Point", "coordinates": [-113.53265841678558, 53.74464586849987]}}, {"type": "Feature", "properties": {"t": "2026-04-21T08:30:00+00:00Z", "z_m": 18.790236728500666}, "geometry": {"type": "Point", "coordinates": [-113.55128702772159, 53.73779146853284]}}, {"type": "Feature", "properties": {"t": "2026-04-21T08:30:00+00:00Z", "z_m": 13.949822364266682}, "geometry": {"type": "Point", "coordinates": [-113.54893503383549, 53.74276197424794]}}, {"type": "Feature", "properties": {"t": "2026-04-21T08:30:00+00:00Z", "z_m": 14.02678514645463}, "geometry": {"type": "Point", "coordinates": [-113.54025668676474, 53.7514779448269]}}, {"type": "Feature", "properties": {"t": "2026-04-21T08:30:00+00:00Z", "z_m": 20.0}, "geometry": {"type": "Point", "coordinates": [-113.52918450614318, 53.7362021848838]}}, {"type": "Feature", "properties": {"t": "2026-04-21T08:30:00+00:00Z", "z_m": 13.433486958980884}, "geometry": {"type": "Point", "coordinates": [-113.53862569179941, 53.750741398036524]}}, {"type": "Feature", "properties": {"t": "2026-04-21T08:30:00+00:00Z", "z_m": 6.2935438105146595}, "geometry": {"type": "Point", "coordinates": [-113.53919665431108, 53.744075663818506]}}, {"type": "Feature", "properties": {"t": "2026-04-21T08:30:00+00:00Z", "z_m": 14.722436097889918}, "geometry": {"type": "Point", "coordinates": [-113.53479349064841, 53.74561772713882]}}, {"type": "Feature", "properties": {"t": "2026-04-21T08:30:00+00:00Z", "z_m": 13.792721523203364}, "geometry": {"type": "Point", "coordinates": [-113.55130577017277, 53.73872612654816]}}, {"type": "Feature", "properties": {"t": "2026-04-21T08:30:00+00:00Z", "z_m": 12.83960852081531}, "geometry": {"type": "Point", "coordinates": [-113.55205642684855, 53.74305262979742]}}, {"type": "Feature", "properties": {"t": "2026-04-21T08:30:00+00:00Z", "z_m": 19.769379326303604}, "geometry": {"type": "Point", "coordinates": [-113.53622049024418, 53.74480480738389]}}, {"type": "Feature", "properties": {"t": "2026-04-21T08:30:00+00:00Z", "z_m": 8.580536543992718}, "geometry": {"type": "Point", "coordinates": [-113.53004379538267, 53.74203306211413]}}, {"type": "Feature", "properties": {"t": "2026-04-21T08:30:00+00:00Z", "z_m": 9.008670656087956}, "geometry": {"type": "Point", "coordinates": [-113.53213444864679, 53.74600720808139]}}, {"type": "Feature", "properties": {"t": "2026-04-21T08:30:00+00:00Z", "z_m": 19.644744642308375}, "geometry": {"type": "Point", "coordinates": [-113.53089210539788, 53.74930208234692]}}, {"type": "Feature", "properties": {"t": "2026-04-21T08:30:00+00:00Z", "z_m": 8.892553325140533}, "geometry": {"type": "Point", "coordinates": [-113.55136238788401, 53.743332980264356]}}, {"type": "Feature", "properties": {"t": "2026-04-21T08:30:00+00:00Z", "z_m": 20.0}, "geometry": {"type": "Point", "coordinates": [-113.51955632687277, 53.748153712231485]}}, {"type": "Feature", "properties": {"t": "2026-04-21T08:30:00+00:00Z", "z_m": 12.678010177519663}, "geometry": {"type": "Point", "coordinates": [-113.53258904313822, 53.74509615872684]}}, {"type": "Feature", "properties": {"t": "2026-04-21T08:30:00+00:00Z", "z_m": 20.0}, "geometry": {"type": "Point", "coordinates": [-113.53690586372885, 53.74707516370653]}}, {"type": "Feature", "properties": {"t": "2026-04-21T08:30:00+00:00Z", "z_m": 14.645997439610326}, "geometry": {"type": "Point", "coordinates": [-113.53083104025389, 53.745342644674096]}}, {"type": "Feature", "properties": {"t": "2026-04-21T08:30:00+00:00Z", "z_m": 9.336299268009563}, "geometry": {"type": "Point", "coordinates": [-113.55005777485037, 53.73719639307996]}}, {"type": "Feature", "properties": {"t": "2026-04-21T08:30:00+00:00Z", "z_m": 12.35916115315836}, "geometry": {"type": "Point", "coordinates": [-113.54633742951548, 53.74245972032092]}}, {"type": "Feature", "properties": {"t": "2026-04-21T08:30:00+00:00Z", "z_m": 8.568592178165888}, "geometry": {"type": "Point", "coordinates": [-113.53083263772439, 53.74317535490916]}}, {"type": "Feature", "properties": {"t": "2026-04-21T08:30:00+00:00Z", "z_m": 13.501741533050199}, "geometry": {"type": "Point", "coordinates": [-113.52794844999852, 53.7408928784888]}}, {"type": "Feature", "properties": {"t": "2026-04-21T08:30:00+00:00Z", "z_m": 15.95555264721842}, "geometry": {"type": "Point", "coordinates": [-113.53905452613498, 53.749993995520555]}}, {"type": "Feature", "properties": {"t": "2026-04-21T08:30:00+00:00Z", "z_m": 20.0}, "geometry": {"type": "Point", "coordinates": [-113.53018434810923, 53.74282171261878]}}, {"type": "Feature", "properties": {"t": "2026-04-21T08:30:00+00:00Z", "z_m": 11.841234646176968}, "geometry": {"type": "Point", "coordinates": [-113.55191376513683, 53.73471558244179]}}, {"type": "Feature", "properties": {"t": "2026-04-21T08:30:00+00:00Z", "z_m": 17.223469532103636}, "geometry": {"type": "Point", "coordinates": [-113.53423799570422, 53.746424352737826]}}, {"type": "Feature", "properties": {"t": "2026-04-21T08:30:00+00:00Z", "z_m": 19.114494190653904}, "geometry": {"type": "Point", "coordinates": [-113.53148306455124, 53.744649609178225]}}, {"type": "Feature", "properties": {"t": "2026-04-21T08:30:00+00:00Z", "z_m": 20.0}, "geometry": {"type": "Point", "coordinates": [-113.55097540028788, 53.73551032725062]}}, {"type": "Feature", "properties": {"t": "2026-04-21T08:30:00+00:00Z", "z_m": 14.496960241632353}, "geometry": {"type": "Point", "coordinates": [-113.52834016651217, 53.74059049520196]}}, {"type": "Feature", "properties": {"t": "2026-04-21T08:30:00+00:00Z", "z_m": 13.258596997572614}, "geometry": {"type": "Point", "coordinates": [-113.52405645157678, 53.74303600326217]}}, {"type": "Feature", "properties": {"t": "2026-04-21T08:30:00+00:00Z", "z_m": 17.504970413439498}, "geometry": {"type": "Point", "coordinates": [-113.53071586545974, 53.74230251677004]}}, {"type": "Feature", "properties": {"t": "2026-04-21T08:30:00+00:00Z", "z_m": 4.466443750211221}, "geometry": {"type": "Point", "coordinates": [-113.55063987065188, 53.733305787119285]}}, {"type": "Feature", "properties": {"t": "2026-04-21T08:30:00+00:00Z", "z_m": 17.870297465261018}, "geometry": {"type": "Point", "coordinates": [-113.53434384124655, 53.744900021043456]}}, {"type": "Feature", "properties": {"t": "2026-04-21T08:30:00+00:00Z", "z_m": 20.0}, "geometry": {"type": "Point", "coordinates": [-113.54964184498193, 53.73715350287476]}}, {"type": "Feature", "properties": {"t": "2026-04-21T08:30:00+00:00Z", "z_m": 18.962504522338953}, "geometry": {"type": "Point", "coordinates": [-113.5333330300904, 53.74666294928134]}}, {"type": "Feature", "properties": {"t": "2026-04-21T08:25:00+00:00Z", "z_m": 20.0}, "geometry": {"type": "Point", "coordinates": [-113.54580109965227, 53.73972263514456]}}, {"type": "Feature", "properties": {"t": "2026-04-21T08:25:00+00:00Z", "z_m": 10.214965622967544}, "geometry": {"type": "Point", "coordinates": [-113.5416244256862, 53.753167207557155]}}, {"type": "Feature", "properties": {"t": "2026-04-21T08:25:00+00:00Z", "z_m": 16.146700932194648}, "geometry": {"type": "Point", "coordinates": [-113.54168517384488, 53.75332100290183]}}, {"type": "Feature", "properties": {"t": "2026-04-21T08:25:00+00:00Z", "z_m": 19.028048767755262}, "geometry": {"type": "Point", "coordinates": [-113.54071540272375, 53.753216344699716]}}, {"type": "Feature", "properties": {"t": "2026-04-21T08:25:00+00:00Z", "z_m": 18.664206468267896}, "geometry": {"type": "Point", "coordinates": [-113.53652988616345, 53.75010946925554]}}, {"type": "Feature", "properties": {"t": "2026-04-21T08:25:00+00:00Z", "z_m": 16.148262843398445}, "geometry": {"type": "Point", "coordinates": [-113.53781068427489, 53.74643452513778]}}, {"type": "Feature", "properties": {"t": "2026-04-21T08:25:00+00:00Z", "z_m": 8.584254310227044}, "geometry": {"type": "Point", "coordinates": [-113.53266815299621, 53.74623169661287]}}, {"type": "Feature", "properties": {"t": "2026-04-21T08:25:00+00:00Z", "z_m": 13.385685799329961}, "geometry": {"type": "Point", "coordinates": [-113.53866326824743, 53.75037461054437]}}, {"type": "Feature", "properties": {"t": "2026-04-21T08:25:00+00:00Z", "z_m": 20.0}, "geometry": {"type": "Point", "coordinates": [-113.53353002415191, 53.74781786230819]}}, {"type": "Feature", "properties": {"t": "2026-04-21T08:25:00+00:00Z", "z_m": 17.240234188028374}, "geometry": {"type": "Point", "coordinates": [-113.53594073721162, 53.74623360040652]}}, {"type": "Feature", "properties": {"t": "2026-04-21T08:25:00+00:00Z", "z_m": 19.881815374641526}, "geometry": {"type": "Point", "coordinates": [-113.53442011697457, 53.743901546060115]}}, {"type": "Feature", "properties": {"t": "2026-04-21T08:25:00+00:00Z", "z_m": 12.813214442086814}, "geometry": {"type": "Point", "coordinates": [-113.53209023088921, 53.74646620544464]}}, {"type": "Feature", "properties": {"t": "2026-04-21T08:25:00+00:00Z", "z_m": 18.713676722768184}, "geometry": {"type": "Point", "coordinates": [-113.53070429546088, 53.744591741499214]}}, {"type": "Feature", "properties": {"t": "2026-04-21T08:25:00+00:00Z", "z_m": 9.321634869390264}, "geometry": {"type": "Point", "coordinates": [-113.53884454226997, 53.74576202007493]}}, {"type": "Feature", "properties": {"t": "2026-04-21T08:25:00+00:00Z", "z_m": 7.672093923239048}, "geometry": {"type": "Point", "coordinates": [-113.53603166072614, 53.748375543459545]}}, {"type": "Feature", "properties": {"t": "2026-04-21T08:25:00+00:00Z", "z_m": 17.534175881629256}, "geometry": {"type": "Point", "coordinates": [-113.55126618658872, 53.74126246717169]}}, {"type": "Feature", "properties": {"t": "2026-04-21T08:25:00+00:00Z", "z_m": 15.22745898887216}, "geometry": {"type": "Point", "coordinates": [-113.55214351289217, 53.74601722548033]}}, {"type": "Feature", "properties": {"t": "2026-04-21T08:25:00+00:00Z", "z_m": 16.357202766267665}, "geometry": {"type": "Point", "coordinates": [-113.54100263270873, 53.75445074388298]}}, {"type": "Feature", "properties": {"t": "2026-04-21T08:25:00+00:00Z", "z_m": 18.57038540677995}, "geometry": {"type": "Point", "coordinates": [-113.53014672943912, 53.73895215973324]}}, {"type": "Feature", "properties": {"t": "2026-04-21T08:25:00+00:00Z", "z_m": 16.21610267283381}, "geometry": {"type": "Point", "coordinates": [-113.54082421642799, 53.7543258880632]}}, {"type": "Feature", "properties": {"t": "2026-04-21T08:25:00+00:00Z", "z_m": 4.776116993055943}, "geometry": {"type": "Point", "coordinates": [-113.54175743628569, 53.74725735293267]}}, {"type": "Feature", "properties": {"t": "2026-04-21T08:25:00+00:00Z", "z_m": 14.957664765595963}, "geometry": {"type": "Point", "coordinates": [-113.54073008484265, 53.749361351057544]}}, {"type": "Feature", "properties": {"t": "2026-04-21T08:25:00+00:00Z", "z_m": 12.674328071528416}, "geometry": {"type": "Point", "coordinates": [-113.55531680837392, 53.74093455220385]}}, {"type": "Feature", "properties": {"t": "2026-04-21T08:25:00+00:00Z", "z_m": 15.503061608085668}, "geometry": {"type": "Point", "coordinates": [-113.55695818277486, 53.74542272470528]}}, {"type": "Feature", "properties": {"t": "2026-04-21T08:25:00+00:00Z", "z_m": 20.0}, "geometry": {"type": "Point", "coordinates": [-113.53859542944116, 53.74729081289415]}}, {"type": "Feature", "properties": {"t": "2026-04-21T08:25:00+00:00Z", "z_m": 9.243842186011202}, "geometry": {"type": "Point", "coordinates": [-113.53174383461555, 53.74445656039218]}}, {"type": "Feature", "properties": {"t": "2026-04-21T08:25:00+00:00Z", "z_m": 9.126901751757032}, "geometry": {"type": "Point", "coordinates": [-113.5355384181265, 53.749505510145084]}}, {"type": "Feature", "properties": {"t": "2026-04-21T08:25:00+00:00Z", "z_m": 20.0}, "geometry": {"type": "Point", "coordinates": [-113.53445239260313, 53.751861778348065]}}, {"type": "Feature", "properties": {"t": "2026-04-21T08:25:00+00:00Z", "z_m": 9.629552902450916}, "geometry": {"type": "Point", "coordinates": [-113.55560143065878, 53.74651033784379]}}, {"type": "Feature", "properties": {"t": "2026-04-21T08:25:00+00:00Z", "z_m": 20.0}, "geometry": {"type": "Point", "coordinates": [-113.52122240363938, 53.75044430695479]}}, {"type": "Feature", "properties": {"t": "2026-04-21T08:25:00+00:00Z", "z_m": 11.511624712733017}, "geometry": {"type": "Point", "coordinates": [-113.5357807485823, 53.748662722272535]}}, {"type": "Feature", "properties": {"t": "2026-04-21T08:25:00+00:00Z", "z_m": 18.0060984513022}, "geometry": {"type": "Point", "coordinates": [-113.53876124210971, 53.74963385412104]}}, {"type": "Feature", "properties": {"t": "2026-04-21T08:25:00+00:00Z", "z_m": 12.313720460401433}, "geometry": {"type": "Point", "coordinates": [-113.53230875793001, 53.749668265558164]}}, {"type": "Feature", "properties": {"t": "2026-04-21T08:25:00+00:00Z", "z_m": 9.294294878746625}, "geometry": {"type": "Point", "coordinates": [-113.54953793748288, 53.74028088920256]}}, {"type": "Feature", "properties": {"t": "2026-04-21T08:25:00+00:00Z", "z_m": 11.164809489404647}, "geometry": {"type": "Point", "coordinates": [-113.54999546236067, 53.74392628500797]}}, {"type": "Feature", "properties": {"t": "2026-04-21T08:25:00+00:00Z", "z_m": 7.884204048967403}, "geometry": {"type": "Point", "coordinates": [-113.5315619786342, 53.74566174598985]}}, {"type": "Feature", "properties": {"t": "2026-04-21T08:25:00+00:00Z", "z_m": 12.001261417063686}, "geometry": {"type": "Point", "coordinates": [-113.53048896241411, 53.74199944613723]}}, {"type": "Feature", "properties": {"t": "2026-04-21T08:25:00+00:00Z", "z_m": 15.52908659419714}, "geometry": {"type": "Point", "coordinates": [-113.54620695911962, 53.754174871510536]}}, {"type": "Feature", "properties": {"t": "2026-04-21T08:25:00+00:00Z", "z_m": 19.603940908521054}, "geometry": {"type": "Point", "coordinates": [-113.53372336448189, 53.74559192220814]}}, {"type": "Feature", "properties": {"t": "2026-04-21T08:25:00+00:00Z", "z_m": 9.25596931735087}, "geometry": {"type": "Point", "coordinates": [-113.55474600735695, 53.73683402987368]}}, {"type": "Feature", "properties": {"t": "2026-04-21T08:25:00+00:00Z", "z_m": 17.228292012108756}, "geometry": {"type": "Point", "coordinates": [-113.53476820226099, 53.74825681810241]}}, {"type": "Feature", "properties": {"t": "2026-04-21T08:25:00+00:00Z", "z_m": 19.493356153528037}, "geometry": {"type": "Point", "coordinates": [-113.53356559552009, 53.7472146925954]}}, {"type": "Feature", "properties": {"t": "2026-04-21T08:25:00+00:00Z", "z_m": 17.11567413752057}, "geometry": {"type": "Point", "coordinates": [-113.55487593392068, 53.737711366344065]}}, {"type": "Feature", "properties": {"t": "2026-04-21T08:25:00+00:00Z", "z_m": 17.031210176544594}, "geometry": {"type": "Point", "coordinates": [-113.53089744859017, 53.74317305644519]}}, {"type": "Feature", "properties": {"t": "2026-04-21T08:25:00+00:00Z", "z_m": 13.730677115513842}, "geometry": {"type": "Point", "coordinates": [-113.52835720506322, 53.74478726282971]}}, {"type": "Feature", "properties": {"t": "2026-04-21T08:25:00+00:00Z", "z_m": 20.0}, "geometry": {"type": "Point", "coordinates": [-113.5358240076127, 53.745832543305745]}}, {"type": "Feature", "properties": {"t": "2026-04-21T08:25:00+00:00Z", "z_m": 5.879011807465335}, "geometry": {"type": "Point", "coordinates": [-113.55559801747253, 53.73487200072765]}}, {"type": "Feature", "properties": {"t": "2026-04-21T08:25:00+00:00Z", "z_m": 19.45313814833205}, "geometry": {"type": "Point", "coordinates": [-113.535985499316, 53.748424578492155]}}, {"type": "Feature", "properties": {"t": "2026-04-21T08:25:00+00:00Z", "z_m": 19.38121933661621}, "geometry": {"type": "Point", "coordinates": [-113.5525050074137, 53.74088367067358]}}, {"type": "Feature", "properties": {"t": "2026-04-21T08:25:00+00:00Z", "z_m": 20.0}, "geometry": {"type": "Point", "coordinates": [-113.5333952842698, 53.74964856256125]}}, {"type": "Feature", "properties": {"t": "2026-04-21T08:20:00+00:00Z", "z_m": 19.946196095291942}, "geometry": {"type": "Point", "coordinates": [-113.54989007752161, 53.7410907149156]}}, {"type": "Feature", "properties": {"t": "2026-04-21T08:20:00+00:00Z", "z_m": 11.414988743865317}, "geometry": {"type": "Point", "coordinates": [-113.54562682428633, 53.755918094973126]}}, {"type": "Feature", "properties": {"t": "2026-04-21T08:20:00+00:00Z", "z_m": 16.825993093711364}, "geometry": {"type": "Point", "coordinates": [-113.54480822679716, 53.75530067179056]}}, {"type": "Feature", "properties": {"t": "2026-04-21T08:20:00+00:00Z", "z_m": 20.0}, "geometry": {"type": "Point", "coordinates": [-113.54431682223543, 53.75744903903587]}}, {"type": "Feature", "properties": {"t": "2026-04-21T08:20:00+00:00Z", "z_m": 17.97885013212178}, "geometry": {"type": "Point", "coordinates": [-113.53953730791656, 53.75251250624964]}}, {"type": "Feature", "properties": {"t": "2026-04-21T08:20:00+00:00Z", "z_m": 13.433020733886098}, "geometry": {"type": "Point", "coordinates": [-113.53820300620725, 53.74833439449861]}}, {"type": "Feature", "properties": {"t": "2026-04-21T08:20:00+00:00Z", "z_m": 8.803473777427442}, "geometry": {"type": "Point", "coordinates": [-113.53569079864792, 53.74966751918558]}}, {"type": "Feature", "properties": {"t": "2026-04-21T08:20:00+00:00Z", "z_m": 14.644517431268152}, "geometry": {"type": "Point", "coordinates": [-113.54095951283087, 53.7542218847547]}}, {"type": "Feature", "properties": {"t": "2026-04-21T08:20:00+00:00Z", "z_m": 17.07793245857668}, "geometry": {"type": "Point", "coordinates": [-113.53560321405573, 53.750279521092196]}}, {"type": "Feature", "properties": {"t": "2026-04-21T08:20:00+00:00Z", "z_m": 18.294546133413753}, "geometry": {"type": "Point", "coordinates": [-113.53842904736506, 53.750047041214785]}}, {"type": "Feature", "properties": {"t": "2026-04-21T08:20:00+00:00Z", "z_m": 19.56737873584735}, "geometry": {"type": "Point", "coordinates": [-113.53854411140658, 53.747864801590524]}}, {"type": "Feature", "properties": {"t": "2026-04-21T08:20:00+00:00Z", "z_m": 12.164497248775627}, "geometry": {"type": "Point", "coordinates": [-113.53451384899861, 53.74894145238487]}}, {"type": "Feature", "properties": {"t": "2026-04-21T08:20:00+00:00Z", "z_m": 16.71580987540148}, "geometry": {"type": "Point", "coordinates": [-113.53307734952902, 53.748193476572915]}}, {"type": "Feature", "properties": {"t": "2026-04-21T08:20:00+00:00Z", "z_m": 8.448285131461974}, "geometry": {"type": "Point", "coordinates": [-113.54114020830099, 53.74848213892196]}}, {"type": "Feature", "properties": {"t": "2026-04-21T08:20:00+00:00Z", "z_m": 8.180927966997093}, "geometry": {"type": "Point", "coordinates": [-113.53852021021436, 53.75056729409357]}}, {"type": "Feature", "properties": {"t": "2026-04-21T08:20:00+00:00Z", "z_m": 17.807343857309114}, "geometry": {"type": "Point", "coordinates": [-113.5537839241367, 53.74442649313512]}}, {"type": "Feature", "properties": {"t": "2026-04-21T08:20:00+00:00Z", "z_m": 15.428719530933678}, "geometry": {"type": "Point", "coordinates": [-113.55648140420888, 53.748184543505715]}}, {"type": "Feature", "properties": {"t": "2026-04-21T08:20:00+00:00Z", "z_m": 16.196838012714846}, "geometry": {"type": "Point", "coordinates": [-113.54477797953477, 53.756328199892835]}}, {"type": "Feature", "properties": {"t": "2026-04-21T08:20:00+00:00Z", "z_m": 19.682412784961517}, "geometry": {"type": "Point", "coordinates": [-113.53235601976698, 53.74207227158017]}}, {"type": "Feature", "properties": {"t": "2026-04-21T08:20:00+00:00Z", "z_m": 17.272504922980026}, "geometry": {"type": "Point", "coordinates": [-113.54579470415372, 53.75676404185958]}}, {"type": "Feature", "properties": {"t": "2026-04-21T08:20:00+00:00Z", "z_m": 2.0}, "geometry": {"type": "Point", "coordinates": [-113.5443907445687, 53.75072897753504]}}, {"type": "Feature", "properties": {"t": "2026-04-21T08:20:00+00:00Z", "z_m": 18.554149626897534}, "geometry": {"type": "Point", "coordinates": [-113.54427907061569, 53.7522850526243]}}, {"type": "Feature", "properties": {"t": "2026-04-21T08:20:00+00:00Z", "z_m": 12.175658236380244}, "geometry": {"type": "Point", "coordinates": [-113.55676534637234, 53.743857394037306]}}, {"type": "Feature", "properties": {"t": "2026-04-21T08:20:00+00:00Z", "z_m": 16.188988681389663}, "geometry": {"type": "Point", "coordinates": [-113.55946676257652, 53.747384184486165]}}, {"type": "Feature", "properties": {"t": "2026-04-21T08:20:00+00:00Z", "z_m": 17.166815664684986}, "geometry": {"type": "Point", "coordinates": [-113.54033551292864, 53.74967925036703]}}, {"type": "Feature", "properties": {"t": "2026-04-21T08:20:00+00:00Z", "z_m": 10.14878078959282}, "geometry": {"type": "Point", "coordinates": [-113.53276918489112, 53.746732152106624]}}, {"type": "Feature", "properties": {"t": "2026-04-21T08:20:00+00:00Z", "z_m": 9.539060143080183}, "geometry": {"type": "Point", "coordinates": [-113.54036194537741, 53.75222200044198]}}, {"type": "Feature", "properties": {"t": "2026-04-21T08:20:00+00:00Z", "z_m": 19.388325111016595}, "geometry": {"type": "Point", "coordinates": [-113.53865927215142, 53.75438470825633]}}, {"type": "Feature", "properties": {"t": "2026-04-21T08:20:00+00:00Z", "z_m": 8.797953716214268}, "geometry": {"type": "Point", "coordinates": [-113.5567407408309, 53.747775467142]}}, {"type": "Feature", "properties": {"t": "2026-04-21T08:20:00+00:00Z", "z_m": 19.350908635719193}, "geometry": {"type": "Point", "coordinates": [-113.52448343400982, 53.753286965865094]}}, {"type": "Feature", "properties": {"t": "2026-04-21T08:20:00+00:00Z", "z_m": 13.091669109324698}, "geometry": {"type": "Point", "coordinates": [-113.53882328509174, 53.75243058795563]}}, {"type": "Feature", "properties": {"t": "2026-04-21T08:20:00+00:00Z", "z_m": 17.535144607039907}, "geometry": {"type": "Point", "coordinates": [-113.54100298942213, 53.753266365856]}}, {"type": "Feature", "properties": {"t": "2026-04-21T08:20:00+00:00Z", "z_m": 15.419776406136714}, "geometry": {"type": "Point", "coordinates": [-113.53881427187964, 53.75321707507636]}}, {"type": "Feature", "properties": {"t": "2026-04-21T08:20:00+00:00Z", "z_m": 11.97812962261055}, "geometry": {"type": "Point", "coordinates": [-113.55267251342032, 53.74356641957088]}}, {"type": "Feature", "properties": {"t": "2026-04-21T08:20:00+00:00Z", "z_m": 10.37645365810276}, "geometry": {"type": "Point", "coordinates": [-113.55323285848475, 53.74582157064325]}}, {"type": "Feature", "properties": {"t": "2026-04-21T08:20:00+00:00Z", "z_m": 6.3563522195401125}, "geometry": {"type": "Point", "coordinates": [-113.53348037635647, 53.74897542336127]}}, {"type": "Feature", "properties": {"t": "2026-04-21T08:20:00+00:00Z", "z_m": 14.173636371216965}, "geometry": {"type": "Point", "coordinates": [-113.53212696971188, 53.7450824246823]}}, {"type": "Feature", "properties": {"t": "2026-04-21T08:20:00+00:00Z", "z_m": 15.467505020496002}, "geometry": {"type": "Point", "coordinates": [-113.55167166279314, 53.75621402402002]}}, {"type": "Feature", "properties": {"t": "2026-04-21T08:20:00+00:00Z", "z_m": 19.78115807856271}, "geometry": {"type": "Point", "coordinates": [-113.53603579875107, 53.749982328519195]}}, {"type": "Feature", "properties": {"t": "2026-04-21T08:20:00+00:00Z", "z_m": 10.696732477774184}, "geometry": {"type": "Point", "coordinates": [-113.55861390324782, 53.740281065585194]}}, {"type": "Feature", "properties": {"t": "2026-04-21T08:20:00+00:00Z", "z_m": 17.11499584771451}, "geometry": {"type": "Point", "coordinates": [-113.5367446605366, 53.75279802156073]}}, {"type": "Feature", "properties": {"t": "2026-04-21T08:20:00+00:00Z", "z_m": 18.115062205476814}, "geometry": {"type": "Point", "coordinates": [-113.53608151913942, 53.74887913480226]}}, {"type": "Feature", "properties": {"t": "2026-04-21T08:20:00+00:00Z", "z_m": 17.852570076672524}, "geometry": {"type": "Point", "coordinates": [-113.55837494307593, 53.74090412763604]}}, {"type": "Feature", "properties": {"t": "2026-04-21T08:20:00+00:00Z", "z_m": 14.512907176110652}, "geometry": {"type": "Point", "coordinates": [-113.53440577396029, 53.746786729257295]}}, {"type": "Feature", "properties": {"t": "2026-04-21T08:20:00+00:00Z", "z_m": 12.385635016927358}, "geometry": {"type": "Point", "coordinates": [-113.52974040787687, 53.747015545135234]}}, {"type": "Feature", "properties": {"t": "2026-04-21T08:20:00+00:00Z", "z_m": 16.687737307350368}, "geometry": {"type": "Point", "coordinates": [-113.5390635090284, 53.74941135640018]}}, {"type": "Feature", "properties": {"t": "2026-04-21T08:20:00+00:00Z", "z_m": 8.179887296560839}, "geometry": {"type": "Point", "coordinates": [-113.55796193603925, 53.73760586083937]}}, {"type": "Feature", "properties": {"t": "2026-04-21T08:20:00+00:00Z", "z_m": 18.5327578072441}, "geometry": {"type": "Point", "coordinates": [-113.53822475975919, 53.752034992289744]}}, {"type": "Feature", "properties": {"t": "2026-04-21T08:20:00+00:00Z", "z_m": 18.163703663714962}, "geometry": {"type": "Point", "coordinates": [-113.55610393270766, 53.74334986128031]}}, {"type": "Feature", "properties": {"t": "2026-04-21T08:20:00+00:00Z", "z_m": 19.985283778891045}, "geometry": {"type": "Point", "coordinates": [-113.53563326275234, 53.75261190637968]}}, {"type": "Feature", "properties": {"t": "2026-04-21T08:15:00+00:00Z", "z_m": 19.1394425201069}, "geometry": {"type": "Point", "coordinates": [-113.55432495532371, 53.742851563044745]}}, {"type": "Feature", "properties": {"t": "2026-04-21T08:15:00+00:00Z", "z_m": 8.492032579249209}, "geometry": {"type": "Point", "coordinates": [-113.54911698958244, 53.7602714996215]}}, {"type": "Feature", "properties": {"t": "2026-04-21T08:15:00+00:00Z", "z_m": 16.816670417706607}, "geometry": {"type": "Point", "coordinates": [-113.5474000644724, 53.75889496987031]}}, {"type": "Feature", "properties": {"t": "2026-04-21T08:15:00+00:00Z", "z_m": 20.0}, "geometry": {"type": "Point", "coordinates": [-113.54750482426957, 53.76031152022178]}}, {"type": "Feature", "properties": {"t": "2026-04-21T08:15:00+00:00Z", "z_m": 17.820710811723075}, "geometry": {"type": "Point", "coordinates": [-113.54162473512773, 53.75409193062852]}}, {"type": "Feature", "properties": {"t": "2026-04-21T08:15:00+00:00Z", "z_m": 14.554134821768084}, "geometry": {"type": "Point", "coordinates": [-113.54187068511058, 53.751609936635425]}}, {"type": "Feature", "properties": {"t": "2026-04-21T08:15:00+00:00Z", "z_m": 11.166625402150647}, "geometry": {"type": "Point", "coordinates": [-113.53967437822207, 53.75181352924383]}}, {"type": "Feature", "properties": {"t": "2026-04-21T08:15:00+00:00Z", "z_m": 13.311903467234792}, "geometry": {"type": "Point", "coordinates": [-113.54615611650401, 53.757489824743345]}}, {"type": "Feature", "properties": {"t": "2026-04-21T08:15:00+00:00Z", "z_m": 17.413794729473246}, "geometry": {"type": "Point", "coordinates": [-113.53964268340602, 53.75446906005222]}}, {"type": "Feature", "properties": {"t": "2026-04-21T08:15:00+00:00Z", "z_m": 15.409362582726025}, "geometry": {"type": "Point", "coordinates": [-113.53806670566382, 53.75413940769214]}}, {"type": "Feature", "properties": {"t": "2026-04-21T08:15:00+00:00Z", "z_m": 15.758142287011612}, "geometry": {"type": "Point", "coordinates": [-113.5376537769714, 53.749700898562864]}}, {"type": "Feature", "properties": {"t": "2026-04-21T08:15:00+00:00Z", "z_m": 13.04471263651862}, "geometry": {"type": "Point", "coordinates": [-113.53832868150147, 53.75136940357678]}}, {"type": "Feature", "properties": {"t": "2026-04-21T08:15:00+00:00Z", "z_m": 16.664498646771932}, "geometry": {"type": "Point", "coordinates": [-113.53712020816148, 53.7508073147248]}}, {"type": "Feature", "properties": {"t": "2026-04-21T08:15:00+00:00Z", "z_m": 9.807972976948934}, "geometry": {"type": "Point", "coordinates": [-113.54320069792826, 53.75356226330986]}}, {"type": "Feature", "properties": {"t": "2026-04-21T08:15:00+00:00Z", "z_m": 8.956350953563263}, "geometry": {"type": "Point", "coordinates": [-113.54090216637947, 53.75359900548525]}}, {"type": "Feature", "properties": {"t": "2026-04-21T08:15:00+00:00Z", "z_m": 19.887578438254955}, "geometry": {"type": "Point", "coordinates": [-113.55712094231991, 53.74593400104278]}}, {"type": "Feature", "properties": {"t": "2026-04-21T08:15:00+00:00Z", "z_m": 16.123637971897605}, "geometry": {"type": "Point", "coordinates": [-113.56012893828283, 53.751165108486504]}}, {"type": "Feature", "properties": {"t": "2026-04-21T08:15:00+00:00Z", "z_m": 13.609082975967636}, "geometry": {"type": "Point", "coordinates": [-113.54484875914319, 53.75928212973536]}}, {"type": "Feature", "properties": {"t": "2026-04-21T08:15:00+00:00Z", "z_m": 18.660246598513766}, "geometry": {"type": "Point", "coordinates": [-113.53289746285674, 53.745118644854756]}}, {"type": "Feature", "properties": {"t": "2026-04-21T08:15:00+00:00Z", "z_m": 19.01890529320831}, "geometry": {"type": "Point", "coordinates": [-113.54864349387846, 53.75929929676582]}}, {"type": "Feature", "properties": {"t": "2026-04-21T08:15:00+00:00Z", "z_m": 3.533020577089783}, "geometry": {"type": "Point", "coordinates": [-113.54811667533839, 53.753590945442056]}}, {"type": "Feature", "properties": {"t": "2026-04-21T08:15:00+00:00Z", "z_m": 18.616970102375657}, "geometry": {"type": "Point", "coordinates": [-113.54843018205335, 53.75665031320558]}}, {"type": "Feature", "properties": {"t": "2026-04-21T08:15:00+00:00Z", "z_m": 8.176819813040057}, "geometry": {"type": "Point", "coordinates": [-113.55807357783286, 53.747283604167606]}}, {"type": "Feature", "properties": {"t": "2026-04-21T08:15:00+00:00Z", "z_m": 16.520478265462042}, "geometry": {"type": "Point", "coordinates": [-113.55886421425727, 53.748620476367066]}}, {"type": "Feature", "properties": {"t": "2026-04-21T08:15:00+00:00Z", "z_m": 19.30435896739617}, "geometry": {"type": "Point", "coordinates": [-113.5408006313522, 53.75220592365717]}}, {"type": "Feature", "properties": {"t": "2026-04-21T08:15:00+00:00Z", "z_m": 10.652850215642667}, "geometry": {"type": "Point", "coordinates": [-113.53502813124246, 53.749911702743674]}}, {"type": "Feature", "properties": {"t": "2026-04-21T08:15:00+00:00Z", "z_m": 11.161827024805826}, "geometry": {"type": "Point", "coordinates": [-113.54311657650618, 53.75502157016197]}}, {"type": "Feature", "properties": {"t": "2026-04-21T08:15:00+00:00Z", "z_m": 19.46114369535536}, "geometry": {"type": "Point", "coordinates": [-113.54034462551387, 53.75691511986241]}}, {"type": "Feature", "properties": {"t": "2026-04-21T08:15:00+00:00Z", "z_m": 9.871609710072097}, "geometry": {"type": "Point", "coordinates": [-113.55858810241713, 53.749641485735005]}}, {"type": "Feature", "properties": {"t": "2026-04-21T08:15:00+00:00Z", "z_m": 17.586655367573798}, "geometry": {"type": "Point", "coordinates": [-113.5248844127459, 53.7558844498299]}}, {"type": "Feature", "properties": {"t": "2026-04-21T08:15:00+00:00Z", "z_m": 9.792961059724146}, "geometry": {"type": "Point", "coordinates": [-113.54584701731623, 53.75597183485149]}}, {"type": "Feature", "properties": {"t": "2026-04-21T08:15:00+00:00Z", "z_m": 18.22948660336935}, "geometry": {"type": "Point", "coordinates": [-113.54496737814893, 53.75529258663561]}}, {"type": "Feature", "properties": {"t": "2026-04-21T08:15:00+00:00Z", "z_m": 16.33898120456256}, "geometry": {"type": "Point", "coordinates": [-113.53947376252917, 53.75509385075264]}}, {"type": "Feature", "properties": {"t": "2026-04-21T08:15:00+00:00Z", "z_m": 10.67562885788859}, "geometry": {"type": "Point", "coordinates": [-113.55604906451772, 53.74787103661157]}}, {"type": "Feature", "properties": {"t": "2026-04-21T08:15:00+00:00Z", "z_m": 12.272901828801485}, "geometry": {"type": "Point", "coordinates": [-113.55671172792613, 53.748882050748485]}}, {"type": "Feature", "properties": {"t": "2026-04-21T08:15:00+00:00Z", "z_m": 6.495175855851864}, "geometry": {"type": "Point", "coordinates": [-113.53608617734177, 53.752955117459145]}}, {"type": "Feature", "properties": {"t": "2026-04-21T08:15:00+00:00Z", "z_m": 13.036266776995522}, "geometry": {"type": "Point", "coordinates": [-113.53448574447388, 53.74843617197294]}}, {"type": "Feature", "properties": {"t": "2026-04-21T08:15:00+00:00Z", "z_m": 13.452565536948962}, "geometry": {"type": "Point", "coordinates": [-113.55456590145145, 53.75821309109687]}}, {"type": "Feature", "properties": {"t": "2026-04-21T08:15:00+00:00Z", "z_m": 17.056545676332526}, "geometry": {"type": "Point", "coordinates": [-113.53905402942242, 53.75324229768496]}}, {"type": "Feature", "properties": {"t": "2026-04-21T08:15:00+00:00Z", "z_m": 10.351548218867055}, "geometry": {"type": "Point", "coordinates": [-113.56022050129373, 53.7436135239782]}}, {"type": "Feature", "properties": {"t": "2026-04-21T08:15:00+00:00Z", "z_m": 15.757792097648618}, "geometry": {"type": "Point", "coordinates": [-113.54053707371372, 53.75590419476574]}}, {"type": "Feature", "properties": {"t": "2026-04-21T08:15:00+00:00Z", "z_m": 20.0}, "geometry": {"type": "Point", "coordinates": [-113.54107864489026, 53.751548529035546]}}, {"type": "Feature", "properties": {"t": "2026-04-21T08:15:00+00:00Z", "z_m": 19.699054569897395}, "geometry": {"type": "Point", "coordinates": [-113.5599511670827, 53.743800072623856]}}, {"type": "Feature", "properties": {"t": "2026-04-21T08:15:00+00:00Z", "z_m": 15.093473758122531}, "geometry": {"type": "Point", "coordinates": [-113.53574844313465, 53.750117065442886]}}, {"type": "Feature", "properties": {"t": "2026-04-21T08:15:00+00:00Z", "z_m": 8.487890632643856}, "geometry": {"type": "Point", "coordinates": [-113.53380798670126, 53.75068244659378]}}, {"type": "Feature", "properties": {"t": "2026-04-21T08:15:00+00:00Z", "z_m": 14.63808505260309}, "geometry": {"type": "Point", "coordinates": [-113.53913086940906, 53.75248135436343]}}, {"type": "Feature", "properties": {"t": "2026-04-21T08:15:00+00:00Z", "z_m": 11.283642412717768}, "geometry": {"type": "Point", "coordinates": [-113.56137733411639, 53.74029046893098]}}, {"type": "Feature", "properties": {"t": "2026-04-21T08:15:00+00:00Z", "z_m": 17.930313075145854}, "geometry": {"type": "Point", "coordinates": [-113.54119618450865, 53.75434314592111]}}, {"type": "Feature", "properties": {"t": "2026-04-21T08:15:00+00:00Z", "z_m": 16.348079731846315}, "geometry": {"type": "Point", "coordinates": [-113.55710270452191, 53.74579850740909]}}, {"type": "Feature", "properties": {"t": "2026-04-21T08:15:00+00:00Z", "z_m": 19.793233556933394}, "geometry": {"type": "Point", "coordinates": [-113.54118433473855, 53.75495599020444]}}, {"type": "Feature", "properties": {"t": "2026-04-21T08:10:00+00:00Z", "z_m": 17.94567140478509}, "geometry": {"type": "Point", "coordinates": [-113.55773176448695, 53.746250905673755]}}, {"type": "Feature", "properties": {"t": "2026-04-21T08:10:00+00:00Z", "z_m": 8.79039888940546}, "geometry": {"type": "Point", "coordinates": [-113.5517376641196, 53.764197469667636]}}, {"type": "Feature", "properties": {"t": "2026-04-21T08:10:00+00:00Z", "z_m": 15.549243294626194}, "geometry": {"type": "Point", "coordinates": [-113.55018877036967, 53.76175606774837]}}, {"type": "Feature", "properties": {"t": "2026-04-21T08:10:00+00:00Z", "z_m": 16.19952825383985}, "geometry": {"type": "Point", "coordinates": [-113.55092669759871, 53.76318727068632]}}, {"type": "Feature", "properties": {"t": "2026-04-21T08:10:00+00:00Z", "z_m": 15.32043240616791}, "geometry": {"type": "Point", "coordinates": [-113.5450273029615, 53.755835423271314]}}, {"type": "Feature", "properties": {"t": "2026-04-21T08:10:00+00:00Z", "z_m": 11.15772044113929}, "geometry": {"type": "Point", "coordinates": [-113.54646112362124, 53.755065730166045]}}, {"type": "Feature", "properties": {"t": "2026-04-21T08:10:00+00:00Z", "z_m": 8.415703095484426}, "geometry": {"type": "Point", "coordinates": [-113.5436784050226, 53.75452149327018]}}, {"type": "Feature", "properties": {"t": "2026-04-21T08:10:00+00:00Z", "z_m": 10.987466252987383}, "geometry": {"type": "Point", "coordinates": [-113.55110415174647, 53.760267541220465]}}, {"type": "Feature", "properties": {"t": "2026-04-21T08:10:00+00:00Z", "z_m": 15.462969490258693}, "geometry": {"type": "Point", "coordinates": [-113.54534797040436, 53.75819707240979]}}, {"type": "Feature", "properties": {"t": "2026-04-21T08:10:00+00:00Z", "z_m": 15.680777159178476}, "geometry": {"type": "Point", "coordinates": [-113.54004184285246, 53.75714815097585]}}, {"type": "Feature", "properties": {"t": "2026-04-21T08:10:00+00:00Z", "z_m": 18.389655669432535}, "geometry": {"type": "Point", "coordinates": [-113.53976573787882, 53.75354876987498]}}, {"type": "Feature", "properties": {"t": "2026-04-21T08:10:00+00:00Z", "z_m": 13.478598061522545}, "geometry": {"type": "Point", "coordinates": [-113.54164352493218, 53.75369210829861]}}, {"type": "Feature", "properties": {"t": "2026-04-21T08:10:00+00:00Z", "z_m": 18.302032321260146}, "geometry": {"type": "Point", "coordinates": [-113.53983904740004, 53.753710840958455]}}, {"type": "Feature", "properties": {"t": "2026-04-21T08:10:00+00:00Z", "z_m": 12.755395626817098}, "geometry": {"type": "Point", "coordinates": [-113.54616214529743, 53.75724380185434]}}, {"type": "Feature", "properties": {"t": "2026-04-21T08:10:00+00:00Z", "z_m": 5.9737580394961265}, "geometry": {"type": "Point", "coordinates": [-113.54688072388032, 53.75640452480419]}}, {"type": "Feature", "properties": {"t": "2026-04-21T08:10:00+00:00Z", "z_m": 20.0}, "geometry": {"type": "Point", "coordinates": [-113.55816248747618, 53.749109601493224]}}, {"type": "Feature", "properties": {"t": "2026-04-21T08:10:00+00:00Z", "z_m": 16.565750837720667}, "geometry": {"type": "Point", "coordinates": [-113.5642491352938, 53.75309337356672]}}, {"type": "Feature", "properties": {"t": "2026-04-21T08:10:00+00:00Z", "z_m": 14.72552109802288}, "geometry": {"type": "Point", "coordinates": [-113.54725844568078, 53.76077226384343]}}, {"type": "Feature", "properties": {"t": "2026-04-21T08:10:00+00:00Z", "z_m": 17.856396342819433}, "geometry": {"type": "Point", "coordinates": [-113.53385005351703, 53.748301663027654]}}, {"type": "Feature", "properties": {"t": "2026-04-21T08:10:00+00:00Z", "z_m": 20.0}, "geometry": {"type": "Point", "coordinates": [-113.55101235913116, 53.761297676852095]}}, {"type": "Feature", "properties": {"t": "2026-04-21T08:10:00+00:00Z", "z_m": 3.670669763068996}, "geometry": {"type": "Point", "coordinates": [-113.5510494755255, 53.75772062422983]}}, {"type": "Feature", "properties": {"t": "2026-04-21T08:10:00+00:00Z", "z_m": 19.345552569464278}, "geometry": {"type": "Point", "coordinates": [-113.55142146435071, 53.76000339241219]}}, {"type": "Feature", "properties": {"t": "2026-04-21T08:10:00+00:00Z", "z_m": 8.891939765941757}, "geometry": {"type": "Point", "coordinates": [-113.56096176113319, 53.75155695823936]}}, {"type": "Feature", "properties": {"t": "2026-04-21T08:10:00+00:00Z", "z_m": 18.11148691513361}, "geometry": {"type": "Point", "coordinates": [-113.55797568387173, 53.75343738227042]}}, {"type": "Feature", "properties": {"t": "2026-04-21T08:10:00+00:00Z", "z_m": 20.0}, "geometry": {"type": "Point", "coordinates": [-113.54349245290945, 53.7549365275008]}}, {"type": "Feature", "properties": {"t": "2026-04-21T08:10:00+00:00Z", "z_m": 8.659719687936745}, "geometry": {"type": "Point", "coordinates": [-113.53859888036943, 53.753010171492846]}}, {"type": "Feature", "properties": {"t": "2026-04-21T08:10:00+00:00Z", "z_m": 9.989066951827898}, "geometry": {"type": "Point", "coordinates": [-113.54626439057743, 53.75618161813386]}}, {"type": "Feature", "properties": {"t": "2026-04-21T08:10:00+00:00Z", "z_m": 20.0}, "geometry": {"type": "Point", "coordinates": [-113.54452780001688, 53.759298764301754]}}, {"type": "Feature", "properties": {"t": "2026-04-21T08:10:00+00:00Z", "z_m": 7.802505373515528}, "geometry": {"type": "Point", "coordinates": [-113.56170171361433, 53.75316498640804]}}, {"type": "Feature", "properties": {"t": "2026-04-21T08:10:00+00:00Z", "z_m": 19.118278995747986}, "geometry": {"type": "Point", "coordinates": [-113.529343702999, 53.75696125696944]}}, {"type": "Feature", "properties": {"t": "2026-04-21T08:10:00+00:00Z", "z_m": 9.64793009663674}, "geometry": {"type": "Point", "coordinates": [-113.54830269309977, 53.759242125830895]}}, {"type": "Feature", "properties": {"t": "2026-04-21T08:10:00+00:00Z", "z_m": 19.14179828002793}, "geometry": {"type": "Point", "coordinates": [-113.54601588405465, 53.757764807007575]}}, {"type": "Feature", "properties": {"t": "2026-04-21T08:10:00+00:00Z", "z_m": 13.123907560213787}, "geometry": {"type": "Point", "coordinates": [-113.54519600120234, 53.757553884964985]}}, {"type": "Feature", "properties": {"t": "2026-04-21T08:10:00+00:00Z", "z_m": 13.945010545446173}, "geometry": {"type": "Point", "coordinates": [-113.55623478886771, 53.75219652235646]}}, {"type": "Feature", "properties": {"t": "2026-04-21T08:10:00+00:00Z", "z_m": 11.519142370320493}, "geometry": {"type": "Point", "coordinates": [-113.55756164603788, 53.75099979253022]}}, {"type": "Feature", "properties": {"t": "2026-04-21T08:10:00+00:00Z", "z_m": 8.421655595587808}, "geometry": {"type": "Point", "coordinates": [-113.53859363835295, 53.75513752085846]}}, {"type": "Feature", "properties": {"t": "2026-04-21T08:10:00+00:00Z", "z_m": 11.808023933841131}, "geometry": {"type": "Point", "coordinates": [-113.53864922989219, 53.7516890603144]}}, {"type": "Feature", "properties": {"t": "2026-04-21T08:10:00+00:00Z", "z_m": 14.317586535520784}, "geometry": {"type": "Point", "coordinates": [-113.55613727815594, 53.760913685508456]}}, {"type": "Feature", "properties": {"t": "2026-04-21T08:10:00+00:00Z", "z_m": 18.983523624514408}, "geometry": {"type": "Point", "coordinates": [-113.53965886113338, 53.75578370162042]}}, {"type": "Feature", "properties": {"t": "2026-04-21T08:10:00+00:00Z", "z_m": 8.526856602764415}, "geometry": {"type": "Point", "coordinates": [-113.56260011007181, 53.74611779177456]}}, {"type": "Feature", "properties": {"t": "2026-04-21T08:10:00+00:00Z", "z_m": 12.61357822649859}, "geometry": {"type": "Point", "coordinates": [-113.54627335417749, 53.75675963181582]}}, {"type": "Feature", "properties": {"t": "2026-04-21T08:10:00+00:00Z", "z_m": 19.025660925063274}, "geometry": {"type": "Point", "coordinates": [-113.54451983726226, 53.75461727318622]}}, {"type": "Feature", "properties": {"t": "2026-04-21T08:10:00+00:00Z", "z_m": 19.95416293420338}, "geometry": {"type": "Point", "coordinates": [-113.56192285302409, 53.747447556205856]}}, {"type": "Feature", "properties": {"t": "2026-04-21T08:10:00+00:00Z", "z_m": 14.51815625879205}, "geometry": {"type": "Point", "coordinates": [-113.53966216850958, 53.75327977697905]}}, {"type": "Feature", "properties": {"t": "2026-04-21T08:10:00+00:00Z", "z_m": 7.943579743539915}, "geometry": {"type": "Point", "coordinates": [-113.53756003177799, 53.75282586757106]}}, {"type": "Feature", "properties": {"t": "2026-04-21T08:10:00+00:00Z", "z_m": 10.47994384686499}, "geometry": {"type": "Point", "coordinates": [-113.54172993503121, 53.7551255492712]}}, {"type": "Feature", "properties": {"t": "2026-04-21T08:10:00+00:00Z", "z_m": 11.478596106873315}, "geometry": {"type": "Point", "coordinates": [-113.56412791521285, 53.74276245110734]}}, {"type": "Feature", "properties": {"t": "2026-04-21T08:10:00+00:00Z", "z_m": 18.11071901974153}, "geometry": {"type": "Point", "coordinates": [-113.54221242424369, 53.75622129342582]}}, {"type": "Feature", "properties": {"t": "2026-04-21T08:10:00+00:00Z", "z_m": 18.710486904784254}, "geometry": {"type": "Point", "coordinates": [-113.56005625022549, 53.74817207683509]}}, {"type": "Feature", "properties": {"t": "2026-04-21T08:10:00+00:00Z", "z_m": 19.745515552057686}, "geometry": {"type": "Point", "coordinates": [-113.54548034748024, 53.75682404916478]}}, {"type": "Feature", "properties": {"t": "2026-04-21T08:05:00+00:00Z", "z_m": 17.427160767092154}, "geometry": {"type": "Point", "coordinates": [-113.56003746015126, 53.74955848811967]}}, {"type": "Feature", "properties": {"t": "2026-04-21T08:05:00+00:00Z", "z_m": 10.699461530161383}, "geometry": {"type": "Point", "coordinates": [-113.55758644491344, 53.76719471993161]}}, {"type": "Feature", "properties": {"t": "2026-04-21T08:05:00+00:00Z", "z_m": 15.878477746031399}, "geometry": {"type": "Point", "coordinates": [-113.55248057687102, 53.76447072512691]}}, {"type": "Feature", "properties": {"t": "2026-04-21T08:05:00+00:00Z", "z_m": 17.52521937869213}, "geometry": {"type": "Point", "coordinates": [-113.55506074780783, 53.765066248306056]}}, {"type": "Feature", "properties": {"t": "2026-04-21T08:05:00+00:00Z", "z_m": 15.442380058408261}, "geometry": {"type": "Point", "coordinates": [-113.54758687172966, 53.75783087788231]}}, {"type": "Feature", "properties": {"t": "2026-04-21T08:05:00+00:00Z", "z_m": 11.051398191693439}, "geometry": {"type": "Point", "coordinates": [-113.54798763506176, 53.75879308409776]}}, {"type": "Feature", "properties": {"t": "2026-04-21T08:05:00+00:00Z", "z_m": 10.02846993607406}, "geometry": {"type": "Point", "coordinates": [-113.54788861057905, 53.757819474767466]}}, {"type": "Feature", "properties": {"t": "2026-04-21T08:05:00+00:00Z", "z_m": 12.64641763762288}, "geometry": {"type": "Point", "coordinates": [-113.55376583299442, 53.76453314430227]}}, {"type": "Feature", "properties": {"t": "2026-04-21T08:05:00+00:00Z", "z_m": 11.347884153348168}, "geometry": {"type": "Point", "coordinates": [-113.54848412510086, 53.76077633169602]}}, {"type": "Feature", "properties": {"t": "2026-04-21T08:05:00+00:00Z", "z_m": 14.766234282666385}, "geometry": {"type": "Point", "coordinates": [-113.54409252295723, 53.75822038886898]}}, {"type": "Feature", "properties": {"t": "2026-04-21T08:05:00+00:00Z", "z_m": 16.42651868019641}, "geometry": {"type": "Point", "coordinates": [-113.54175871301375, 53.75625825694852]}}, {"type": "Feature", "properties": {"t": "2026-04-21T08:05:00+00:00Z", "z_m": 13.722271202812651}, "geometry": {"type": "Point", "coordinates": [-113.54573765497227, 53.756245758571374]}}, {"type": "Feature", "properties": {"t": "2026-04-21T08:05:00+00:00Z", "z_m": 17.389170723493866}, "geometry": {"type": "Point", "coordinates": [-113.54720885828148, 53.755364791673834]}}, {"type": "Feature", "properties": {"t": "2026-04-21T08:05:00+00:00Z", "z_m": 12.012233291606503}, "geometry": {"type": "Point", "coordinates": [-113.54857357371401, 53.75920447465564]}}, {"type": "Feature", "properties": {"t": "2026-04-21T08:05:00+00:00Z", "z_m": 8.298635415814877}, "geometry": {"type": "Point", "coordinates": [-113.54983261611544, 53.75907333924453]}}, {"type": "Feature", "properties": {"t": "2026-04-21T08:05:00+00:00Z", "z_m": 17.341616558107816}, "geometry": {"type": "Point", "coordinates": [-113.56203526629764, 53.75318183615322]}}, {"type": "Feature", "properties": {"t": "2026-04-21T08:05:00+00:00Z", "z_m": 17.047723371447773}, "geometry": {"type": "Point", "coordinates": [-113.56831651808822, 53.75702031744338]}}, {"type": "Feature", "properties": {"t": "2026-04-21T08:05:00+00:00Z", "z_m": 16.847275492166734}, "geometry": {"type": "Point", "coordinates": [-113.55196976997493, 53.76057976813559]}}, {"type": "Feature", "properties": {"t": "2026-04-21T08:05:00+00:00Z", "z_m": 17.712109838153626}, "geometry": {"type": "Point", "coordinates": [-113.536114972674, 53.75253204374328]}}, {"type": "Feature", "properties": {"t": "2026-04-21T08:05:00+00:00Z", "z_m": 17.346569073825034}, "geometry": {"type": "Point", "coordinates": [-113.55244270710516, 53.76392209505347]}}, {"type": "Feature", "properties": {"t": "2026-04-21T08:05:00+00:00Z", "z_m": 3.3123273770867283}, "geometry": {"type": "Point", "coordinates": [-113.5535084577137, 53.76059468404486]}}, {"type": "Feature", "properties": {"t": "2026-04-21T08:05:00+00:00Z", "z_m": 18.12378668366508}, "geometry": {"type": "Point", "coordinates": [-113.55475357900563, 53.76242804780242]}}, {"type": "Feature", "properties": {"t": "2026-04-21T08:05:00+00:00Z", "z_m": 9.485916594209392}, "geometry": {"type": "Point", "coordinates": [-113.56394750757315, 53.755784648167335]}}, {"type": "Feature", "properties": {"t": "2026-04-21T08:05:00+00:00Z", "z_m": 18.15404569195058}, "geometry": {"type": "Point", "coordinates": [-113.56159450751797, 53.75471945491769]}}, {"type": "Feature", "properties": {"t": "2026-04-21T08:05:00+00:00Z", "z_m": 20.0}, "geometry": {"type": "Point", "coordinates": [-113.54702760065972, 53.75795038607743]}}, {"type": "Feature", "properties": {"t": "2026-04-21T08:05:00+00:00Z", "z_m": 7.1015048916056305}, "geometry": {"type": "Point", "coordinates": [-113.53872517581635, 53.75765542507808]}}, {"type": "Feature", "properties": {"t": "2026-04-21T08:05:00+00:00Z", "z_m": 12.709137082735822}, "geometry": {"type": "Point", "coordinates": [-113.54848360404897, 53.75892833821484]}}, {"type": "Feature", "properties": {"t": "2026-04-21T08:05:00+00:00Z", "z_m": 18.099804524959467}, "geometry": {"type": "Point", "coordinates": [-113.54891121263289, 53.7608421585731]}}, {"type": "Feature", "properties": {"t": "2026-04-21T08:05:00+00:00Z", "z_m": 6.370426476031104}, "geometry": {"type": "Point", "coordinates": [-113.56370268050274, 53.757131739218615]}}, {"type": "Feature", "properties": {"t": "2026-04-21T08:05:00+00:00Z", "z_m": 19.726991699036134}, "geometry": {"type": "Point", "coordinates": [-113.53330858059716, 53.75908147186871]}}, {"type": "Feature", "properties": {"t": "2026-04-21T08:05:00+00:00Z", "z_m": 8.896087336465355}, "geometry": {"type": "Point", "coordinates": [-113.55114873856704, 53.76108831165457]}}, {"type": "Feature", "properties": {"t": "2026-04-21T08:05:00+00:00Z", "z_m": 17.52659049909959}, "geometry": {"type": "Point", "coordinates": [-113.55126991570991, 53.76020972605715]}}, {"type": "Feature", "properties": {"t": "2026-04-21T08:05:00+00:00Z", "z_m": 14.932165720174007}, "geometry": {"type": "Point", "coordinates": [-113.54621267281051, 53.76070202214006]}}, {"type": "Feature", "properties": {"t": "2026-04-21T08:05:00+00:00Z", "z_m": 13.613140337347428}, "geometry": {"type": "Point", "coordinates": [-113.55981657344913, 53.75703662352443]}}, {"type": "Feature", "properties": {"t": "2026-04-21T08:05:00+00:00Z", "z_m": 13.436211416558903}, "geometry": {"type": "Point", "coordinates": [-113.56138157124586, 53.754215412178]}}, {"type": "Feature", "properties": {"t": "2026-04-21T08:05:00+00:00Z", "z_m": 10.594744285640957}, "geometry": {"type": "Point", "coordinates": [-113.54301041850964, 53.75699285471596]}}, {"type": "Feature", "properties": {"t": "2026-04-21T08:05:00+00:00Z", "z_m": 12.477173230588448}, "geometry": {"type": "Point", "coordinates": [-113.54044653849958, 53.754483254449845]}}, {"type": "Feature", "properties": {"t": "2026-04-21T08:05:00+00:00Z", "z_m": 17.14995648346651}, "geometry": {"type": "Point", "coordinates": [-113.55869759481267, 53.763549696289985]}}, {"type": "Feature", "properties": {"t": "2026-04-21T08:05:00+00:00Z", "z_m": 16.117979156739068}, "geometry": {"type": "Point", "coordinates": [-113.54220028011154, 53.75720234602213]}}, {"type": "Feature", "properties": {"t": "2026-04-21T08:05:00+00:00Z", "z_m": 10.971188335103898}, "geometry": {"type": "Point", "coordinates": [-113.56523447695324, 53.74836962039429]}}, {"type": "Feature", "properties": {"t": "2026-04-21T08:05:00+00:00Z", "z_m": 14.258013981473876}, "geometry": {"type": "Point", "coordinates": [-113.54852335682429, 53.759972562109276]}}, {"type": "Feature", "properties": {"t": "2026-04-21T08:05:00+00:00Z", "z_m": 20.0}, "geometry": {"type": "Point", "coordinates": [-113.54998936012053, 53.75602617637726]}}, {"type": "Feature", "properties": {"t": "2026-04-21T08:05:00+00:00Z", "z_m": 20.0}, "geometry": {"type": "Point", "coordinates": [-113.5655004383423, 53.75080134854377]}}, {"type": "Feature", "properties": {"t": "2026-04-21T08:05:00+00:00Z", "z_m": 16.088401129839998}, "geometry": {"type": "Point", "coordinates": [-113.54741995850496, 53.755770586164665]}}, {"type": "Feature", "properties": {"t": "2026-04-21T08:05:00+00:00Z", "z_m": 6.2752914303641765}, "geometry": {"type": "Point", "coordinates": [-113.54141621942931, 53.75555031239788]}}, {"type": "Feature", "properties": {"t": "2026-04-21T08:05:00+00:00Z", "z_m": 11.55187345621967}, "geometry": {"type": "Point", "coordinates": [-113.5426404394463, 53.75895366825251]}}, {"type": "Feature", "properties": {"t": "2026-04-21T08:05:00+00:00Z", "z_m": 9.99371518883821}, "geometry": {"type": "Point", "coordinates": [-113.56615797402837, 53.74705303690427]}}, {"type": "Feature", "properties": {"t": "2026-04-21T08:05:00+00:00Z", "z_m": 18.616220884683166}, "geometry": {"type": "Point", "coordinates": [-113.54845999312109, 53.75757460671744]}}, {"type": "Feature", "properties": {"t": "2026-04-21T08:05:00+00:00Z", "z_m": 18.478354912106095}, "geometry": {"type": "Point", "coordinates": [-113.5622057892476, 53.75103644916375]}}, {"type": "Feature", "properties": {"t": "2026-04-21T08:05:00+00:00Z", "z_m": 18.70055440248136}, "geometry": {"type": "Point", "coordinates": [-113.54969846330117, 53.7585402451862]}}, {"type": "Feature", "properties": {"t": "2026-04-21T08:00:00+00:00Z", "z_m": 16.246706792218756}, "geometry": {"type": "Point", "coordinates": [-113.5622185009141, 53.752321019793634]}}, {"type": "Feature", "properties": {"t": "2026-04-21T08:00:00+00:00Z", "z_m": 12.335198857778485}, "geometry": {"type": "Point", "coordinates": [-113.56230275583125, 53.76817082319092]}}, {"type": "Feature", "properties": {"t": "2026-04-21T08:00:00+00:00Z", "z_m": 17.62703324791581}, "geometry": {"type": "Point", "coordinates": [-113.55748358129956, 53.76661110363644]}}, {"type": "Feature", "properties": {"t": "2026-04-21T08:00:00+00:00Z", "z_m": 20.0}, "geometry": {"type": "Point", "coordinates": [-113.56079150018823, 53.766560998599935]}}, {"type": "Feature", "properties": {"t": "2026-04-21T08:00:00+00:00Z", "z_m": 16.44943602383475}, "geometry": {"type": "Point", "coordinates": [-113.54819242176268, 53.7614882714608]}}, {"type": "Feature", "properties": {"t": "2026-04-21T08:00:00+00:00Z", "z_m": 11.366276267715595}, "geometry": {"type": "Point", "coordinates": [-113.55262468650653, 53.761359653052345]}}, {"type": "Feature", "properties": {"t": "2026-04-21T08:00:00+00:00Z", "z_m": 11.960551945057652}, "geometry": {"type": "Point", "coordinates": [-113.54885834470633, 53.760903495543154]}}, {"type": "Feature", "properties": {"t": "2026-04-21T08:00:00+00:00Z", "z_m": 12.121359920644784}, "geometry": {"type": "Point", "coordinates": [-113.56060136073242, 53.76668264203706]}}, {"type": "Feature", "properties": {"t": "2026-04-21T08:00:00+00:00Z", "z_m": 11.799200199365893}, "geometry": {"type": "Point", "coordinates": [-113.55338632786497, 53.764468469012265]}}, {"type": "Feature", "properties": {"t": "2026-04-21T08:00:00+00:00Z", "z_m": 15.298204035530885}, "geometry": {"type": "Point", "coordinates": [-113.54652049015291, 53.76034286588002]}}, {"type": "Feature", "properties": {"t": "2026-04-21T08:00:00+00:00Z", "z_m": 17.483072235137502}, "geometry": {"type": "Point", "coordinates": [-113.54640875712835, 53.75843099281672]}}, {"type": "Feature", "properties": {"t": "2026-04-21T08:00:00+00:00Z", "z_m": 13.502652102512489}, "geometry": {"type": "Point", "coordinates": [-113.54620434314782, 53.75995188838819]}}, {"type": "Feature", "properties": {"t": "2026-04-21T08:00:00+00:00Z", "z_m": 18.683924350547414}, "geometry": {"type": "Point", "coordinates": [-113.55197695305974, 53.75842807857454]}}, {"type": "Feature", "properties": {"t": "2026-04-21T08:00:00+00:00Z", "z_m": 12.267393971048381}, "geometry": {"type": "Point", "coordinates": [-113.55314131869815, 53.76074710172587]}}, {"type": "Feature", "properties": {"t": "2026-04-21T08:00:00+00:00Z", "z_m": 7.839358915400495}, "geometry": {"type": "Point", "coordinates": [-113.55095962031476, 53.76177760966526]}}, {"type": "Feature", "properties": {"t": "2026-04-21T08:00:00+00:00Z", "z_m": 17.251057085978672}, "geometry": {"type": "Point", "coordinates": [-113.56491072213568, 53.756146161522956]}}, {"type": "Feature", "properties": {"t": "2026-04-21T08:00:00+00:00Z", "z_m": 18.111565862967296}, "geometry": {"type": "Point", "coordinates": [-113.56844594802878, 53.761116900392224]}}, {"type": "Feature", "properties": {"t": "2026-04-21T08:00:00+00:00Z", "z_m": 16.33311194054062}, "geometry": {"type": "Point", "coordinates": [-113.55349491129911, 53.762936168547384]}}, {"type": "Feature", "properties": {"t": "2026-04-21T08:00:00+00:00Z", "z_m": 20.0}, "geometry": {"type": "Point", "coordinates": [-113.54168903071475, 53.75531968186335]}}, {"type": "Feature", "properties": {"t": "2026-04-21T08:00:00+00:00Z", "z_m": 15.963850795629295}, "geometry": {"type": "Point", "coordinates": [-113.55505194349486, 53.765061317964026]}}, {"type": "Feature", "properties": {"t": "2026-04-21T08:00:00+00:00Z", "z_m": 3.770663983703086}, "geometry": {"type": "Point", "coordinates": [-113.55519785914322, 53.76269177175034]}}, {"type": "Feature", "properties": {"t": "2026-04-21T08:00:00+00:00Z", "z_m": 19.447082842134527}, "geometry": {"type": "Point", "coordinates": [-113.55669370724772, 53.765664801756095]}}, {"type": "Feature", "properties": {"t": "2026-04-21T08:00:00+00:00Z", "z_m": 10.33829765863553}, "geometry": {"type": "Point", "coordinates": [-113.56573932559081, 53.75828867551015]}}, {"type": "Feature", "properties": {"t": "2026-04-21T08:00:00+00:00Z", "z_m": 18.24516659357458}, "geometry": {"type": "Point", "coordinates": [-113.56308808175903, 53.75756319695799]}}, {"type": "Feature", "properties": {"t": "2026-04-21T08:00:00+00:00Z", "z_m": 18.43022529488099}, "geometry": {"type": "Point", "coordinates": [-113.5498131753136, 53.76035720760256]}}, {"type": "Feature", "properties": {"t": "2026-04-21T08:00:00+00:00Z", "z_m": 7.670750782159808}, "geometry": {"type": "Point", "coordinates": [-113.54493053144901, 53.76064105874518]}}, {"type": "Feature", "properties": {"t": "2026-04-21T08:00:00+00:00Z", "z_m": 13.608106379835531}, "geometry": {"type": "Point", "coordinates": [-113.55095086457874, 53.761962173187314]}}, {"type": "Feature", "properties": {"t": "2026-04-21T08:00:00+00:00Z", "z_m": 18.96355526914046}, "geometry": {"type": "Point", "coordinates": [-113.55091536003499, 53.76386073954647]}}, {"type": "Feature", "properties": {"t": "2026-04-21T08:00:00+00:00Z", "z_m": 2.413521970395452}, "geometry": {"type": "Point", "coordinates": [-113.56390521962717, 53.75879545712767]}}, {"type": "Feature", "properties": {"t": "2026-04-21T08:00:00+00:00Z", "z_m": 18.64522556659482}, "geometry": {"type": "Point", "coordinates": [-113.53644740795288, 53.76267700040844]}}, {"type": "Feature", "properties": {"t": "2026-04-21T08:00:00+00:00Z", "z_m": 10.777284248649881}, "geometry": {"type": "Point", "coordinates": [-113.55155985813875, 53.76325581717859]}}, {"type": "Feature", "properties": {"t": "2026-04-21T08:00:00+00:00Z", "z_m": 15.78052468939578}, "geometry": {"type": "Point", "coordinates": [-113.55320011317464, 53.76327552881809]}}, {"type": "Feature", "properties": {"t": "2026-04-21T08:00:00+00:00Z", "z_m": 15.288531893580405}, "geometry": {"type": "Point", "coordinates": [-113.54969394316697, 53.76131443160607]}}, {"type": "Feature", "properties": {"t": "2026-04-21T08:00:00+00:00Z", "z_m": 14.734501295360742}, "geometry": {"type": "Point", "coordinates": [-113.56303676884663, 53.7601383744027]}}, {"type": "Feature", "properties": {"t": "2026-04-21T08:00:00+00:00Z", "z_m": 11.468661110328556}, "geometry": {"type": "Point", "coordinates": [-113.56387403184294, 53.75750470179641]}}, {"type": "Feature", "properties": {"t": "2026-04-21T08:00:00+00:00Z", "z_m": 8.53193880300912}, "geometry": {"type": "Point", "coordinates": [-113.5464295873274, 53.76061968123003]}}, {"type": "Feature", "properties": {"t": "2026-04-21T08:00:00+00:00Z", "z_m": 13.884909509925835}, "geometry": {"type": "Point", "coordinates": [-113.54418762846929, 53.75637942598963]}}, {"type": "Feature", "properties": {"t": "2026-04-21T08:00:00+00:00Z", "z_m": 19.083138389814145}, "geometry": {"type": "Point", "coordinates": [-113.56298320828152, 53.76549593389232]}}, {"type": "Feature", "properties": {"t": "2026-04-21T08:00:00+00:00Z", "z_m": 14.491858308217518}, "geometry": {"type": "Point", "coordinates": [-113.54589926001486, 53.75884629344319]}}, {"type": "Feature", "properties": {"t": "2026-04-21T08:00:00+00:00Z", "z_m": 11.67156622994906}, "geometry": {"type": "Point", "coordinates": [-113.56875879651633, 53.75151666228546]}}, {"type": "Feature", "properties": {"t": "2026-04-21T08:00:00+00:00Z", "z_m": 12.40683370922617}, "geometry": {"type": "Point", "coordinates": [-113.55062317158543, 53.76218678175818]}}, {"type": "Feature", "properties": {"t": "2026-04-21T08:00:00+00:00Z", "z_m": 18.309514499918837}, "geometry": {"type": "Point", "coordinates": [-113.55325664638013, 53.75876807200791]}}, {"type": "Feature", "properties": {"t": "2026-04-21T08:00:00+00:00Z", "z_m": 17.525787438037803}, "geometry": {"type": "Point", "coordinates": [-113.56987780447304, 53.753964977018335]}}, {"type": "Feature", "properties": {"t": "2026-04-21T08:00:00+00:00Z", "z_m": 15.707096410613119}, "geometry": {"type": "Point", "coordinates": [-113.5515054973674, 53.757497956590285]}}, {"type": "Feature", "properties": {"t": "2026-04-21T08:00:00+00:00Z", "z_m": 6.676664232323093}, "geometry": {"type": "Point", "coordinates": [-113.54467903809649, 53.75769843815472]}}, {"type": "Feature", "properties": {"t": "2026-04-21T08:00:00+00:00Z", "z_m": 14.213195705270849}, "geometry": {"type": "Point", "coordinates": [-113.54418239447304, 53.76243148314161]}}, {"type": "Feature", "properties": {"t": "2026-04-21T08:00:00+00:00Z", "z_m": 5.540100783624287}, "geometry": {"type": "Point", "coordinates": [-113.57101598012031, 53.74944218112277]}}, {"type": "Feature", "properties": {"t": "2026-04-21T08:00:00+00:00Z", "z_m": 17.17517319893071}, "geometry": {"type": "Point", "coordinates": [-113.5509001598155, 53.76076528916033]}}, {"type": "Feature", "properties": {"t": "2026-04-21T08:00:00+00:00Z", "z_m": 19.815864125107563}, "geometry": {"type": "Point", "coordinates": [-113.56399488173805, 53.75368750054453]}}, {"type": "Feature", "properties": {"t": "2026-04-21T08:00:00+00:00Z", "z_m": 19.906887036991197}, "geometry": {"type": "Point", "coordinates": [-113.5533906039289, 53.76166855886852]}}, {"type": "Feature", "properties": {"t": "2026-04-21T10:00:00+00:00Z", "z_m": 80.0}, "geometry": {"type": "Point", "coordinates": [-113.48584428458948, 53.54952584995789]}}, {"type": "Feature", "properties": {"t": "2026-04-21T10:00:00+00:00Z", "z_m": 80.0}, "geometry": {"type": "Point", "coordinates": [-113.48589619866468, 53.54960452206419]}}, {"type": "Feature", "properties": {"t": "2026-04-21T10:00:00+00:00Z", "z_m": 80.0}, "geometry": {"type": "Point", "coordinates": [-113.48604140970785, 53.54951127048938]}}, {"type": "Feature", "properties": {"t": "2026-04-21T10:00:00+00:00Z", "z_m": 80.0}, "geometry": {"type": "Point", "coordinates": [-113.48601566641932, 53.54963192743147]}}, {"type": "Feature", "properties": {"t": "2026-04-21T10:00:00+00:00Z", "z_m": 80.0}, "geometry": {"type": "Point", "coordinates": [-113.4861301428631, 53.54957954355212]}}, {"type": "Feature", "properties": {"t": "2026-04-21T10:00:00+00:00Z", "z_m": 80.0}, "geometry": {"type": "Point", "coordinates": [-113.48577888880038, 53.549483139483954]}}, {"type": "Feature", "properties": {"t": "2026-04-21T10:00:00+00:00Z", "z_m": 80.0}, "geometry": {"type": "Point", "coordinates": [-113.4860925707614, 53.54949555145792]}}, {"type": "Feature", "properties": {"t": "2026-04-21T10:00:00+00:00Z", "z_m": 80.0}, "geometry": {"type": "Point", "coordinates": [-113.48600666918219, 53.54947215365105]}}, {"type": "Feature", "properties": {"t": "2026-04-21T10:00:00+00:00Z", "z_m": 80.0}, "geometry": {"type": "Point", "coordinates": [-113.48605596542284, 53.549634359454515]}}, {"type": "Feature", "properties": {"t": "2026-04-21T10:00:00+00:00Z", "z_m": 80.0}, "geometry": {"type": "Point", "coordinates": [-113.48601453183421, 53.54946029345362]}}, {"type": "Feature", "properties": {"t": "2026-04-21T10:00:00+00:00Z", "z_m": 80.0}, "geometry": {"type": "Point", "coordinates": [-113.48614225047373, 53.549584069134085]}}, {"type": "Feature", "properties": {"t": "2026-04-21T10:00:00+00:00Z", "z_m": 80.0}, "geometry": {"type": "Point", "coordinates": [-113.48605272990862, 53.54958151233449]}}, {"type": "Feature", "properties": {"t": "2026-04-21T10:00:00+00:00Z", "z_m": 80.0}, "geometry": {"type": "Point", "coordinates": [-113.48581023577667, 53.54946150081451]}}, {"type": "Feature", "properties": {"t": "2026-04-21T10:00:00+00:00Z", "z_m": 80.0}, "geometry": {"type": "Point", "coordinates": [-113.48615219540638, 53.54946171512568]}}, {"type": "Feature", "properties": {"t": "2026-04-21T10:00:00+00:00Z", "z_m": 80.0}, "geometry": {"type": "Point", "coordinates": [-113.48594676220146, 53.54943274417429]}}, {"type": "Feature", "properties": {"t": "2026-04-21T10:00:00+00:00Z", "z_m": 80.0}, "geometry": {"type": "Point", "coordinates": [-113.48590560738155, 53.549412480608076]}}, {"type": "Feature", "properties": {"t": "2026-04-21T10:00:00+00:00Z", "z_m": 80.0}, "geometry": {"type": "Point", "coordinates": [-113.48600810614674, 53.54946450050732]}}, {"type": "Feature", "properties": {"t": "2026-04-21T10:00:00+00:00Z", "z_m": 80.0}, "geometry": {"type": "Point", "coordinates": [-113.4861064479858, 53.54954386921414]}}, {"type": "Feature", "properties": {"t": "2026-04-21T10:00:00+00:00Z", "z_m": 80.0}, "geometry": {"type": "Point", "coordinates": [-113.48603598337627, 53.54944113208939]}}, {"type": "Feature", "properties": {"t": "2026-04-21T10:00:00+00:00Z", "z_m": 80.0}, "geometry": {"type": "Point", "coordinates": [-113.48578391489976, 53.5495992073573]}}, {"type": "Feature", "properties": {"t": "2026-04-21T10:00:00+00:00Z", "z_m": 80.0}, "geometry": {"type": "Point", "coordinates": [-113.4860439006566, 53.54943193252306]}}, {"type": "Feature", "properties": {"t": "2026-04-21T10:00:00+00:00Z", "z_m": 80.0}, "geometry": {"type": "Point", "coordinates": [-113.4862477088381, 53.54956401218234]}}, {"type": "Feature", "properties": {"t": "2026-04-21T10:00:00+00:00Z", "z_m": 80.0}, "geometry": {"type": "Point", "coordinates": [-113.4859866266032, 53.54960333452992]}}, {"type": "Feature", "properties": {"t": "2026-04-21T10:00:00+00:00Z", "z_m": 80.0}, "geometry": {"type": "Point", "coordinates": [-113.48585394994215, 53.54967794318099]}}, {"type": "Feature", "properties": {"t": "2026-04-21T10:00:00+00:00Z", "z_m": 80.0}, "geometry": {"type": "Point", "coordinates": [-113.48612676769285, 53.54954996461479]}}, {"type": "Feature", "properties": {"t": "2026-04-21T10:00:00+00:00Z", "z_m": 80.0}, "geometry": {"type": "Point", "coordinates": [-113.48606233918696, 53.549414832923695]}}, {"type": "Feature", "properties": {"t": "2026-04-21T10:00:00+00:00Z", "z_m": 80.0}, "geometry": {"type": "Point", "coordinates": [-113.48612384759252, 53.54955827664456]}}, {"type": "Feature", "properties": {"t": "2026-04-21T10:00:00+00:00Z", "z_m": 80.0}, "geometry": {"type": "Point", "coordinates": [-113.48606658163513, 53.54960523173768]}}, {"type": "Feature", "properties": {"t": "2026-04-21T10:00:00+00:00Z", "z_m": 80.0}, "geometry": {"type": "Point", "coordinates": [-113.48591382325102, 53.5494096457061]}}, {"type": "Feature", "properties": {"t": "2026-04-21T10:00:00+00:00Z", "z_m": 80.0}, "geometry": {"type": "Point", "coordinates": [-113.48603791512842, 53.54935148848707]}}, {"type": "Feature", "properties": {"t": "2026-04-21T10:00:00+00:00Z", "z_m": 80.0}, "geometry": {"type": "Point", "coordinates": [-113.48628544045859, 53.54957320607585]}}, {"type": "Feature", "properties": {"t": "2026-04-21T10:00:00+00:00Z", "z_m": 80.0}, "geometry": {"type": "Point", "coordinates": [-113.48598717335844, 53.54947562612585]}}, {"type": "Feature", "properties": {"t": "2026-04-21T10:00:00+00:00Z", "z_m": 80.0}, "geometry": {"type": "Point", "coordinates": [-113.48608096722936, 53.549322318473386]}}, {"type": "Feature", "properties": {"t": "2026-04-21T10:00:00+00:00Z", "z_m": 80.0}, "geometry": {"type": "Point", "coordinates": [-113.48586307316648, 53.54943088904526]}}, {"type": "Feature", "properties": {"t": "2026-04-21T10:00:00+00:00Z", "z_m": 80.0}, "geometry": {"type": "Point", "coordinates": [-113.48600613885225, 53.549519621137335]}}, {"type": "Feature", "properties": {"t": "2026-04-21T10:00:00+00:00Z", "z_m": 80.0}, "geometry": {"type": "Point", "coordinates": [-113.48569493659836, 53.549590887674604]}}, {"type": "Feature", "properties": {"t": "2026-04-21T10:00:00+00:00Z", "z_m": 80.0}, "geometry": {"type": "Point", "coordinates": [-113.4861258526534, 53.54959573999622]}}, {"type": "Feature", "properties": {"t": "2026-04-21T10:00:00+00:00Z", "z_m": 80.0}, "geometry": {"type": "Point", "coordinates": [-113.48594529922245, 53.54952585482423]}}, {"type": "Feature", "properties": {"t": "2026-04-21T10:00:00+00:00Z", "z_m": 80.0}, "geometry": {"type": "Point", "coordinates": [-113.48613257846976, 53.549438750693064]}}, {"type": "Feature", "properties": {"t": "2026-04-21T10:00:00+00:00Z", "z_m": 80.0}, "geometry": {"type": "Point", "coordinates": [-113.48569798977753, 53.54953258870073]}}, {"type": "Feature", "properties": {"t": "2026-04-21T10:00:00+00:00Z", "z_m": 80.0}, "geometry": {"type": "Point", "coordinates": [-113.48607396478671, 53.54949261905872]}}, {"type": "Feature", "properties": {"t": "2026-04-21T10:00:00+00:00Z", "z_m": 80.0}, "geometry": {"type": "Point", "coordinates": [-113.48636455788612, 53.5495360976611]}}, {"type": "Feature", "properties": {"t": "2026-04-21T10:00:00+00:00Z", "z_m": 80.0}, "geometry": {"type": "Point", "coordinates": [-113.48589437369937, 53.54938384040782]}}, {"type": "Feature", "properties": {"t": "2026-04-21T10:00:00+00:00Z", "z_m": 80.0}, "geometry": {"type": "Point", "coordinates": [-113.48580682295864, 53.549473436623124]}}, {"type": "Feature", "properties": {"t": "2026-04-21T10:00:00+00:00Z", "z_m": 80.0}, "geometry": {"type": "Point", "coordinates": [-113.48593479025614, 53.549687988429234]}}, {"type": "Feature", "properties": {"t": "2026-04-21T10:00:00+00:00Z", "z_m": 80.0}, "geometry": {"type": "Point", "coordinates": [-113.48579570605247, 53.54944146750454]}}, {"type": "Feature", "properties": {"t": "2026-04-21T10:00:00+00:00Z", "z_m": 80.0}, "geometry": {"type": "Point", "coordinates": [-113.48603624393762, 53.54941189822163]}}, {"type": "Feature", "properties": {"t": "2026-04-21T10:00:00+00:00Z", "z_m": 80.0}, "geometry": {"type": "Point", "coordinates": [-113.48592503490991, 53.54960130558153]}}, {"type": "Feature", "properties": {"t": "2026-04-21T10:00:00+00:00Z", "z_m": 80.0}, "geometry": {"type": "Point", "coordinates": [-113.48618744830537, 53.54940863509397]}}, {"type": "Feature", "properties": {"t": "2026-04-21T10:00:00+00:00Z", "z_m": 80.0}, "geometry": {"type": "Point", "coordinates": [-113.48602413144077, 53.549685152906505]}}, {"type": "Feature", "properties": {"t": "2026-04-21T09:55:00+00:00Z", "z_m": 18.184342651572983}, "geometry": {"type": "Point", "coordinates": [-113.49270654584971, 53.56661352593012]}}, {"type": "Feature", "properties": {"t": "2026-04-21T09:55:00+00:00Z", "z_m": 18.91668102390009}, "geometry": {"type": "Point", "coordinates": [-113.49125834426644, 53.56485459514335]}}, {"type": "Feature", "properties": {"t": "2026-04-21T09:55:00+00:00Z", "z_m": 19.266961653688092}, "geometry": {"type": "Point", "coordinates": [-113.49199769112747, 53.56528818289341]}}, {"type": "Feature", "properties": {"t": "2026-04-21T09:55:00+00:00Z", "z_m": 17.09048058810365}, "geometry": {"type": "Point", "coordinates": [-113.4903024705813, 53.566293083259765]}}, {"type": "Feature", "properties": {"t": "2026-04-21T09:55:00+00:00Z", "z_m": 19.18680564738767}, "geometry": {"type": "Point", "coordinates": [-113.491671697245, 53.56474324949879]}}, {"type": "Feature", "properties": {"t": "2026-04-21T09:55:00+00:00Z", "z_m": 19.541801329305013}, "geometry": {"type": "Point", "coordinates": [-113.49066841898845, 53.56579614332536]}}, {"type": "Feature", "properties": {"t": "2026-04-21T09:55:00+00:00Z", "z_m": 17.477716636360146}, "geometry": {"type": "Point", "coordinates": [-113.48954616921368, 53.56597168325736]}}, {"type": "Feature", "properties": {"t": "2026-04-21T09:55:00+00:00Z", "z_m": 19.478983654341825}, "geometry": {"type": "Point", "coordinates": [-113.48985310383999, 53.565739186939126]}}, {"type": "Feature", "properties": {"t": "2026-04-21T09:55:00+00:00Z", "z_m": 20.0}, "geometry": {"type": "Point", "coordinates": [-113.49130995352796, 53.56446161035025]}}, {"type": "Feature", "properties": {"t": "2026-04-21T09:55:00+00:00Z", "z_m": 19.951017308195322}, "geometry": {"type": "Point", "coordinates": [-113.49200681861929, 53.5658659496554]}}, {"type": "Feature", "properties": {"t": "2026-04-21T09:55:00+00:00Z", "z_m": 18.705788089768028}, "geometry": {"type": "Point", "coordinates": [-113.49179942584907, 53.56547895559588]}}, {"type": "Feature", "properties": {"t": "2026-04-21T09:55:00+00:00Z", "z_m": 19.322593949176554}, "geometry": {"type": "Point", "coordinates": [-113.49406822817161, 53.56592028389128]}}, {"type": "Feature", "properties": {"t": "2026-04-21T09:55:00+00:00Z", "z_m": 18.250790355348805}, "geometry": {"type": "Point", "coordinates": [-113.49112184704936, 53.56514576427557]}}, {"type": "Feature", "properties": {"t": "2026-04-21T09:55:00+00:00Z", "z_m": 19.369330720686197}, "geometry": {"type": "Point", "coordinates": [-113.49097165506147, 53.565564763363625]}}, {"type": "Feature", "properties": {"t": "2026-04-21T09:55:00+00:00Z", "z_m": 19.69987008368647}, "geometry": {"type": "Point", "coordinates": [-113.49312756560101, 53.56504586853021]}}, {"type": "Feature", "properties": {"t": "2026-04-21T09:55:00+00:00Z", "z_m": 18.97354486750653}, "geometry": {"type": "Point", "coordinates": [-113.49090002759624, 53.56406907056979]}}, {"type": "Feature", "properties": {"t": "2026-04-21T09:55:00+00:00Z", "z_m": 19.160099079997416}, "geometry": {"type": "Point", "coordinates": [-113.49072461410864, 53.566774147403784]}}, {"type": "Feature", "properties": {"t": "2026-04-21T09:55:00+00:00Z", "z_m": 20.0}, "geometry": {"type": "Point", "coordinates": [-113.49163973522457, 53.56738618181238]}}, {"type": "Feature", "properties": {"t": "2026-04-21T09:55:00+00:00Z", "z_m": 20.0}, "geometry": {"type": "Point", "coordinates": [-113.49266948535372, 53.56513128293222]}}, {"type": "Feature", "properties": {"t": "2026-04-21T09:55:00+00:00Z", "z_m": 18.987259344261975}, "geometry": {"type": "Point", "coordinates": [-113.49059293369343, 53.564618895459425]}}, {"type": "Feature", "properties": {"t": "2026-04-21T09:55:00+00:00Z", "z_m": 20.0}, "geometry": {"type": "Point", "coordinates": [-113.49182862071844, 53.565606642516606]}}, {"type": "Feature", "properties": {"t": "2026-04-21T09:55:00+00:00Z", "z_m": 20.0}, "geometry": {"type": "Point", "coordinates": [-113.49213635450587, 53.56620855400459]}}, {"type": "Feature", "properties": {"t": "2026-04-21T09:55:00+00:00Z", "z_m": 19.099582094759825}, "geometry": {"type": "Point", "coordinates": [-113.49168358155474, 53.565337564318384]}}, {"type": "Feature", "properties": {"t": "2026-04-21T09:55:00+00:00Z", "z_m": 19.05677378081287}, "geometry": {"type": "Point", "coordinates": [-113.49215871963989, 53.5664521463]}}, {"type": "Feature", "properties": {"t": "2026-04-21T09:55:00+00:00Z", "z_m": 19.67277434597417}, "geometry": {"type": "Point", "coordinates": [-113.49071149570277, 53.56580149214089]}}, {"type": "Feature", "properties": {"t": "2026-04-21T09:55:00+00:00Z", "z_m": 17.009248810245005}, "geometry": {"type": "Point", "coordinates": [-113.49243844400695, 53.564671822654084]}}, {"type": "Feature", "properties": {"t": "2026-04-21T09:55:00+00:00Z", "z_m": 18.43850699059523}, "geometry": {"type": "Point", "coordinates": [-113.49075001366863, 53.565787190443935]}}, {"type": "Feature", "properties": {"t": "2026-04-21T09:55:00+00:00Z", "z_m": 18.62552160290393}, "geometry": {"type": "Point", "coordinates": [-113.49366574286682, 53.565761809200566]}}, {"type": "Feature", "properties": {"t": "2026-04-21T09:55:00+00:00Z", "z_m": 18.62146377685477}, "geometry": {"type": "Point", "coordinates": [-113.49270983265716, 53.564386134241566]}}, {"type": "Feature", "properties": {"t": "2026-04-21T09:55:00+00:00Z", "z_m": 18.979953385859726}, "geometry": {"type": "Point", "coordinates": [-113.48962409517718, 53.56453340650383]}}, {"type": "Feature", "properties": {"t": "2026-04-21T09:55:00+00:00Z", "z_m": 19.48786989567556}, "geometry": {"type": "Point", "coordinates": [-113.49416290274448, 53.566438108085244]}}, {"type": "Feature", "properties": {"t": "2026-04-21T09:55:00+00:00Z", "z_m": 17.996403932619007}, "geometry": {"type": "Point", "coordinates": [-113.49173142609104, 53.56518948080923]}}, {"type": "Feature", "properties": {"t": "2026-04-21T09:55:00+00:00Z", "z_m": 19.356255074332285}, "geometry": {"type": "Point", "coordinates": [-113.49012467271133, 53.56655182567389]}}, {"type": "Feature", "properties": {"t": "2026-04-21T09:55:00+00:00Z", "z_m": 20.0}, "geometry": {"type": "Point", "coordinates": [-113.49094942724614, 53.565818623729285]}}, {"type": "Feature", "properties": {"t": "2026-04-21T09:55:00+00:00Z", "z_m": 19.938158893903488}, "geometry": {"type": "Point", "coordinates": [-113.49069718128341, 53.5645087347796]}}, {"type": "Feature", "properties": {"t": "2026-04-21T09:55:00+00:00Z", "z_m": 20.0}, "geometry": {"type": "Point", "coordinates": [-113.49027382628705, 53.565490372282866]}}, {"type": "Feature", "properties": {"t": "2026-04-21T09:55:00+00:00Z", "z_m": 20.0}, "geometry": {"type": "Point", "coordinates": [-113.4924808537412, 53.56528406160468]}}, {"type": "Feature", "properties": {"t": "2026-04-21T09:55:00+00:00Z", "z_m": 17.58627997454711}, "geometry": {"type": "Point", "coordinates": [-113.49340871822514, 53.565164952758124]}}, {"type": "Feature", "properties": {"t": "2026-04-21T09:55:00+00:00Z", "z_m": 18.857249449442293}, "geometry": {"type": "Point", "coordinates": [-113.49305444341822, 53.56559185753288]}}, {"type": "Feature", "properties": {"t": "2026-04-21T09:55:00+00:00Z", "z_m": 20.0}, "geometry": {"type": "Point", "coordinates": [-113.49065242416202, 53.56626097967518]}}, {"type": "Feature", "properties": {"t": "2026-04-21T09:55:00+00:00Z", "z_m": 18.340496215881902}, "geometry": {"type": "Point", "coordinates": [-113.49216307887936, 53.56494901531589]}}, {"type": "Feature", "properties": {"t": "2026-04-21T09:55:00+00:00Z", "z_m": 19.622001315501358}, "geometry": {"type": "Point", "coordinates": [-113.49357504239217, 53.56652002851043]}}, {"type": "Feature", "properties": {"t": "2026-04-21T09:55:00+00:00Z", "z_m": 20.0}, "geometry": {"type": "Point", "coordinates": [-113.49125775912553, 53.565202432696466]}}, {"type": "Feature", "properties": {"t": "2026-04-21T09:55:00+00:00Z", "z_m": 18.70404469220818}, "geometry": {"type": "Point", "coordinates": [-113.4918585734364, 53.56595142247787]}}, {"type": "Feature", "properties": {"t": "2026-04-21T09:55:00+00:00Z", "z_m": 18.213036700923592}, "geometry": {"type": "Point", "coordinates": [-113.48968518196426, 53.56523453458718]}}, {"type": "Feature", "properties": {"t": "2026-04-21T09:55:00+00:00Z", "z_m": 17.248503036536647}, "geometry": {"type": "Point", "coordinates": [-113.48975311683957, 53.56666066918726]}}, {"type": "Feature", "properties": {"t": "2026-04-21T09:55:00+00:00Z", "z_m": 17.457095696223377}, "geometry": {"type": "Point", "coordinates": [-113.4938552268858, 53.566075034044225]}}, {"type": "Feature", "properties": {"t": "2026-04-21T09:55:00+00:00Z", "z_m": 20.0}, "geometry": {"type": "Point", "coordinates": [-113.48918422045183, 53.565251375206884]}}, {"type": "Feature", "properties": {"t": "2026-04-21T09:55:00+00:00Z", "z_m": 19.72325179724168}, "geometry": {"type": "Point", "coordinates": [-113.49100037432396, 53.56536367977838]}}, {"type": "Feature", "properties": {"t": "2026-04-21T09:55:00+00:00Z", "z_m": 19.422994840325792}, "geometry": {"type": "Point", "coordinates": [-113.48943833512278, 53.56549152513089]}}, {"type": "Feature", "properties": {"t": "2026-04-21T09:50:00+00:00Z", "z_m": 17.288270963966493}, "geometry": {"type": "Point", "coordinates": [-113.50067038056686, 53.58385716622014]}}, {"type": "Feature", "properties": {"t": "2026-04-21T09:50:00+00:00Z", "z_m": 17.109060287920094}, "geometry": {"type": "Point", "coordinates": [-113.49685618770876, 53.57998750111315]}}, {"type": "Feature", "properties": {"t": "2026-04-21T09:50:00+00:00Z", "z_m": 20.0}, "geometry": {"type": "Point", "coordinates": [-113.49706164510023, 53.58124911085769]}}, {"type": "Feature", "properties": {"t": "2026-04-21T09:50:00+00:00Z", "z_m": 15.187316107281925}, "geometry": {"type": "Point", "coordinates": [-113.4935149971014, 53.583875079833874]}}, {"type": "Feature", "properties": {"t": "2026-04-21T09:50:00+00:00Z", "z_m": 17.58533637380678}, "geometry": {"type": "Point", "coordinates": [-113.49641799081357, 53.58049154474134]}}, {"type": "Feature", "properties": {"t": "2026-04-21T09:50:00+00:00Z", "z_m": 18.071658398241276}, "geometry": {"type": "Point", "coordinates": [-113.49798155586141, 53.58115580843441]}}, {"type": "Feature", "properties": {"t": "2026-04-21T09:50:00+00:00Z", "z_m": 17.749062504555905}, "geometry": {"type": "Point", "coordinates": [-113.49581108050698, 53.58237091389349]}}, {"type": "Feature", "properties": {"t": "2026-04-21T09:50:00+00:00Z", "z_m": 18.169653534882052}, "geometry": {"type": "Point", "coordinates": [-113.49389928134197, 53.5830740826519]}}, {"type": "Feature", "properties": {"t": "2026-04-21T09:50:00+00:00Z", "z_m": 17.3619999895057}, "geometry": {"type": "Point", "coordinates": [-113.49556045833032, 53.58028117295528]}}, {"type": "Feature", "properties": {"t": "2026-04-21T09:50:00+00:00Z", "z_m": 20.0}, "geometry": {"type": "Point", "coordinates": [-113.49831086796361, 53.581528821348975]}}, {"type": "Feature", "properties": {"t": "2026-04-21T09:50:00+00:00Z", "z_m": 17.503111959153454}, "geometry": {"type": "Point", "coordinates": [-113.49822267489857, 53.58171766831183]}}, {"type": "Feature", "properties": {"t": "2026-04-21T09:50:00+00:00Z", "z_m": 19.234129816451514}, "geometry": {"type": "Point", "coordinates": [-113.49963895284607, 53.581104574793414]}}, {"type": "Feature", "properties": {"t": "2026-04-21T09:50:00+00:00Z", "z_m": 16.750047172163466}, "geometry": {"type": "Point", "coordinates": [-113.49787693292735, 53.58143563560083]}}, {"type": "Feature", "properties": {"t": "2026-04-21T09:50:00+00:00Z", "z_m": 20.0}, "geometry": {"type": "Point", "coordinates": [-113.49623832330636, 53.58157214598334]}}, {"type": "Feature", "properties": {"t": "2026-04-21T09:50:00+00:00Z", "z_m": 15.989715551583817}, "geometry": {"type": "Point", "coordinates": [-113.49878494996553, 53.581240741164024]}}, {"type": "Feature", "properties": {"t": "2026-04-21T09:50:00+00:00Z", "z_m": 20.0}, "geometry": {"type": "Point", "coordinates": [-113.49583909579647, 53.580543770310314]}}, {"type": "Feature", "properties": {"t": "2026-04-21T09:50:00+00:00Z", "z_m": 17.039216338903067}, "geometry": {"type": "Point", "coordinates": [-113.49566483052331, 53.58360481329205]}}, {"type": "Feature", "properties": {"t": "2026-04-21T09:50:00+00:00Z", "z_m": 19.331071701876123}, "geometry": {"type": "Point", "coordinates": [-113.49750607209918, 53.584443797962486]}}, {"type": "Feature", "properties": {"t": "2026-04-21T09:50:00+00:00Z", "z_m": 20.0}, "geometry": {"type": "Point", "coordinates": [-113.49904828560673, 53.580534980164984]}}, {"type": "Feature", "properties": {"t": "2026-04-21T09:50:00+00:00Z", "z_m": 18.504516899054906}, "geometry": {"type": "Point", "coordinates": [-113.49378612857677, 53.58009721148946]}}, {"type": "Feature", "properties": {"t": "2026-04-21T09:50:00+00:00Z", "z_m": 17.66642616217322}, "geometry": {"type": "Point", "coordinates": [-113.49805763520777, 53.58089233090402]}}, {"type": "Feature", "properties": {"t": "2026-04-21T09:50:00+00:00Z", "z_m": 17.172814276956117}, "geometry": {"type": "Point", "coordinates": [-113.49458048609358, 53.58251821591476]}}, {"type": "Feature", "properties": {"t": "2026-04-21T09:50:00+00:00Z", "z_m": 16.71648809758834}, "geometry": {"type": "Point", "coordinates": [-113.49613243794322, 53.58146549952041]}}, {"type": "Feature", "properties": {"t": "2026-04-21T09:50:00+00:00Z", "z_m": 18.94798898725506}, "geometry": {"type": "Point", "coordinates": [-113.49695500029512, 53.58349310802239]}}, {"type": "Feature", "properties": {"t": "2026-04-21T09:50:00+00:00Z", "z_m": 20.0}, "geometry": {"type": "Point", "coordinates": [-113.49467012533376, 53.582137181532744]}}, {"type": "Feature", "properties": {"t": "2026-04-21T09:50:00+00:00Z", "z_m": 15.738619550767476}, "geometry": {"type": "Point", "coordinates": [-113.49842509164549, 53.58075636702826]}}, {"type": "Feature", "properties": {"t": "2026-04-21T09:50:00+00:00Z", "z_m": 19.19763000072012}, "geometry": {"type": "Point", "coordinates": [-113.49651411349782, 53.58209894453179]}}, {"type": "Feature", "properties": {"t": "2026-04-21T09:50:00+00:00Z", "z_m": 17.7173312034426}, "geometry": {"type": "Point", "coordinates": [-113.49948834118048, 53.58288002062455]}}, {"type": "Feature", "properties": {"t": "2026-04-21T09:50:00+00:00Z", "z_m": 19.291813889154845}, "geometry": {"type": "Point", "coordinates": [-113.4994710272409, 53.58022033565594]}}, {"type": "Feature", "properties": {"t": "2026-04-21T09:50:00+00:00Z", "z_m": 16.639595641786777}, "geometry": {"type": "Point", "coordinates": [-113.495028853416, 53.580021628496695]}}, {"type": "Feature", "properties": {"t": "2026-04-21T09:50:00+00:00Z", "z_m": 17.69513819362345}, "geometry": {"type": "Point", "coordinates": [-113.50279112064693, 53.5831949599944]}}, {"type": "Feature", "properties": {"t": "2026-04-21T09:50:00+00:00Z", "z_m": 19.88488923615881}, "geometry": {"type": "Point", "coordinates": [-113.4948968130705, 53.58249700931684]}}, {"type": "Feature", "properties": {"t": "2026-04-21T09:50:00+00:00Z", "z_m": 18.104151069476316}, "geometry": {"type": "Point", "coordinates": [-113.49491381293801, 53.582743757565595]}}, {"type": "Feature", "properties": {"t": "2026-04-21T09:50:00+00:00Z", "z_m": 19.650972795811924}, "geometry": {"type": "Point", "coordinates": [-113.49737076662578, 53.582243713095124]}}, {"type": "Feature", "properties": {"t": "2026-04-21T09:50:00+00:00Z", "z_m": 15.41047604730355}, "geometry": {"type": "Point", "coordinates": [-113.4961957648504, 53.58126256848389]}}, {"type": "Feature", "properties": {"t": "2026-04-21T09:50:00+00:00Z", "z_m": 20.0}, "geometry": {"type": "Point", "coordinates": [-113.49614968954648, 53.58092465074403]}}, {"type": "Feature", "properties": {"t": "2026-04-21T09:50:00+00:00Z", "z_m": 20.0}, "geometry": {"type": "Point", "coordinates": [-113.49742179769582, 53.5806476571524]}}, {"type": "Feature", "properties": {"t": "2026-04-21T09:50:00+00:00Z", "z_m": 16.251238849260826}, "geometry": {"type": "Point", "coordinates": [-113.50100634811851, 53.58069594941667]}}, {"type": "Feature", "properties": {"t": "2026-04-21T09:50:00+00:00Z", "z_m": 19.65090482718928}, "geometry": {"type": "Point", "coordinates": [-113.49842829773598, 53.58170352416779]}}, {"type": "Feature", "properties": {"t": "2026-04-21T09:50:00+00:00Z", "z_m": 19.04727610389338}, "geometry": {"type": "Point", "coordinates": [-113.4954502445106, 53.583116805188205]}}, {"type": "Feature", "properties": {"t": "2026-04-21T09:50:00+00:00Z", "z_m": 16.81385631067114}, "geometry": {"type": "Point", "coordinates": [-113.49663948312653, 53.58101147215645]}}, {"type": "Feature", "properties": {"t": "2026-04-21T09:50:00+00:00Z", "z_m": 17.6459740954777}, "geometry": {"type": "Point", "coordinates": [-113.49832244500485, 53.58320966782336]}}, {"type": "Feature", "properties": {"t": "2026-04-21T09:50:00+00:00Z", "z_m": 19.81685353369286}, "geometry": {"type": "Point", "coordinates": [-113.4978808053262, 53.581354901373224]}}, {"type": "Feature", "properties": {"t": "2026-04-21T09:50:00+00:00Z", "z_m": 17.79269494524339}, "geometry": {"type": "Point", "coordinates": [-113.49904724574283, 53.58123450467007]}}, {"type": "Feature", "properties": {"t": "2026-04-21T09:50:00+00:00Z", "z_m": 17.543548265752232}, "geometry": {"type": "Point", "coordinates": [-113.49286748075684, 53.5815567772855]}}, {"type": "Feature", "properties": {"t": "2026-04-21T09:50:00+00:00Z", "z_m": 18.61259083716112}, "geometry": {"type": "Point", "coordinates": [-113.49607481451447, 53.58396064851715]}}, {"type": "Feature", "properties": {"t": "2026-04-21T09:50:00+00:00Z", "z_m": 17.655260702253507}, "geometry": {"type": "Point", "coordinates": [-113.49837946066214, 53.58224155088615]}}, {"type": "Feature", "properties": {"t": "2026-04-21T09:50:00+00:00Z", "z_m": 15.611824708830213}, "geometry": {"type": "Point", "coordinates": [-113.4961268618266, 53.5830999043577]}}, {"type": "Feature", "properties": {"t": "2026-04-21T09:50:00+00:00Z", "z_m": 19.320743509108137}, "geometry": {"type": "Point", "coordinates": [-113.49664927836979, 53.581578159500744]}}, {"type": "Feature", "properties": {"t": "2026-04-21T09:50:00+00:00Z", "z_m": 17.39941677051131}, "geometry": {"type": "Point", "coordinates": [-113.49160981348373, 53.581715063632274]}}, {"type": "Feature", "properties": {"t": "2026-04-21T09:45:00+00:00Z", "z_m": 19.120811977435558}, "geometry": {"type": "Point", "coordinates": [-113.5055136315331, 53.600724424644326]}}, {"type": "Feature", "properties": {"t": "2026-04-21T09:45:00+00:00Z", "z_m": 14.635752210907938}, "geometry": {"type": "Point", "coordinates": [-113.49944945213133, 53.595821358019606]}}, {"type": "Feature", "properties": {"t": "2026-04-21T09:45:00+00:00Z", "z_m": 19.615770313447225}, "geometry": {"type": "Point", "coordinates": [-113.50084156051092, 53.59766363965629]}}, {"type": "Feature", "properties": {"t": "2026-04-21T09:45:00+00:00Z", "z_m": 14.834472413411854}, "geometry": {"type": "Point", "coordinates": [-113.49839084839267, 53.60098357190697]}}, {"type": "Feature", "properties": {"t": "2026-04-21T09:45:00+00:00Z", "z_m": 18.276341305786982}, "geometry": {"type": "Point", "coordinates": [-113.4992146531172, 53.59549822976889]}}, {"type": "Feature", "properties": {"t": "2026-04-21T09:45:00+00:00Z", "z_m": 19.16599318101037}, "geometry": {"type": "Point", "coordinates": [-113.50238894918184, 53.59807104017598]}}, {"type": "Feature", "properties": {"t": "2026-04-21T09:45:00+00:00Z", "z_m": 18.92800624393597}, "geometry": {"type": "Point", "coordinates": [-113.49970906609086, 53.59926867945917]}}, {"type": "Feature", "properties": {"t": "2026-04-21T09:45:00+00:00Z", "z_m": 18.192002846635635}, "geometry": {"type": "Point", "coordinates": [-113.49813092324538, 53.59932169591943]}}, {"type": "Feature", "properties": {"t": "2026-04-21T09:45:00+00:00Z", "z_m": 16.11615246083758}, "geometry": {"type": "Point", "coordinates": [-113.49834062458818, 53.595561465755225]}}, {"type": "Feature", "properties": {"t": "2026-04-21T09:45:00+00:00Z", "z_m": 18.704257389212398}, "geometry": {"type": "Point", "coordinates": [-113.50315363049071, 53.59895447904099]}}, {"type": "Feature", "properties": {"t": "2026-04-21T09:45:00+00:00Z", "z_m": 16.78545509631785}, "geometry": {"type": "Point", "coordinates": [-113.5032516427838, 53.598472923381784]}}, {"type": "Feature", "properties": {"t": "2026-04-21T09:45:00+00:00Z", "z_m": 19.367207707302363}, "geometry": {"type": "Point", "coordinates": [-113.50363807505639, 53.59730095082883]}}, {"type": "Feature", "properties": {"t": "2026-04-21T09:45:00+00:00Z", "z_m": 20.0}, "geometry": {"type": "Point", "coordinates": [-113.50388966564117, 53.59688189673438]}}, {"type": "Feature", "properties": {"t": "2026-04-21T09:45:00+00:00Z", "z_m": 19.082212985741894}, "geometry": {"type": "Point", "coordinates": [-113.50119147426095, 53.59795293373653]}}, {"type": "Feature", "properties": {"t": "2026-04-21T09:45:00+00:00Z", "z_m": 15.263884444311785}, "geometry": {"type": "Point", "coordinates": [-113.5031523818609, 53.59792493689237]}}, {"type": "Feature", "properties": {"t": "2026-04-21T09:45:00+00:00Z", "z_m": 19.376369775864212}, "geometry": {"type": "Point", "coordinates": [-113.5009731630886, 53.596615294821305]}}, {"type": "Feature", "properties": {"t": "2026-04-21T09:45:00+00:00Z", "z_m": 15.291827700400788}, "geometry": {"type": "Point", "coordinates": [-113.49974106415104, 53.60060546576672]}}, {"type": "Feature", "properties": {"t": "2026-04-21T09:45:00+00:00Z", "z_m": 19.304289669376388}, "geometry": {"type": "Point", "coordinates": [-113.50090537427431, 53.60107774321578]}}, {"type": "Feature", "properties": {"t": "2026-04-21T09:45:00+00:00Z", "z_m": 19.56616982714183}, "geometry": {"type": "Point", "coordinates": [-113.50512150100006, 53.59723853617239]}}, {"type": "Feature", "properties": {"t": "2026-04-21T09:45:00+00:00Z", "z_m": 19.633855900651266}, "geometry": {"type": "Point", "coordinates": [-113.49922040377676, 53.59542612669978]}}, {"type": "Feature", "properties": {"t": "2026-04-21T09:45:00+00:00Z", "z_m": 14.466114396635213}, "geometry": {"type": "Point", "coordinates": [-113.50189386291251, 53.59800953401026]}}, {"type": "Feature", "properties": {"t": "2026-04-21T09:45:00+00:00Z", "z_m": 18.650386791381102}, "geometry": {"type": "Point", "coordinates": [-113.4983139594423, 53.5984492296943]}}, {"type": "Feature", "properties": {"t": "2026-04-21T09:45:00+00:00Z", "z_m": 18.311650045017064}, "geometry": {"type": "Point", "coordinates": [-113.5028375526531, 53.59741099005665]}}, {"type": "Feature", "properties": {"t": "2026-04-21T09:45:00+00:00Z", "z_m": 17.158303354930265}, "geometry": {"type": "Point", "coordinates": [-113.50041604819704, 53.60005301581414]}}, {"type": "Feature", "properties": {"t": "2026-04-21T09:45:00+00:00Z", "z_m": 16.41351521458648}, "geometry": {"type": "Point", "coordinates": [-113.50152635352607, 53.59879235419997]}}, {"type": "Feature", "properties": {"t": "2026-04-21T09:45:00+00:00Z", "z_m": 16.74793815144335}, "geometry": {"type": "Point", "coordinates": [-113.50155472917612, 53.59572562491137]}}, {"type": "Feature", "properties": {"t": "2026-04-21T09:45:00+00:00Z", "z_m": 18.532515646085454}, "geometry": {"type": "Point", "coordinates": [-113.50077352224905, 53.59971105330954]}}, {"type": "Feature", "properties": {"t": "2026-04-21T09:45:00+00:00Z", "z_m": 17.64060671585885}, "geometry": {"type": "Point", "coordinates": [-113.50615759531343, 53.59780593458706]}}, {"type": "Feature", "properties": {"t": "2026-04-21T09:45:00+00:00Z", "z_m": 19.85756579677701}, "geometry": {"type": "Point", "coordinates": [-113.503682931792, 53.59687314779078]}}, {"type": "Feature", "properties": {"t": "2026-04-21T09:45:00+00:00Z", "z_m": 16.41034617262153}, "geometry": {"type": "Point", "coordinates": [-113.50131025176768, 53.59655720304124]}}, {"type": "Feature", "properties": {"t": "2026-04-21T09:45:00+00:00Z", "z_m": 16.524945543265517}, "geometry": {"type": "Point", "coordinates": [-113.50748566455518, 53.60008646466085]}}, {"type": "Feature", "properties": {"t": "2026-04-21T09:45:00+00:00Z", "z_m": 17.14525136922118}, "geometry": {"type": "Point", "coordinates": [-113.49800127084276, 53.59937533251752]}}, {"type": "Feature", "properties": {"t": "2026-04-21T09:45:00+00:00Z", "z_m": 16.214607641503836}, "geometry": {"type": "Point", "coordinates": [-113.50009380091652, 53.59778984867216]}}, {"type": "Feature", "properties": {"t": "2026-04-21T09:45:00+00:00Z", "z_m": 18.0324912451478}, "geometry": {"type": "Point", "coordinates": [-113.5030634407769, 53.59923564694317]}}, {"type": "Feature", "properties": {"t": "2026-04-21T09:45:00+00:00Z", "z_m": 13.13928653246751}, "geometry": {"type": "Point", "coordinates": [-113.50102423536434, 53.59730809978316]}}, {"type": "Feature", "properties": {"t": "2026-04-21T09:45:00+00:00Z", "z_m": 19.552605770103227}, "geometry": {"type": "Point", "coordinates": [-113.500769668637, 53.596178787064986]}}, {"type": "Feature", "properties": {"t": "2026-04-21T09:45:00+00:00Z", "z_m": 19.584597458977182}, "geometry": {"type": "Point", "coordinates": [-113.50465515260117, 53.59606364214924]}}, {"type": "Feature", "properties": {"t": "2026-04-21T09:45:00+00:00Z", "z_m": 17.27621584701508}, "geometry": {"type": "Point", "coordinates": [-113.50672613658708, 53.595890165108216]}}, {"type": "Feature", "properties": {"t": "2026-04-21T09:45:00+00:00Z", "z_m": 17.889199070307104}, "geometry": {"type": "Point", "coordinates": [-113.50281303010442, 53.59901382320319]}}, {"type": "Feature", "properties": {"t": "2026-04-21T09:45:00+00:00Z", "z_m": 20.0}, "geometry": {"type": "Point", "coordinates": [-113.49843809286328, 53.59879635016296]}}, {"type": "Feature", "properties": {"t": "2026-04-21T09:45:00+00:00Z", "z_m": 16.438094883259225}, "geometry": {"type": "Point", "coordinates": [-113.50059794542891, 53.59669309079159]}}, {"type": "Feature", "properties": {"t": "2026-04-21T09:45:00+00:00Z", "z_m": 17.94576806152811}, "geometry": {"type": "Point", "coordinates": [-113.50160766353116, 53.59917863636779]}}, {"type": "Feature", "properties": {"t": "2026-04-21T09:45:00+00:00Z", "z_m": 19.49940777769449}, "geometry": {"type": "Point", "coordinates": [-113.50193762031847, 53.5974148688855]}}, {"type": "Feature", "properties": {"t": "2026-04-21T09:45:00+00:00Z", "z_m": 14.105685878553409}, "geometry": {"type": "Point", "coordinates": [-113.50322026234797, 53.598123769066945]}}, {"type": "Feature", "properties": {"t": "2026-04-21T09:45:00+00:00Z", "z_m": 16.211528217823798}, "geometry": {"type": "Point", "coordinates": [-113.49607874706514, 53.597107593251636]}}, {"type": "Feature", "properties": {"t": "2026-04-21T09:45:00+00:00Z", "z_m": 19.450174176749403}, "geometry": {"type": "Point", "coordinates": [-113.50088971430236, 53.60008465957513]}}, {"type": "Feature", "properties": {"t": "2026-04-21T09:45:00+00:00Z", "z_m": 17.561211554597715}, "geometry": {"type": "Point", "coordinates": [-113.503674044195, 53.598357351905115]}}, {"type": "Feature", "properties": {"t": "2026-04-21T09:45:00+00:00Z", "z_m": 17.720706761950435}, "geometry": {"type": "Point", "coordinates": [-113.50070127655813, 53.599460154630094]}}, {"type": "Feature", "properties": {"t": "2026-04-21T09:45:00+00:00Z", "z_m": 18.978450793013025}, "geometry": {"type": "Point", "coordinates": [-113.50198144132091, 53.59710259712664]}}, {"type": "Feature", "properties": {"t": "2026-04-21T09:45:00+00:00Z", "z_m": 19.139682072727215}, "geometry": {"type": "Point", "coordinates": [-113.49611953457809, 53.59733601812691]}}, {"type": "Feature", "properties": {"t": "2026-04-21T09:40:00+00:00Z", "z_m": 20.0}, "geometry": {"type": "Point", "coordinates": [-113.50999322575012, 53.61595483089414]}}, {"type": "Feature", "properties": {"t": "2026-04-21T09:40:00+00:00Z", "z_m": 16.456975703808347}, "geometry": {"type": "Point", "coordinates": [-113.50318335733469, 53.61183486310847]}}, {"type": "Feature", "properties": {"t": "2026-04-21T09:40:00+00:00Z", "z_m": 15.673331228987522}, "geometry": {"type": "Point", "coordinates": [-113.5054300401589, 53.613244450887215]}}, {"type": "Feature", "properties": {"t": "2026-04-21T09:40:00+00:00Z", "z_m": 16.441942193130494}, "geometry": {"type": "Point", "coordinates": [-113.4999673098403, 53.61723760221923]}}, {"type": "Feature", "properties": {"t": "2026-04-21T09:40:00+00:00Z", "z_m": 16.507283778320158}, "geometry": {"type": "Point", "coordinates": [-113.50395739244608, 53.610490600521935]}}, {"type": "Feature", "properties": {"t": "2026-04-21T09:40:00+00:00Z", "z_m": 18.761756241021125}, "geometry": {"type": "Point", "coordinates": [-113.50465478965216, 53.615255067567674]}}, {"type": "Feature", "properties": {"t": "2026-04-21T09:40:00+00:00Z", "z_m": 19.731006330032898}, "geometry": {"type": "Point", "coordinates": [-113.50389707351448, 53.6145146213754]}}, {"type": "Feature", "properties": {"t": "2026-04-21T09:40:00+00:00Z", "z_m": 19.96690894690683}, "geometry": {"type": "Point", "coordinates": [-113.50204483736378, 53.615623565148546]}}, {"type": "Feature", "properties": {"t": "2026-04-21T09:40:00+00:00Z", "z_m": 13.285969840859108}, "geometry": {"type": "Point", "coordinates": [-113.50399830847816, 53.61074802238888]}}, {"type": "Feature", "properties": {"t": "2026-04-21T09:40:00+00:00Z", "z_m": 19.264871035787387}, "geometry": {"type": "Point", "coordinates": [-113.50524087839268, 53.61431381511584]}}, {"type": "Feature", "properties": {"t": "2026-04-21T09:40:00+00:00Z", "z_m": 18.65866874226806}, "geometry": {"type": "Point", "coordinates": [-113.50830559283199, 53.61536325878931]}}, {"type": "Feature", "properties": {"t": "2026-04-21T09:40:00+00:00Z", "z_m": 19.599044889978405}, "geometry": {"type": "Point", "coordinates": [-113.50814206825312, 53.61425880424518]}}, {"type": "Feature", "properties": {"t": "2026-04-21T09:40:00+00:00Z", "z_m": 19.556636004136042}, "geometry": {"type": "Point", "coordinates": [-113.50942439541521, 53.61252959788803]}}, {"type": "Feature", "properties": {"t": "2026-04-21T09:40:00+00:00Z", "z_m": 16.46912593179509}, "geometry": {"type": "Point", "coordinates": [-113.50499860349649, 53.61342466864275]}}, {"type": "Feature", "properties": {"t": "2026-04-21T09:40:00+00:00Z", "z_m": 14.003821929063463}, "geometry": {"type": "Point", "coordinates": [-113.5059527009905, 53.6142757886029]}}, {"type": "Feature", "properties": {"t": "2026-04-21T09:40:00+00:00Z", "z_m": 19.289800130304243}, "geometry": {"type": "Point", "coordinates": [-113.50306658731279, 53.61215955051679]}}, {"type": "Feature", "properties": {"t": "2026-04-21T09:40:00+00:00Z", "z_m": 14.626985186571474}, "geometry": {"type": "Point", "coordinates": [-113.50378182385131, 53.61673235538648]}}, {"type": "Feature", "properties": {"t": "2026-04-21T09:40:00+00:00Z", "z_m": 18.260565001025928}, "geometry": {"type": "Point", "coordinates": [-113.50659049511675, 53.61605266097881]}}, {"type": "Feature", "properties": {"t": "2026-04-21T09:40:00+00:00Z", "z_m": 20.0}, "geometry": {"type": "Point", "coordinates": [-113.51004050714498, 53.61216456244855]}}, {"type": "Feature", "properties": {"t": "2026-04-21T09:40:00+00:00Z", "z_m": 18.419200074842273}, "geometry": {"type": "Point", "coordinates": [-113.50513689962251, 53.612218214251385]}}, {"type": "Feature", "properties": {"t": "2026-04-21T09:40:00+00:00Z", "z_m": 13.224525545663854}, "geometry": {"type": "Point", "coordinates": [-113.50690604645486, 53.615476041817075]}}, {"type": "Feature", "properties": {"t": "2026-04-21T09:40:00+00:00Z", "z_m": 19.08259289669521}, "geometry": {"type": "Point", "coordinates": [-113.50447767238482, 53.61357624435904]}}, {"type": "Feature", "properties": {"t": "2026-04-21T09:40:00+00:00Z", "z_m": 17.978489238865507}, "geometry": {"type": "Point", "coordinates": [-113.5063057369589, 53.613917267448194]}}, {"type": "Feature", "properties": {"t": "2026-04-21T09:40:00+00:00Z", "z_m": 16.67665678077324}, "geometry": {"type": "Point", "coordinates": [-113.50558818948988, 53.61612615919426]}}, {"type": "Feature", "properties": {"t": "2026-04-21T09:40:00+00:00Z", "z_m": 14.008635854540595}, "geometry": {"type": "Point", "coordinates": [-113.50677141481879, 53.614851242576734]}}, {"type": "Feature", "properties": {"t": "2026-04-21T09:40:00+00:00Z", "z_m": 16.979818838400142}, "geometry": {"type": "Point", "coordinates": [-113.5047586494985, 53.61149798182504]}}, {"type": "Feature", "properties": {"t": "2026-04-21T09:40:00+00:00Z", "z_m": 17.178450512616866}, "geometry": {"type": "Point", "coordinates": [-113.50390354525969, 53.61498392370923]}}, {"type": "Feature", "properties": {"t": "2026-04-21T09:40:00+00:00Z", "z_m": 16.753565978929636}, "geometry": {"type": "Point", "coordinates": [-113.508837416362, 53.61269049871735]}}, {"type": "Feature", "properties": {"t": "2026-04-21T09:40:00+00:00Z", "z_m": 19.40255332834771}, "geometry": {"type": "Point", "coordinates": [-113.51015935582437, 53.61278406576696]}}, {"type": "Feature", "properties": {"t": "2026-04-21T09:40:00+00:00Z", "z_m": 16.076287468574925}, "geometry": {"type": "Point", "coordinates": [-113.50719394143469, 53.611979506657526]}}, {"type": "Feature", "properties": {"t": "2026-04-21T09:40:00+00:00Z", "z_m": 18.926766146632335}, "geometry": {"type": "Point", "coordinates": [-113.51050170227958, 53.61646684769607]}}, {"type": "Feature", "properties": {"t": "2026-04-21T09:40:00+00:00Z", "z_m": 15.554901941934059}, "geometry": {"type": "Point", "coordinates": [-113.50198123677494, 53.61618980793931]}}, {"type": "Feature", "properties": {"t": "2026-04-21T09:40:00+00:00Z", "z_m": 16.00489229106761}, "geometry": {"type": "Point", "coordinates": [-113.5043312287823, 53.61496142870114]}}, {"type": "Feature", "properties": {"t": "2026-04-21T09:40:00+00:00Z", "z_m": 15.882100627631061}, "geometry": {"type": "Point", "coordinates": [-113.50811103328171, 53.61464275005687]}}, {"type": "Feature", "properties": {"t": "2026-04-21T09:40:00+00:00Z", "z_m": 13.435242387083282}, "geometry": {"type": "Point", "coordinates": [-113.50503124535157, 53.611758899019975]}}, {"type": "Feature", "properties": {"t": "2026-04-21T09:40:00+00:00Z", "z_m": 15.268900184925068}, "geometry": {"type": "Point", "coordinates": [-113.50478874287323, 53.611954056334575]}}, {"type": "Feature", "properties": {"t": "2026-04-21T09:40:00+00:00Z", "z_m": 18.879887345298336}, "geometry": {"type": "Point", "coordinates": [-113.5095152562689, 53.61136202820366]}}, {"type": "Feature", "properties": {"t": "2026-04-21T09:40:00+00:00Z", "z_m": 17.060610943972236}, "geometry": {"type": "Point", "coordinates": [-113.51205807907147, 53.611684917464984]}}, {"type": "Feature", "properties": {"t": "2026-04-21T09:40:00+00:00Z", "z_m": 16.33990216731694}, "geometry": {"type": "Point", "coordinates": [-113.50371499806383, 53.61470165758485]}}, {"type": "Feature", "properties": {"t": "2026-04-21T09:40:00+00:00Z", "z_m": 20.0}, "geometry": {"type": "Point", "coordinates": [-113.50093621543446, 53.61315293786084]}}, {"type": "Feature", "properties": {"t": "2026-04-21T09:40:00+00:00Z", "z_m": 15.348934959460385}, "geometry": {"type": "Point", "coordinates": [-113.50336752876231, 53.61357924486911]}}, {"type": "Feature", "properties": {"t": "2026-04-21T09:40:00+00:00Z", "z_m": 17.920661105628167}, "geometry": {"type": "Point", "coordinates": [-113.5051569266569, 53.61410989463552]}}, {"type": "Feature", "properties": {"t": "2026-04-21T09:40:00+00:00Z", "z_m": 17.16119356745003}, "geometry": {"type": "Point", "coordinates": [-113.50597306156439, 53.61233484990999]}}, {"type": "Feature", "properties": {"t": "2026-04-21T09:40:00+00:00Z", "z_m": 12.285186528454389}, "geometry": {"type": "Point", "coordinates": [-113.50630550090555, 53.61500238259902]}}, {"type": "Feature", "properties": {"t": "2026-04-21T09:40:00+00:00Z", "z_m": 16.653596473950333}, "geometry": {"type": "Point", "coordinates": [-113.50003182507882, 53.612970891066595]}}, {"type": "Feature", "properties": {"t": "2026-04-21T09:40:00+00:00Z", "z_m": 18.179088004908543}, "geometry": {"type": "Point", "coordinates": [-113.50650652427879, 53.61662723132041]}}, {"type": "Feature", "properties": {"t": "2026-04-21T09:40:00+00:00Z", "z_m": 20.0}, "geometry": {"type": "Point", "coordinates": [-113.50752911494325, 53.61412548608625]}}, {"type": "Feature", "properties": {"t": "2026-04-21T09:40:00+00:00Z", "z_m": 15.752910954581926}, "geometry": {"type": "Point", "coordinates": [-113.50535525292113, 53.61501402614201]}}, {"type": "Feature", "properties": {"t": "2026-04-21T09:40:00+00:00Z", "z_m": 18.51035933586397}, "geometry": {"type": "Point", "coordinates": [-113.50605171832409, 53.612406883288514]}}, {"type": "Feature", "properties": {"t": "2026-04-21T09:40:00+00:00Z", "z_m": 19.007755309386482}, "geometry": {"type": "Point", "coordinates": [-113.50123353717818, 53.61206811342674]}}, {"type": "Feature", "properties": {"t": "2026-04-21T09:35:00+00:00Z", "z_m": 17.311159731772307}, "geometry": {"type": "Point", "coordinates": [-113.51604737803093, 53.630546732424754]}}, {"type": "Feature", "properties": {"t": "2026-04-21T09:35:00+00:00Z", "z_m": 15.391948409198548}, "geometry": {"type": "Point", "coordinates": [-113.50773284808832, 53.62694912068532]}}, {"type": "Feature", "properties": {"t": "2026-04-21T09:35:00+00:00Z", "z_m": 19.366973245410907}, "geometry": {"type": "Point", "coordinates": [-113.50936832794724, 53.62824987262858]}}, {"type": "Feature", "properties": {"t": "2026-04-21T09:35:00+00:00Z", "z_m": 16.981971570963793}, "geometry": {"type": "Point", "coordinates": [-113.50259327311109, 53.63287141911924]}}, {"type": "Feature", "properties": {"t": "2026-04-21T09:35:00+00:00Z", "z_m": 17.41078890928036}, "geometry": {"type": "Point", "coordinates": [-113.51073488462735, 53.625902315028796]}}, {"type": "Feature", "properties": {"t": "2026-04-21T09:35:00+00:00Z", "z_m": 18.782695827167707}, "geometry": {"type": "Point", "coordinates": [-113.50747275661318, 53.63070430558126]}}, {"type": "Feature", "properties": {"t": "2026-04-21T09:35:00+00:00Z", "z_m": 19.546462068442356}, "geometry": {"type": "Point", "coordinates": [-113.50937917655186, 53.629460305792925]}}, {"type": "Feature", "properties": {"t": "2026-04-21T09:35:00+00:00Z", "z_m": 16.06114872647855}, "geometry": {"type": "Point", "coordinates": [-113.50642992343418, 53.63013309345915]}}, {"type": "Feature", "properties": {"t": "2026-04-21T09:35:00+00:00Z", "z_m": 11.605925942488398}, "geometry": {"type": "Point", "coordinates": [-113.50841862884921, 53.626257621874956]}}, {"type": "Feature", "properties": {"t": "2026-04-21T09:35:00+00:00Z", "z_m": 19.665727352865545}, "geometry": {"type": "Point", "coordinates": [-113.50829959691825, 53.62934993003273]}}, {"type": "Feature", "properties": {"t": "2026-04-21T09:35:00+00:00Z", "z_m": 16.472573751025674}, "geometry": {"type": "Point", "coordinates": [-113.51224112676258, 53.63126379647194]}}, {"type": "Feature", "properties": {"t": "2026-04-21T09:35:00+00:00Z", "z_m": 18.347511601457388}, "geometry": {"type": "Point", "coordinates": [-113.51199776672186, 53.63026853356915]}}, {"type": "Feature", "properties": {"t": "2026-04-21T09:35:00+00:00Z", "z_m": 18.427982468849397}, "geometry": {"type": "Point", "coordinates": [-113.51423991729907, 53.62801108408174]}}, {"type": "Feature", "properties": {"t": "2026-04-21T09:35:00+00:00Z", "z_m": 15.478768741076632}, "geometry": {"type": "Point", "coordinates": [-113.51032704962833, 53.62867891271782]}}, {"type": "Feature", "properties": {"t": "2026-04-21T09:35:00+00:00Z", "z_m": 11.530194064340924}, "geometry": {"type": "Point", "coordinates": [-113.50955724857683, 53.62964921888545]}}, {"type": "Feature", "properties": {"t": "2026-04-21T09:35:00+00:00Z", "z_m": 18.655337748367725}, "geometry": {"type": "Point", "coordinates": [-113.50371748253401, 53.626227128504894]}}, {"type": "Feature", "properties": {"t": "2026-04-21T09:35:00+00:00Z", "z_m": 13.240750874649878}, "geometry": {"type": "Point", "coordinates": [-113.50747657765076, 53.631614156095054]}}, {"type": "Feature", "properties": {"t": "2026-04-21T09:35:00+00:00Z", "z_m": 17.23855016668998}, "geometry": {"type": "Point", "coordinates": [-113.50979306767302, 53.63114153156704]}}, {"type": "Feature", "properties": {"t": "2026-04-21T09:35:00+00:00Z", "z_m": 16.600898694889384}, "geometry": {"type": "Point", "coordinates": [-113.51297979915762, 53.627999312073854]}}, {"type": "Feature", "properties": {"t": "2026-04-21T09:35:00+00:00Z", "z_m": 19.22389038893194}, "geometry": {"type": "Point", "coordinates": [-113.50832892097543, 53.62803239651671]}}, {"type": "Feature", "properties": {"t": "2026-04-21T09:35:00+00:00Z", "z_m": 16.2984836887499}, "geometry": {"type": "Point", "coordinates": [-113.50910422147116, 53.63191773473877]}}, {"type": "Feature", "properties": {"t": "2026-04-21T09:35:00+00:00Z", "z_m": 19.527447258779503}, "geometry": {"type": "Point", "coordinates": [-113.51029249577101, 53.629367114672064]}}, {"type": "Feature", "properties": {"t": "2026-04-21T09:35:00+00:00Z", "z_m": 16.23379777043083}, "geometry": {"type": "Point", "coordinates": [-113.50773780651768, 53.62886976372435]}}, {"type": "Feature", "properties": {"t": "2026-04-21T09:35:00+00:00Z", "z_m": 16.73154349344623}, "geometry": {"type": "Point", "coordinates": [-113.51040001384904, 53.630816234277525]}}, {"type": "Feature", "properties": {"t": "2026-04-21T09:35:00+00:00Z", "z_m": 16.569197735351576}, "geometry": {"type": "Point", "coordinates": [-113.50944523076215, 53.629918506347344]}}, {"type": "Feature", "properties": {"t": "2026-04-21T09:35:00+00:00Z", "z_m": 16.808790039067524}, "geometry": {"type": "Point", "coordinates": [-113.5105492439547, 53.62685035495382]}}, {"type": "Feature", "properties": {"t": "2026-04-21T09:35:00+00:00Z", "z_m": 16.4277160834476}, "geometry": {"type": "Point", "coordinates": [-113.50788051922284, 53.63005507801878]}}, {"type": "Feature", "properties": {"t": "2026-04-21T09:35:00+00:00Z", "z_m": 16.619832497098688}, "geometry": {"type": "Point", "coordinates": [-113.51322617507964, 53.62883220657348]}}, {"type": "Feature", "properties": {"t": "2026-04-21T09:35:00+00:00Z", "z_m": 20.0}, "geometry": {"type": "Point", "coordinates": [-113.51411617396724, 53.62842948703889]}}, {"type": "Feature", "properties": {"t": "2026-04-21T09:35:00+00:00Z", "z_m": 20.0}, "geometry": {"type": "Point", "coordinates": [-113.5087887876138, 53.62824327893497]}}, {"type": "Feature", "properties": {"t": "2026-04-21T09:35:00+00:00Z", "z_m": 16.74319753098497}, "geometry": {"type": "Point", "coordinates": [-113.51241709576232, 53.6309438568694]}}, {"type": "Feature", "properties": {"t": "2026-04-21T09:35:00+00:00Z", "z_m": 12.176587765823118}, "geometry": {"type": "Point", "coordinates": [-113.50708990109553, 53.63266205763446]}}, {"type": "Feature", "properties": {"t": "2026-04-21T09:35:00+00:00Z", "z_m": 13.98011262524057}, "geometry": {"type": "Point", "coordinates": [-113.50864204712983, 53.63037931303712]}}, {"type": "Feature", "properties": {"t": "2026-04-21T09:35:00+00:00Z", "z_m": 14.157086910882269}, "geometry": {"type": "Point", "coordinates": [-113.51198546501577, 53.63067889725936]}}, {"type": "Feature", "properties": {"t": "2026-04-21T09:35:00+00:00Z", "z_m": 15.30203847746337}, "geometry": {"type": "Point", "coordinates": [-113.5088025278591, 53.62786502338373]}}, {"type": "Feature", "properties": {"t": "2026-04-21T09:35:00+00:00Z", "z_m": 15.047206543781108}, "geometry": {"type": "Point", "coordinates": [-113.50916266768968, 53.62788110030266]}}, {"type": "Feature", "properties": {"t": "2026-04-21T09:35:00+00:00Z", "z_m": 20.0}, "geometry": {"type": "Point", "coordinates": [-113.51104548339707, 53.62759194162927]}}, {"type": "Feature", "properties": {"t": "2026-04-21T09:35:00+00:00Z", "z_m": 18.18980778625017}, "geometry": {"type": "Point", "coordinates": [-113.51423704755358, 53.627350470954504]}}, {"type": "Feature", "properties": {"t": "2026-04-21T09:35:00+00:00Z", "z_m": 15.533444952169804}, "geometry": {"type": "Point", "coordinates": [-113.50674991956555, 53.629333594801956]}}, {"type": "Feature", "properties": {"t": "2026-04-21T09:35:00+00:00Z", "z_m": 18.628151415658657}, "geometry": {"type": "Point", "coordinates": [-113.50586575024114, 53.627969638694715]}}, {"type": "Feature", "properties": {"t": "2026-04-21T09:35:00+00:00Z", "z_m": 16.16289283254362}, "geometry": {"type": "Point", "coordinates": [-113.50603109109935, 53.62868442645426]}}, {"type": "Feature", "properties": {"t": "2026-04-21T09:35:00+00:00Z", "z_m": 17.468536162769812}, "geometry": {"type": "Point", "coordinates": [-113.5082329455791, 53.62965807037122]}}, {"type": "Feature", "properties": {"t": "2026-04-21T09:35:00+00:00Z", "z_m": 13.55995371145557}, "geometry": {"type": "Point", "coordinates": [-113.50960889107368, 53.62694242980845]}}, {"type": "Feature", "properties": {"t": "2026-04-21T09:35:00+00:00Z", "z_m": 10.475899528688089}, "geometry": {"type": "Point", "coordinates": [-113.50911004737355, 53.630165438066285]}}, {"type": "Feature", "properties": {"t": "2026-04-21T09:35:00+00:00Z", "z_m": 15.036867419012452}, "geometry": {"type": "Point", "coordinates": [-113.50206057623163, 53.62810356197035]}}, {"type": "Feature", "properties": {"t": "2026-04-21T09:35:00+00:00Z", "z_m": 18.746850899462036}, "geometry": {"type": "Point", "coordinates": [-113.5104092682273, 53.632357185595886]}}, {"type": "Feature", "properties": {"t": "2026-04-21T09:35:00+00:00Z", "z_m": 20.0}, "geometry": {"type": "Point", "coordinates": [-113.51458504392194, 53.62944074608876]}}, {"type": "Feature", "properties": {"t": "2026-04-21T09:35:00+00:00Z", "z_m": 18.6412658598525}, "geometry": {"type": "Point", "coordinates": [-113.50764430819402, 53.63076496538001]}}, {"type": "Feature", "properties": {"t": "2026-04-21T09:35:00+00:00Z", "z_m": 16.879222921395233}, "geometry": {"type": "Point", "coordinates": [-113.50884512061299, 53.62757309705353]}}, {"type": "Feature", "properties": {"t": "2026-04-21T09:35:00+00:00Z", "z_m": 15.91269133762746}, "geometry": {"type": "Point", "coordinates": [-113.5048208735017, 53.62742395079999]}}, {"type": "Feature", "properties": {"t": "2026-04-21T09:30:00+00:00Z", "z_m": 17.36364302430323}, "geometry": {"type": "Point", "coordinates": [-113.52000999015944, 53.64534746502009]}}, {"type": "Feature", "properties": {"t": "2026-04-21T09:30:00+00:00Z", "z_m": 16.631079562962633}, "geometry": {"type": "Point", "coordinates": [-113.50982018930586, 53.641632678613135]}}, {"type": "Feature", "properties": {"t": "2026-04-21T09:30:00+00:00Z", "z_m": 20.0}, "geometry": {"type": "Point", "coordinates": [-113.51128774884991, 53.64213826930398]}}, {"type": "Feature", "properties": {"t": "2026-04-21T09:30:00+00:00Z", "z_m": 15.43993777716698}, "geometry": {"type": "Point", "coordinates": [-113.50513012053993, 53.648506762731486]}}, {"type": "Feature", "properties": {"t": "2026-04-21T09:30:00+00:00Z", "z_m": 17.537288976002923}, "geometry": {"type": "Point", "coordinates": [-113.5139928828094, 53.64058110680066]}}, {"type": "Feature", "properties": {"t": "2026-04-21T09:30:00+00:00Z", "z_m": 17.466976060256584}, "geometry": {"type": "Point", "coordinates": [-113.51193892150575, 53.64491995175248]}}, {"type": "Feature", "properties": {"t": "2026-04-21T09:30:00+00:00Z", "z_m": 17.88385726351188}, "geometry": {"type": "Point", "coordinates": [-113.51535559433786, 53.64433306802264]}}, {"type": "Feature", "properties": {"t": "2026-04-21T09:30:00+00:00Z", "z_m": 14.264779882720152}, "geometry": {"type": "Point", "coordinates": [-113.50962753309254, 53.64524447985361]}}, {"type": "Feature", "properties": {"t": "2026-04-21T09:30:00+00:00Z", "z_m": 12.374598622970911}, "geometry": {"type": "Point", "coordinates": [-113.5102270313966, 53.64074871148723]}}, {"type": "Feature", "properties": {"t": "2026-04-21T09:30:00+00:00Z", "z_m": 17.46752863209683}, "geometry": {"type": "Point", "coordinates": [-113.51226177449334, 53.644843929356426]}}, {"type": "Feature", "properties": {"t": "2026-04-21T09:30:00+00:00Z", "z_m": 15.373395874618057}, "geometry": {"type": "Point", "coordinates": [-113.51482809755476, 53.64567754713393]}}, {"type": "Feature", "properties": {"t": "2026-04-21T09:30:00+00:00Z", "z_m": 20.0}, "geometry": {"type": "Point", "coordinates": [-113.51386663787588, 53.644845840561544]}}, {"type": "Feature", "properties": {"t": "2026-04-21T09:30:00+00:00Z", "z_m": 19.443422432043675}, "geometry": {"type": "Point", "coordinates": [-113.51660477432173, 53.64276606616548]}}, {"type": "Feature", "properties": {"t": "2026-04-21T09:30:00+00:00Z", "z_m": 17.797374884951275}, "geometry": {"type": "Point", "coordinates": [-113.51524565523792, 53.64464359202301]}}, {"type": "Feature", "properties": {"t": "2026-04-21T09:30:00+00:00Z", "z_m": 10.399445809881794}, "geometry": {"type": "Point", "coordinates": [-113.51055468666662, 53.64461836677279]}}, {"type": "Feature", "properties": {"t": "2026-04-21T09:30:00+00:00Z", "z_m": 19.081237827726625}, "geometry": {"type": "Point", "coordinates": [-113.50658909207564, 53.64174795869892]}}, {"type": "Feature", "properties": {"t": "2026-04-21T09:30:00+00:00Z", "z_m": 13.073373455379203}, "geometry": {"type": "Point", "coordinates": [-113.5107945963298, 53.64480186903365]}}, {"type": "Feature", "properties": {"t": "2026-04-21T09:30:00+00:00Z", "z_m": 16.61789140303242}, "geometry": {"type": "Point", "coordinates": [-113.51379993080934, 53.64558651941092]}}, {"type": "Feature", "properties": {"t": "2026-04-21T09:30:00+00:00Z", "z_m": 15.40095073383177}, "geometry": {"type": "Point", "coordinates": [-113.51526370451694, 53.643819672907696]}}, {"type": "Feature", "properties": {"t": "2026-04-21T09:30:00+00:00Z", "z_m": 19.928003592802124}, "geometry": {"type": "Point", "coordinates": [-113.51125366426922, 53.64247294230841]}}, {"type": "Feature", "properties": {"t": "2026-04-21T09:30:00+00:00Z", "z_m": 13.125414463824917}, "geometry": {"type": "Point", "coordinates": [-113.51016511648149, 53.647653326604]}}, {"type": "Feature", "properties": {"t": "2026-04-21T09:30:00+00:00Z", "z_m": 18.92072649817689}, "geometry": {"type": "Point", "coordinates": [-113.51463226277042, 53.643238555901654]}}, {"type": "Feature", "properties": {"t": "2026-04-21T09:30:00+00:00Z", "z_m": 14.469793216296631}, "geometry": {"type": "Point", "coordinates": [-113.50971154695907, 53.64329519725174]}}, {"type": "Feature", "properties": {"t": "2026-04-21T09:30:00+00:00Z", "z_m": 15.273173441455668}, "geometry": {"type": "Point", "coordinates": [-113.5136690865748, 53.64561190434353]}}, {"type": "Feature", "properties": {"t": "2026-04-21T09:30:00+00:00Z", "z_m": 16.084757890607225}, "geometry": {"type": "Point", "coordinates": [-113.51322685741503, 53.64514692199061]}}, {"type": "Feature", "properties": {"t": "2026-04-21T09:30:00+00:00Z", "z_m": 18.33309518469381}, "geometry": {"type": "Point", "coordinates": [-113.51522160271703, 53.64215909415825]}}, {"type": "Feature", "properties": {"t": "2026-04-21T09:30:00+00:00Z", "z_m": 14.781054157372107}, "geometry": {"type": "Point", "coordinates": [-113.51191846651766, 53.64582160461721]}}, {"type": "Feature", "properties": {"t": "2026-04-21T09:30:00+00:00Z", "z_m": 18.967031520797008}, "geometry": {"type": "Point", "coordinates": [-113.51481673639442, 53.644630649698826]}}, {"type": "Feature", "properties": {"t": "2026-04-21T09:30:00+00:00Z", "z_m": 19.364585485737784}, "geometry": {"type": "Point", "coordinates": [-113.51772765857642, 53.64473344500611]}}, {"type": "Feature", "properties": {"t": "2026-04-21T09:30:00+00:00Z", "z_m": 18.55186128703532}, "geometry": {"type": "Point", "coordinates": [-113.51272511686, 53.64254376775838]}}, {"type": "Feature", "properties": {"t": "2026-04-21T09:30:00+00:00Z", "z_m": 14.954995639522227}, "geometry": {"type": "Point", "coordinates": [-113.51599784892147, 53.644314623670255]}}, {"type": "Feature", "properties": {"t": "2026-04-21T09:30:00+00:00Z", "z_m": 9.50745220053795}, "geometry": {"type": "Point", "coordinates": [-113.51119111127257, 53.6478073958907]}}, {"type": "Feature", "properties": {"t": "2026-04-21T09:30:00+00:00Z", "z_m": 12.584101391578521}, "geometry": {"type": "Point", "coordinates": [-113.51056571830418, 53.64528365533703]}}, {"type": "Feature", "properties": {"t": "2026-04-21T09:30:00+00:00Z", "z_m": 14.009509502120178}, "geometry": {"type": "Point", "coordinates": [-113.51427769124358, 53.645844096628494]}}, {"type": "Feature", "properties": {"t": "2026-04-21T09:30:00+00:00Z", "z_m": 13.945013247486214}, "geometry": {"type": "Point", "coordinates": [-113.51176735689307, 53.64287395882485]}}, {"type": "Feature", "properties": {"t": "2026-04-21T09:30:00+00:00Z", "z_m": 13.831958462179095}, "geometry": {"type": "Point", "coordinates": [-113.51259392556112, 53.64246451704262]}}, {"type": "Feature", "properties": {"t": "2026-04-21T09:30:00+00:00Z", "z_m": 19.408589407072412}, "geometry": {"type": "Point", "coordinates": [-113.5126110683687, 53.64215553942374]}}, {"type": "Feature", "properties": {"t": "2026-04-21T09:30:00+00:00Z", "z_m": 18.475644171270122}, "geometry": {"type": "Point", "coordinates": [-113.51639041044142, 53.64304873818483]}}, {"type": "Feature", "properties": {"t": "2026-04-21T09:30:00+00:00Z", "z_m": 17.060993918816063}, "geometry": {"type": "Point", "coordinates": [-113.50898058958323, 53.644777742317224]}}, {"type": "Feature", "properties": {"t": "2026-04-21T09:30:00+00:00Z", "z_m": 18.92278422401295}, "geometry": {"type": "Point", "coordinates": [-113.50755018500237, 53.642977935922886]}}, {"type": "Feature", "properties": {"t": "2026-04-21T09:30:00+00:00Z", "z_m": 17.278346891944565}, "geometry": {"type": "Point", "coordinates": [-113.50822529612789, 53.64361445084122]}}, {"type": "Feature", "properties": {"t": "2026-04-21T09:30:00+00:00Z", "z_m": 18.512533540446558}, "geometry": {"type": "Point", "coordinates": [-113.50951186341797, 53.64618601346846]}}, {"type": "Feature", "properties": {"t": "2026-04-21T09:30:00+00:00Z", "z_m": 12.830139789656908}, "geometry": {"type": "Point", "coordinates": [-113.51221699526636, 53.64166365463553]}}, {"type": "Feature", "properties": {"t": "2026-04-21T09:30:00+00:00Z", "z_m": 13.787522552571353}, "geometry": {"type": "Point", "coordinates": [-113.51276478940177, 53.6445098103849]}}, {"type": "Feature", "properties": {"t": "2026-04-21T09:30:00+00:00Z", "z_m": 13.843977627151247}, "geometry": {"type": "Point", "coordinates": [-113.5034227286947, 53.6442712328083]}}, {"type": "Feature", "properties": {"t": "2026-04-21T09:30:00+00:00Z", "z_m": 20.0}, "geometry": {"type": "Point", "coordinates": [-113.51401265801334, 53.64668254140024]}}, {"type": "Feature", "properties": {"t": "2026-04-21T09:30:00+00:00Z", "z_m": 20.0}, "geometry": {"type": "Point", "coordinates": [-113.51768998208917, 53.6434284494769]}}, {"type": "Feature", "properties": {"t": "2026-04-21T09:30:00+00:00Z", "z_m": 19.800369957596892}, "geometry": {"type": "Point", "coordinates": [-113.50986331740484, 53.64494682234647]}}, {"type": "Feature", "properties": {"t": "2026-04-21T09:30:00+00:00Z", "z_m": 14.91868877268973}, "geometry": {"type": "Point", "coordinates": [-113.50997317813946, 53.64313727210836]}}, {"type": "Feature", "properties": {"t": "2026-04-21T09:30:00+00:00Z", "z_m": 20.0}, "geometry": {"type": "Point", "coordinates": [-113.5089335752845, 53.64260887170611]}}, {"type": "Feature", "properties": {"t": "2026-04-21T09:25:00+00:00Z", "z_m": 16.87019024148457}, "geometry": {"type": "Point", "coordinates": [-113.52329864168968, 53.65878862963499]}}, {"type": "Feature", "properties": {"t": "2026-04-21T09:25:00+00:00Z", "z_m": 15.996475191713039}, "geometry": {"type": "Point", "coordinates": [-113.51205780854417, 53.65592403215431]}}, {"type": "Feature", "properties": {"t": "2026-04-21T09:25:00+00:00Z", "z_m": 20.0}, "geometry": {"type": "Point", "coordinates": [-113.51312736694794, 53.656626117438456]}}, {"type": "Feature", "properties": {"t": "2026-04-21T09:25:00+00:00Z", "z_m": 16.482997670222293}, "geometry": {"type": "Point", "coordinates": [-113.50674765532925, 53.662495685242064]}}, {"type": "Feature", "properties": {"t": "2026-04-21T09:25:00+00:00Z", "z_m": 17.67251081095165}, "geometry": {"type": "Point", "coordinates": [-113.51635679603608, 53.654282529818374]}}, {"type": "Feature", "properties": {"t": "2026-04-21T09:25:00+00:00Z", "z_m": 16.714167752405572}, "geometry": {"type": "Point", "coordinates": [-113.51548817735296, 53.659102933384226]}}, {"type": "Feature", "properties": {"t": "2026-04-21T09:25:00+00:00Z", "z_m": 17.221538154828018}, "geometry": {"type": "Point", "coordinates": [-113.51779766035422, 53.659374535504156]}}, {"type": "Feature", "properties": {"t": "2026-04-21T09:25:00+00:00Z", "z_m": 11.319626199514659}, "geometry": {"type": "Point", "coordinates": [-113.51287210518339, 53.659444497632435]}}, {"type": "Feature", "properties": {"t": "2026-04-21T09:25:00+00:00Z", "z_m": 14.68183078422857}, "geometry": {"type": "Point", "coordinates": [-113.5121626207191, 53.656571091944485]}}, {"type": "Feature", "properties": {"t": "2026-04-21T09:25:00+00:00Z", "z_m": 17.746393094798158}, "geometry": {"type": "Point", "coordinates": [-113.51490191264276, 53.65924737624851]}}, {"type": "Feature", "properties": {"t": "2026-04-21T09:25:00+00:00Z", "z_m": 15.669498373703018}, "geometry": {"type": "Point", "coordinates": [-113.5171098549639, 53.659702792476075]}}, {"type": "Feature", "properties": {"t": "2026-04-21T09:25:00+00:00Z", "z_m": 20.0}, "geometry": {"type": "Point", "coordinates": [-113.51486205646137, 53.66016588679656]}}, {"type": "Feature", "properties": {"t": "2026-04-21T09:25:00+00:00Z", "z_m": 18.642024878857313}, "geometry": {"type": "Point", "coordinates": [-113.51836463922672, 53.657211133955315]}}, {"type": "Feature", "properties": {"t": "2026-04-21T09:25:00+00:00Z", "z_m": 17.644611272476748}, "geometry": {"type": "Point", "coordinates": [-113.51970495711728, 53.6592160262821]}}, {"type": "Feature", "properties": {"t": "2026-04-21T09:25:00+00:00Z", "z_m": 8.199749615054056}, "geometry": {"type": "Point", "coordinates": [-113.51520850566232, 53.65877059175824]}}, {"type": "Feature", "properties": {"t": "2026-04-21T09:25:00+00:00Z", "z_m": 18.725169608364375}, "geometry": {"type": "Point", "coordinates": [-113.5087032042249, 53.655389024936945]}}, {"type": "Feature", "properties": {"t": "2026-04-21T09:25:00+00:00Z", "z_m": 14.291032859101826}, "geometry": {"type": "Point", "coordinates": [-113.51188686466504, 53.65877757138185]}}, {"type": "Feature", "properties": {"t": "2026-04-21T09:25:00+00:00Z", "z_m": 13.339199184186533}, "geometry": {"type": "Point", "coordinates": [-113.51805034025985, 53.66022187668566]}}, {"type": "Feature", "properties": {"t": "2026-04-21T09:25:00+00:00Z", "z_m": 15.618747653105968}, "geometry": {"type": "Point", "coordinates": [-113.51793887572988, 53.657198545246494]}}, {"type": "Feature", "properties": {"t": "2026-04-21T09:25:00+00:00Z", "z_m": 19.273193140750944}, "geometry": {"type": "Point", "coordinates": [-113.51313318724559, 53.65737783596699]}}, {"type": "Feature", "properties": {"t": "2026-04-21T09:25:00+00:00Z", "z_m": 13.554586736460989}, "geometry": {"type": "Point", "coordinates": [-113.51115554540236, 53.661909137768504]}}, {"type": "Feature", "properties": {"t": "2026-04-21T09:25:00+00:00Z", "z_m": 18.1104015435432}, "geometry": {"type": "Point", "coordinates": [-113.51751965459682, 53.65798874372555]}}, {"type": "Feature", "properties": {"t": "2026-04-21T09:25:00+00:00Z", "z_m": 15.553134271338699}, "geometry": {"type": "Point", "coordinates": [-113.51217330757845, 53.65740117586469]}}, {"type": "Feature", "properties": {"t": "2026-04-21T09:25:00+00:00Z", "z_m": 16.079077276595314}, "geometry": {"type": "Point", "coordinates": [-113.515561296474, 53.65882959390404]}}, {"type": "Feature", "properties": {"t": "2026-04-21T09:25:00+00:00Z", "z_m": 17.791187923867056}, "geometry": {"type": "Point", "coordinates": [-113.51818307937532, 53.65982283785728]}}, {"type": "Feature", "properties": {"t": "2026-04-21T09:25:00+00:00Z", "z_m": 18.94963945497945}, "geometry": {"type": "Point", "coordinates": [-113.51740586930481, 53.6566428220825]}}, {"type": "Feature", "properties": {"t": "2026-04-21T09:25:00+00:00Z", "z_m": 18.283804412397316}, "geometry": {"type": "Point", "coordinates": [-113.51601200063244, 53.66057435040721]}}, {"type": "Feature", "properties": {"t": "2026-04-21T09:25:00+00:00Z", "z_m": 19.87992923303352}, "geometry": {"type": "Point", "coordinates": [-113.51762537837762, 53.65761693220877]}}, {"type": "Feature", "properties": {"t": "2026-04-21T09:25:00+00:00Z", "z_m": 15.674153520739159}, "geometry": {"type": "Point", "coordinates": [-113.51671919186398, 53.65992596140432]}}, {"type": "Feature", "properties": {"t": "2026-04-21T09:25:00+00:00Z", "z_m": 20.0}, "geometry": {"type": "Point", "coordinates": [-113.51575556192513, 53.65629544029049]}}, {"type": "Feature", "properties": {"t": "2026-04-21T09:25:00+00:00Z", "z_m": 16.081052294634265}, "geometry": {"type": "Point", "coordinates": [-113.51913341791244, 53.65871951281286]}}, {"type": "Feature", "properties": {"t": "2026-04-21T09:25:00+00:00Z", "z_m": 10.770450486197548}, "geometry": {"type": "Point", "coordinates": [-113.51501564399894, 53.66169881247705]}}, {"type": "Feature", "properties": {"t": "2026-04-21T09:25:00+00:00Z", "z_m": 13.199638004151085}, "geometry": {"type": "Point", "coordinates": [-113.51165624665447, 53.6597954040344]}}, {"type": "Feature", "properties": {"t": "2026-04-21T09:25:00+00:00Z", "z_m": 12.439744935300052}, "geometry": {"type": "Point", "coordinates": [-113.51635768214166, 53.660085800033514]}}, {"type": "Feature", "properties": {"t": "2026-04-21T09:25:00+00:00Z", "z_m": 13.123559597084808}, "geometry": {"type": "Point", "coordinates": [-113.51469051725589, 53.65728815027679]}}, {"type": "Feature", "properties": {"t": "2026-04-21T09:25:00+00:00Z", "z_m": 17.08995920676135}, "geometry": {"type": "Point", "coordinates": [-113.51687195389302, 53.65631179155993]}}, {"type": "Feature", "properties": {"t": "2026-04-21T09:25:00+00:00Z", "z_m": 19.78905280559135}, "geometry": {"type": "Point", "coordinates": [-113.51219533496261, 53.657196951103515]}}, {"type": "Feature", "properties": {"t": "2026-04-21T09:25:00+00:00Z", "z_m": 16.597371054796298}, "geometry": {"type": "Point", "coordinates": [-113.52073573200909, 53.65842031857103]}}, {"type": "Feature", "properties": {"t": "2026-04-21T09:25:00+00:00Z", "z_m": 16.250173008125266}, "geometry": {"type": "Point", "coordinates": [-113.51119974632118, 53.65910947464528]}}, {"type": "Feature", "properties": {"t": "2026-04-21T09:25:00+00:00Z", "z_m": 15.923681043728006}, "geometry": {"type": "Point", "coordinates": [-113.50953910647438, 53.65764974761404]}}, {"type": "Feature", "properties": {"t": "2026-04-21T09:25:00+00:00Z", "z_m": 15.283514524627146}, "geometry": {"type": "Point", "coordinates": [-113.51103896402478, 53.65913871167352]}}, {"type": "Feature", "properties": {"t": "2026-04-21T09:25:00+00:00Z", "z_m": 17.42569097984078}, "geometry": {"type": "Point", "coordinates": [-113.51301896605675, 53.66149920751793]}}, {"type": "Feature", "properties": {"t": "2026-04-21T09:25:00+00:00Z", "z_m": 13.57069036059979}, "geometry": {"type": "Point", "coordinates": [-113.51601441875754, 53.656349606803516]}}, {"type": "Feature", "properties": {"t": "2026-04-21T09:25:00+00:00Z", "z_m": 13.833669145847605}, "geometry": {"type": "Point", "coordinates": [-113.5158915078621, 53.65912708823425]}}, {"type": "Feature", "properties": {"t": "2026-04-21T09:25:00+00:00Z", "z_m": 15.746207722691812}, "geometry": {"type": "Point", "coordinates": [-113.50511552442339, 53.659550622613615]}}, {"type": "Feature", "properties": {"t": "2026-04-21T09:25:00+00:00Z", "z_m": 18.829101176273372}, "geometry": {"type": "Point", "coordinates": [-113.5163668968028, 53.65997825234497]}}, {"type": "Feature", "properties": {"t": "2026-04-21T09:25:00+00:00Z", "z_m": 19.631904289874402}, "geometry": {"type": "Point", "coordinates": [-113.51994568161177, 53.65836214007489]}}, {"type": "Feature", "properties": {"t": "2026-04-21T09:25:00+00:00Z", "z_m": 19.106525700095887}, "geometry": {"type": "Point", "coordinates": [-113.5111627156943, 53.658735714793984]}}, {"type": "Feature", "properties": {"t": "2026-04-21T09:25:00+00:00Z", "z_m": 11.482671943145032}, "geometry": {"type": "Point", "coordinates": [-113.51154179209608, 53.65708261581084]}}, {"type": "Feature", "properties": {"t": "2026-04-21T09:25:00+00:00Z", "z_m": 16.75049010636169}, "geometry": {"type": "Point", "coordinates": [-113.51179338769029, 53.65681767436012]}}, {"type": "Feature", "properties": {"t": "2026-04-21T09:20:00+00:00Z", "z_m": 17.49205268127908}, "geometry": {"type": "Point", "coordinates": [-113.52734509750348, 53.6714305705138]}}, {"type": "Feature", "properties": {"t": "2026-04-21T09:20:00+00:00Z", "z_m": 15.565381163572503}, "geometry": {"type": "Point", "coordinates": [-113.51662385363176, 53.669193401726105]}}, {"type": "Feature", "properties": {"t": "2026-04-21T09:20:00+00:00Z", "z_m": 18.907769472880478}, "geometry": {"type": "Point", "coordinates": [-113.51516988891257, 53.67084567903865]}}, {"type": "Feature", "properties": {"t": "2026-04-21T09:20:00+00:00Z", "z_m": 20.0}, "geometry": {"type": "Point", "coordinates": [-113.51328703803115, 53.6761678351395]}}, {"type": "Feature", "properties": {"t": "2026-04-21T09:20:00+00:00Z", "z_m": 17.07852115054679}, "geometry": {"type": "Point", "coordinates": [-113.51835552701942, 53.66825245658133]}}, {"type": "Feature", "properties": {"t": "2026-04-21T09:20:00+00:00Z", "z_m": 18.756638839127845}, "geometry": {"type": "Point", "coordinates": [-113.5189880430617, 53.67245528198763]}}, {"type": "Feature", "properties": {"t": "2026-04-21T09:20:00+00:00Z", "z_m": 19.59340299439721}, "geometry": {"type": "Point", "coordinates": [-113.51922991059661, 53.673281039552634]}}, {"type": "Feature", "properties": {"t": "2026-04-21T09:20:00+00:00Z", "z_m": 13.150980468234843}, "geometry": {"type": "Point", "coordinates": [-113.51826910630842, 53.67290127980639]}}, {"type": "Feature", "properties": {"t": "2026-04-21T09:20:00+00:00Z", "z_m": 14.034678962569345}, "geometry": {"type": "Point", "coordinates": [-113.51471356858914, 53.67110551517335]}}, {"type": "Feature", "properties": {"t": "2026-04-21T09:20:00+00:00Z", "z_m": 17.714114241896077}, "geometry": {"type": "Point", "coordinates": [-113.51607958410803, 53.67389498898192]}}, {"type": "Feature", "properties": {"t": "2026-04-21T09:20:00+00:00Z", "z_m": 17.14127151526075}, "geometry": {"type": "Point", "coordinates": [-113.51957507715449, 53.67480969438541]}}, {"type": "Feature", "properties": {"t": "2026-04-21T09:20:00+00:00Z", "z_m": 20.0}, "geometry": {"type": "Point", "coordinates": [-113.5164097125224, 53.674303657759914]}}, {"type": "Feature", "properties": {"t": "2026-04-21T09:20:00+00:00Z", "z_m": 19.4049990513108}, "geometry": {"type": "Point", "coordinates": [-113.52069145112405, 53.67128615312366]}}, {"type": "Feature", "properties": {"t": "2026-04-21T09:20:00+00:00Z", "z_m": 19.784293976575913}, "geometry": {"type": "Point", "coordinates": [-113.52086076450988, 53.67099660642349]}}, {"type": "Feature", "properties": {"t": "2026-04-21T09:20:00+00:00Z", "z_m": 7.89619366205435}, "geometry": {"type": "Point", "coordinates": [-113.51719663607787, 53.67313108716637]}}, {"type": "Feature", "properties": {"t": "2026-04-21T09:20:00+00:00Z", "z_m": 19.621811278933265}, "geometry": {"type": "Point", "coordinates": [-113.51280168786307, 53.66804299799878]}}, {"type": "Feature", "properties": {"t": "2026-04-21T09:20:00+00:00Z", "z_m": 12.367150995863778}, "geometry": {"type": "Point", "coordinates": [-113.51392646494438, 53.67298656887844]}}, {"type": "Feature", "properties": {"t": "2026-04-21T09:20:00+00:00Z", "z_m": 18.22992442091026}, "geometry": {"type": "Point", "coordinates": [-113.52123798474075, 53.67421164004659]}}, {"type": "Feature", "properties": {"t": "2026-04-21T09:20:00+00:00Z", "z_m": 14.354828025916971}, "geometry": {"type": "Point", "coordinates": [-113.52005063696873, 53.670800436272366]}}, {"type": "Feature", "properties": {"t": "2026-04-21T09:20:00+00:00Z", "z_m": 16.642970143121183}, "geometry": {"type": "Point", "coordinates": [-113.51690977422405, 53.6733486715236]}}, {"type": "Feature", "properties": {"t": "2026-04-21T09:20:00+00:00Z", "z_m": 13.510197410238389}, "geometry": {"type": "Point", "coordinates": [-113.51207262964131, 53.67687645808934]}}, {"type": "Feature", "properties": {"t": "2026-04-21T09:20:00+00:00Z", "z_m": 17.804670314823763}, "geometry": {"type": "Point", "coordinates": [-113.51825684814554, 53.67321575944913]}}, {"type": "Feature", "properties": {"t": "2026-04-21T09:20:00+00:00Z", "z_m": 13.2035499379243}, "geometry": {"type": "Point", "coordinates": [-113.51469153890993, 53.67237868625058]}}, {"type": "Feature", "properties": {"t": "2026-04-21T09:20:00+00:00Z", "z_m": 15.84539995145079}, "geometry": {"type": "Point", "coordinates": [-113.51549242774541, 53.673603801643395]}}, {"type": "Feature", "properties": {"t": "2026-04-21T09:20:00+00:00Z", "z_m": 18.76973601094622}, "geometry": {"type": "Point", "coordinates": [-113.52037238588208, 53.67412283199783]}}, {"type": "Feature", "properties": {"t": "2026-04-21T09:20:00+00:00Z", "z_m": 18.92346065015461}, "geometry": {"type": "Point", "coordinates": [-113.51943153154615, 53.671066901683716]}}, {"type": "Feature", "properties": {"t": "2026-04-21T09:20:00+00:00Z", "z_m": 18.708611146644575}, "geometry": {"type": "Point", "coordinates": [-113.5167893239655, 53.674182777224665]}}, {"type": "Feature", "properties": {"t": "2026-04-21T09:20:00+00:00Z", "z_m": 20.0}, "geometry": {"type": "Point", "coordinates": [-113.52238378344613, 53.671140937186244]}}, {"type": "Feature", "properties": {"t": "2026-04-21T09:20:00+00:00Z", "z_m": 19.380093294131843}, "geometry": {"type": "Point", "coordinates": [-113.51834730307714, 53.67445185668035]}}, {"type": "Feature", "properties": {"t": "2026-04-21T09:20:00+00:00Z", "z_m": 19.981501434119462}, "geometry": {"type": "Point", "coordinates": [-113.51962597473509, 53.671568623667696]}}, {"type": "Feature", "properties": {"t": "2026-04-21T09:20:00+00:00Z", "z_m": 16.661935638294633}, "geometry": {"type": "Point", "coordinates": [-113.52207928676978, 53.67266860795697]}}, {"type": "Feature", "properties": {"t": "2026-04-21T09:20:00+00:00Z", "z_m": 12.450644308012224}, "geometry": {"type": "Point", "coordinates": [-113.51730159266374, 53.67661087962004]}}, {"type": "Feature", "properties": {"t": "2026-04-21T09:20:00+00:00Z", "z_m": 14.451682635184493}, "geometry": {"type": "Point", "coordinates": [-113.51408072512501, 53.6740660017998]}}, {"type": "Feature", "properties": {"t": "2026-04-21T09:20:00+00:00Z", "z_m": 9.996280496804667}, "geometry": {"type": "Point", "coordinates": [-113.51833577285747, 53.673266877085574]}}, {"type": "Feature", "properties": {"t": "2026-04-21T09:20:00+00:00Z", "z_m": 12.088620362796076}, "geometry": {"type": "Point", "coordinates": [-113.51861305681877, 53.67110789006626]}}, {"type": "Feature", "properties": {"t": "2026-04-21T09:20:00+00:00Z", "z_m": 16.068237100182284}, "geometry": {"type": "Point", "coordinates": [-113.51931612347123, 53.669851446538644]}}, {"type": "Feature", "properties": {"t": "2026-04-21T09:20:00+00:00Z", "z_m": 19.031134513133154}, "geometry": {"type": "Point", "coordinates": [-113.51628905870115, 53.671478565668394]}}, {"type": "Feature", "properties": {"t": "2026-04-21T09:20:00+00:00Z", "z_m": 17.71324271823712}, "geometry": {"type": "Point", "coordinates": [-113.52319924498812, 53.672656358082975]}}, {"type": "Feature", "properties": {"t": "2026-04-21T09:20:00+00:00Z", "z_m": 18.262611839031454}, "geometry": {"type": "Point", "coordinates": [-113.5112491256551, 53.67340243792621]}}, {"type": "Feature", "properties": {"t": "2026-04-21T09:20:00+00:00Z", "z_m": 18.157768025107462}, "geometry": {"type": "Point", "coordinates": [-113.51253289248965, 53.671630438196146]}}, {"type": "Feature", "properties": {"t": "2026-04-21T09:20:00+00:00Z", "z_m": 12.462555108307367}, "geometry": {"type": "Point", "coordinates": [-113.51363634723167, 53.67377877613378]}}, {"type": "Feature", "properties": {"t": "2026-04-21T09:20:00+00:00Z", "z_m": 17.65504857761948}, "geometry": {"type": "Point", "coordinates": [-113.51626711700668, 53.67667838996005]}}, {"type": "Feature", "properties": {"t": "2026-04-21T09:20:00+00:00Z", "z_m": 13.68925553133742}, "geometry": {"type": "Point", "coordinates": [-113.5186773701984, 53.67135335482699]}}, {"type": "Feature", "properties": {"t": "2026-04-21T09:20:00+00:00Z", "z_m": 13.783809187435853}, "geometry": {"type": "Point", "coordinates": [-113.51711591561806, 53.671824998527875]}}, {"type": "Feature", "properties": {"t": "2026-04-21T09:20:00+00:00Z", "z_m": 15.54193597482665}, "geometry": {"type": "Point", "coordinates": [-113.50740991778787, 53.67333834588103]}}, {"type": "Feature", "properties": {"t": "2026-04-21T09:20:00+00:00Z", "z_m": 20.0}, "geometry": {"type": "Point", "coordinates": [-113.51835470779798, 53.67367499599303]}}, {"type": "Feature", "properties": {"t": "2026-04-21T09:20:00+00:00Z", "z_m": 19.453100406433904}, "geometry": {"type": "Point", "coordinates": [-113.52299472476165, 53.67267568911642]}}, {"type": "Feature", "properties": {"t": "2026-04-21T09:20:00+00:00Z", "z_m": 18.137558101041314}, "geometry": {"type": "Point", "coordinates": [-113.5122562411953, 53.672901086785295]}}, {"type": "Feature", "properties": {"t": "2026-04-21T09:20:00+00:00Z", "z_m": 7.756034055762699}, "geometry": {"type": "Point", "coordinates": [-113.51377948027768, 53.671152791024866]}}, {"type": "Feature", "properties": {"t": "2026-04-21T09:20:00+00:00Z", "z_m": 12.948103325134337}, "geometry": {"type": "Point", "coordinates": [-113.51388565406361, 53.67015644279045]}}, {"type": "Feature", "properties": {"t": "2026-04-21T09:15:00+00:00Z", "z_m": 16.151708368736394}, "geometry": {"type": "Point", "coordinates": [-113.52846828790749, 53.68351950813399]}}, {"type": "Feature", "properties": {"t": "2026-04-21T09:15:00+00:00Z", "z_m": 16.34205849445723}, "geometry": {"type": "Point", "coordinates": [-113.51693024991569, 53.68343341070145]}}, {"type": "Feature", "properties": {"t": "2026-04-21T09:15:00+00:00Z", "z_m": 18.221184781289388}, "geometry": {"type": "Point", "coordinates": [-113.51708266242537, 53.68524489879706]}}, {"type": "Feature", "properties": {"t": "2026-04-21T09:15:00+00:00Z", "z_m": 19.14618768177047}, "geometry": {"type": "Point", "coordinates": [-113.51509334891877, 53.69008179648273]}}, {"type": "Feature", "properties": {"t": "2026-04-21T09:15:00+00:00Z", "z_m": 18.478176095725992}, "geometry": {"type": "Point", "coordinates": [-113.52159485671217, 53.682423574087004]}}, {"type": "Feature", "properties": {"t": "2026-04-21T09:15:00+00:00Z", "z_m": 19.562745482080466}, "geometry": {"type": "Point", "coordinates": [-113.52056499265898, 53.68628805233394]}}, {"type": "Feature", "properties": {"t": "2026-04-21T09:15:00+00:00Z", "z_m": 17.79125414687129}, "geometry": {"type": "Point", "coordinates": [-113.52239460147321, 53.688132055784926]}}, {"type": "Feature", "properties": {"t": "2026-04-21T09:15:00+00:00Z", "z_m": 15.70871314105763}, "geometry": {"type": "Point", "coordinates": [-113.52227157378208, 53.68511137877499]}}, {"type": "Feature", "properties": {"t": "2026-04-21T09:15:00+00:00Z", "z_m": 14.847049710259357}, "geometry": {"type": "Point", "coordinates": [-113.51830102532706, 53.68532396396637]}}, {"type": "Feature", "properties": {"t": "2026-04-21T09:15:00+00:00Z", "z_m": 17.51558918037399}, "geometry": {"type": "Point", "coordinates": [-113.52043256162821, 53.68738704065388]}}, {"type": "Feature", "properties": {"t": "2026-04-21T09:15:00+00:00Z", "z_m": 16.45360405096792}, "geometry": {"type": "Point", "coordinates": [-113.52226382005401, 53.689539164633956]}}, {"type": "Feature", "properties": {"t": "2026-04-21T09:15:00+00:00Z", "z_m": 18.975672999477304}, "geometry": {"type": "Point", "coordinates": [-113.51939741331358, 53.68854376979796]}}, {"type": "Feature", "properties": {"t": "2026-04-21T09:15:00+00:00Z", "z_m": 19.74802539641177}, "geometry": {"type": "Point", "coordinates": [-113.52178066907615, 53.68539051297563]}}, {"type": "Feature", "properties": {"t": "2026-04-21T09:15:00+00:00Z", "z_m": 18.82297969353456}, "geometry": {"type": "Point", "coordinates": [-113.52305366482348, 53.68516052703069]}}, {"type": "Feature", "properties": {"t": "2026-04-21T09:15:00+00:00Z", "z_m": 9.24410064956693}, "geometry": {"type": "Point", "coordinates": [-113.51708651854337, 53.68862376334039]}}, {"type": "Feature", "properties": {"t": "2026-04-21T09:15:00+00:00Z", "z_m": 18.762616649080154}, "geometry": {"type": "Point", "coordinates": [-113.51483422933693, 53.6825165359875]}}, {"type": "Feature", "properties": {"t": "2026-04-21T09:15:00+00:00Z", "z_m": 14.862862934648039}, "geometry": {"type": "Point", "coordinates": [-113.51505933870882, 53.68614387312942]}}, {"type": "Feature", "properties": {"t": "2026-04-21T09:15:00+00:00Z", "z_m": 14.960043746797023}, "geometry": {"type": "Point", "coordinates": [-113.52280529231317, 53.687294117889024]}}, {"type": "Feature", "properties": {"t": "2026-04-21T09:15:00+00:00Z", "z_m": 12.37579142838466}, "geometry": {"type": "Point", "coordinates": [-113.52230289202097, 53.68487736846882]}}, {"type": "Feature", "properties": {"t": "2026-04-21T09:15:00+00:00Z", "z_m": 16.140754917474297}, "geometry": {"type": "Point", "coordinates": [-113.51896564842254, 53.68708800218899]}}, {"type": "Feature", "properties": {"t": "2026-04-21T09:15:00+00:00Z", "z_m": 10.684703294121821}, "geometry": {"type": "Point", "coordinates": [-113.5123275814314, 53.69084528591135]}}, {"type": "Feature", "properties": {"t": "2026-04-21T09:15:00+00:00Z", "z_m": 18.568718501656665}, "geometry": {"type": "Point", "coordinates": [-113.5201866492547, 53.686652726112314]}}, {"type": "Feature", "properties": {"t": "2026-04-21T09:15:00+00:00Z", "z_m": 12.795034702175734}, "geometry": {"type": "Point", "coordinates": [-113.51653639663851, 53.68656983670375]}}, {"type": "Feature", "properties": {"t": "2026-04-21T09:15:00+00:00Z", "z_m": 15.390006686617093}, "geometry": {"type": "Point", "coordinates": [-113.51701743879696, 53.68769193564449]}}, {"type": "Feature", "properties": {"t": "2026-04-21T09:15:00+00:00Z", "z_m": 17.293691671113887}, "geometry": {"type": "Point", "coordinates": [-113.52289691954682, 53.686673725798066]}}, {"type": "Feature", "properties": {"t": "2026-04-21T09:15:00+00:00Z", "z_m": 18.89881771273121}, "geometry": {"type": "Point", "coordinates": [-113.52229404546411, 53.68577403658189]}}, {"type": "Feature", "properties": {"t": "2026-04-21T09:15:00+00:00Z", "z_m": 17.5098389293332}, "geometry": {"type": "Point", "coordinates": [-113.51665233332353, 53.68764292752384]}}, {"type": "Feature", "properties": {"t": "2026-04-21T09:15:00+00:00Z", "z_m": 20.0}, "geometry": {"type": "Point", "coordinates": [-113.52696733147589, 53.68502183469157]}}, {"type": "Feature", "properties": {"t": "2026-04-21T09:15:00+00:00Z", "z_m": 20.0}, "geometry": {"type": "Point", "coordinates": [-113.52002058485765, 53.687215597546405]}}, {"type": "Feature", "properties": {"t": "2026-04-21T09:15:00+00:00Z", "z_m": 19.978283647572002}, "geometry": {"type": "Point", "coordinates": [-113.52004184618372, 53.68612185259516]}}, {"type": "Feature", "properties": {"t": "2026-04-21T09:15:00+00:00Z", "z_m": 16.749456820067685}, "geometry": {"type": "Point", "coordinates": [-113.52336645024579, 53.687120201704005]}}, {"type": "Feature", "properties": {"t": "2026-04-21T09:15:00+00:00Z", "z_m": 7.682440378026094}, "geometry": {"type": "Point", "coordinates": [-113.51970949889007, 53.69052311781821]}}, {"type": "Feature", "properties": {"t": "2026-04-21T09:15:00+00:00Z", "z_m": 14.894366544782043}, "geometry": {"type": "Point", "coordinates": [-113.51657360590863, 53.6877446861787]}}, {"type": "Feature", "properties": {"t": "2026-04-21T09:15:00+00:00Z", "z_m": 11.423096973887143}, "geometry": {"type": "Point", "coordinates": [-113.51985639824802, 53.68745640690222]}}, {"type": "Feature", "properties": {"t": "2026-04-21T09:15:00+00:00Z", "z_m": 15.862991776247961}, "geometry": {"type": "Point", "coordinates": [-113.52077272580904, 53.685371342687986]}}, {"type": "Feature", "properties": {"t": "2026-04-21T09:15:00+00:00Z", "z_m": 16.223855513098233}, "geometry": {"type": "Point", "coordinates": [-113.52232028012516, 53.682902617263025]}}, {"type": "Feature", "properties": {"t": "2026-04-21T09:15:00+00:00Z", "z_m": 17.02996012814645}, "geometry": {"type": "Point", "coordinates": [-113.51823311699312, 53.68597895330472]}}, {"type": "Feature", "properties": {"t": "2026-04-21T09:15:00+00:00Z", "z_m": 17.96833741043822}, "geometry": {"type": "Point", "coordinates": [-113.52316343430253, 53.6858500774294]}}, {"type": "Feature", "properties": {"t": "2026-04-21T09:15:00+00:00Z", "z_m": 19.88300313008947}, "geometry": {"type": "Point", "coordinates": [-113.51165328444515, 53.68561084624501]}}, {"type": "Feature", "properties": {"t": "2026-04-21T09:15:00+00:00Z", "z_m": 19.276330224927637}, "geometry": {"type": "Point", "coordinates": [-113.51449912844701, 53.68446886481352]}}, {"type": "Feature", "properties": {"t": "2026-04-21T09:15:00+00:00Z", "z_m": 12.922520264171755}, "geometry": {"type": "Point", "coordinates": [-113.51416651464037, 53.686853356934]}}, {"type": "Feature", "properties": {"t": "2026-04-21T09:15:00+00:00Z", "z_m": 15.797771581265394}, "geometry": {"type": "Point", "coordinates": [-113.51721912034225, 53.69061912178814]}}, {"type": "Feature", "properties": {"t": "2026-04-21T09:15:00+00:00Z", "z_m": 11.160295227192007}, "geometry": {"type": "Point", "coordinates": [-113.5206273559758, 53.68626368622838]}}, {"type": "Feature", "properties": {"t": "2026-04-21T09:15:00+00:00Z", "z_m": 15.230835711873837}, "geometry": {"type": "Point", "coordinates": [-113.51889386427311, 53.68582572157733]}}, {"type": "Feature", "properties": {"t": "2026-04-21T09:15:00+00:00Z", "z_m": 16.763133361963654}, "geometry": {"type": "Point", "coordinates": [-113.50996007973951, 53.687415345237554]}}, {"type": "Feature", "properties": {"t": "2026-04-21T09:15:00+00:00Z", "z_m": 19.41426412679115}, "geometry": {"type": "Point", "coordinates": [-113.5218961886626, 53.68747685675612]}}, {"type": "Feature", "properties": {"t": "2026-04-21T09:15:00+00:00Z", "z_m": 20.0}, "geometry": {"type": "Point", "coordinates": [-113.52598569276591, 53.68537214450096]}}, {"type": "Feature", "properties": {"t": "2026-04-21T09:15:00+00:00Z", "z_m": 19.287537810450292}, "geometry": {"type": "Point", "coordinates": [-113.51282956169602, 53.68643659227758]}}, {"type": "Feature", "properties": {"t": "2026-04-21T09:15:00+00:00Z", "z_m": 7.665470255796949}, "geometry": {"type": "Point", "coordinates": [-113.51583736380728, 53.68401093879621]}}, {"type": "Feature", "properties": {"t": "2026-04-21T09:15:00+00:00Z", "z_m": 15.03387367325891}, "geometry": {"type": "Point", "coordinates": [-113.51586134643314, 53.68452413295381]}}, {"type": "Feature", "properties": {"t": "2026-04-21T09:10:00+00:00Z", "z_m": 15.604451889571541}, "geometry": {"type": "Point", "coordinates": [-113.5300210258481, 53.69750391958983]}}, {"type": "Feature", "properties": {"t": "2026-04-21T09:10:00+00:00Z", "z_m": 16.673787934977458}, "geometry": {"type": "Point", "coordinates": [-113.51928281668974, 53.69782240022064]}}, {"type": "Feature", "properties": {"t": "2026-04-21T09:10:00+00:00Z", "z_m": 19.194436890081207}, "geometry": {"type": "Point", "coordinates": [-113.52156890284792, 53.69890315271217]}}, {"type": "Feature", "properties": {"t": "2026-04-21T09:10:00+00:00Z", "z_m": 17.853762355132258}, "geometry": {"type": "Point", "coordinates": [-113.51860820430375, 53.702990705146775]}}, {"type": "Feature", "properties": {"t": "2026-04-21T09:10:00+00:00Z", "z_m": 18.688264043988035}, "geometry": {"type": "Point", "coordinates": [-113.52158191817186, 53.69661475162514]}}, {"type": "Feature", "properties": {"t": "2026-04-21T09:10:00+00:00Z", "z_m": 20.0}, "geometry": {"type": "Point", "coordinates": [-113.5234568200161, 53.69961833357451]}}, {"type": "Feature", "properties": {"t": "2026-04-21T09:10:00+00:00Z", "z_m": 19.14486065769194}, "geometry": {"type": "Point", "coordinates": [-113.52196475409053, 53.70340533024461]}}, {"type": "Feature", "properties": {"t": "2026-04-21T09:10:00+00:00Z", "z_m": 13.092963725896045}, "geometry": {"type": "Point", "coordinates": [-113.52462328225843, 53.69815922990512]}}, {"type": "Feature", "properties": {"t": "2026-04-21T09:10:00+00:00Z", "z_m": 10.863162660871716}, "geometry": {"type": "Point", "coordinates": [-113.51951635243488, 53.69899715870546]}}, {"type": "Feature", "properties": {"t": "2026-04-21T09:10:00+00:00Z", "z_m": 19.79660007900689}, "geometry": {"type": "Point", "coordinates": [-113.5228018079201, 53.70055676301807]}}, {"type": "Feature", "properties": {"t": "2026-04-21T09:10:00+00:00Z", "z_m": 16.641760171019403}, "geometry": {"type": "Point", "coordinates": [-113.523323020262, 53.70248585442214]}}, {"type": "Feature", "properties": {"t": "2026-04-21T09:10:00+00:00Z", "z_m": 19.11026922006092}, "geometry": {"type": "Point", "coordinates": [-113.52122717413329, 53.702787887784964]}}, {"type": "Feature", "properties": {"t": "2026-04-21T09:10:00+00:00Z", "z_m": 16.962153894320952}, "geometry": {"type": "Point", "coordinates": [-113.52177023357103, 53.699041798316394]}}, {"type": "Feature", "properties": {"t": "2026-04-21T09:10:00+00:00Z", "z_m": 16.117472338288245}, "geometry": {"type": "Point", "coordinates": [-113.52483418475738, 53.697700726179065]}}, {"type": "Feature", "properties": {"t": "2026-04-21T09:10:00+00:00Z", "z_m": 7.7326961092943955}, "geometry": {"type": "Point", "coordinates": [-113.51663962488367, 53.70176103257633]}}, {"type": "Feature", "properties": {"t": "2026-04-21T09:10:00+00:00Z", "z_m": 14.94748062769875}, "geometry": {"type": "Point", "coordinates": [-113.5162763374387, 53.6966918312621]}}, {"type": "Feature", "properties": {"t": "2026-04-21T09:10:00+00:00Z", "z_m": 12.281577833551486}, "geometry": {"type": "Point", "coordinates": [-113.51376436691513, 53.69930511038888]}}, {"type": "Feature", "properties": {"t": "2026-04-21T09:10:00+00:00Z", "z_m": 13.571124206045049}, "geometry": {"type": "Point", "coordinates": [-113.52344214929073, 53.7004268881213]}}, {"type": "Feature", "properties": {"t": "2026-04-21T09:10:00+00:00Z", "z_m": 12.513725479317765}, "geometry": {"type": "Point", "coordinates": [-113.52288553428264, 53.698026125712616]}}, {"type": "Feature", "properties": {"t": "2026-04-21T09:10:00+00:00Z", "z_m": 16.35471780021766}, "geometry": {"type": "Point", "coordinates": [-113.52115638141028, 53.7011733186176]}}, {"type": "Feature", "properties": {"t": "2026-04-21T09:10:00+00:00Z", "z_m": 10.425997168843976}, "geometry": {"type": "Point", "coordinates": [-113.51280718903303, 53.7051989316211]}}, {"type": "Feature", "properties": {"t": "2026-04-21T09:10:00+00:00Z", "z_m": 17.51510863002045}, "geometry": {"type": "Point", "coordinates": [-113.52183702877846, 53.70004623629054]}}, {"type": "Feature", "properties": {"t": "2026-04-21T09:10:00+00:00Z", "z_m": 12.961710985991916}, "geometry": {"type": "Point", "coordinates": [-113.51857672760218, 53.70189047891266]}}, {"type": "Feature", "properties": {"t": "2026-04-21T09:10:00+00:00Z", "z_m": 11.982257775314759}, "geometry": {"type": "Point", "coordinates": [-113.51900656145064, 53.70240526497768]}}, {"type": "Feature", "properties": {"t": "2026-04-21T09:10:00+00:00Z", "z_m": 15.468845493323437}, "geometry": {"type": "Point", "coordinates": [-113.5251844729943, 53.69991362373515]}}, {"type": "Feature", "properties": {"t": "2026-04-21T09:10:00+00:00Z", "z_m": 19.354307326062305}, "geometry": {"type": "Point", "coordinates": [-113.5243843131857, 53.69986724267455]}}, {"type": "Feature", "properties": {"t": "2026-04-21T09:10:00+00:00Z", "z_m": 16.78566498862381}, "geometry": {"type": "Point", "coordinates": [-113.516164021694, 53.702045422839326]}}, {"type": "Feature", "properties": {"t": "2026-04-21T09:10:00+00:00Z", "z_m": 19.78768808354783}, "geometry": {"type": "Point", "coordinates": [-113.52983115202694, 53.69927777825748]}}, {"type": "Feature", "properties": {"t": "2026-04-21T09:10:00+00:00Z", "z_m": 16.707112769581414}, "geometry": {"type": "Point", "coordinates": [-113.52294427294366, 53.70005921808343]}}, {"type": "Feature", "properties": {"t": "2026-04-21T09:10:00+00:00Z", "z_m": 19.73450727732068}, "geometry": {"type": "Point", "coordinates": [-113.52041796975995, 53.699813628726616]}}, {"type": "Feature", "properties": {"t": "2026-04-21T09:10:00+00:00Z", "z_m": 15.614886523166254}, "geometry": {"type": "Point", "coordinates": [-113.52442990145892, 53.70091808131232]}}, {"type": "Feature", "properties": {"t": "2026-04-21T09:10:00+00:00Z", "z_m": 6.808324900254379}, "geometry": {"type": "Point", "coordinates": [-113.52093714254691, 53.70442320215599]}}, {"type": "Feature", "properties": {"t": "2026-04-21T09:10:00+00:00Z", "z_m": 15.430826369857932}, "geometry": {"type": "Point", "coordinates": [-113.51600010559854, 53.700642502430775]}}, {"type": "Feature", "properties": {"t": "2026-04-21T09:10:00+00:00Z", "z_m": 12.300325292479833}, "geometry": {"type": "Point", "coordinates": [-113.52249373279761, 53.70176380140252]}}, {"type": "Feature", "properties": {"t": "2026-04-21T09:10:00+00:00Z", "z_m": 17.81547605072941}, "geometry": {"type": "Point", "coordinates": [-113.52051575045331, 53.69799769458884]}}, {"type": "Feature", "properties": {"t": "2026-04-21T09:10:00+00:00Z", "z_m": 17.58200032922592}, "geometry": {"type": "Point", "coordinates": [-113.52191038950967, 53.69588298743377]}}, {"type": "Feature", "properties": {"t": "2026-04-21T09:10:00+00:00Z", "z_m": 17.09408409664594}, "geometry": {"type": "Point", "coordinates": [-113.52030183865384, 53.699930206972]}}, {"type": "Feature", "properties": {"t": "2026-04-21T09:10:00+00:00Z", "z_m": 18.02801818082418}, "geometry": {"type": "Point", "coordinates": [-113.52312814539522, 53.69857351576583]}}, {"type": "Feature", "properties": {"t": "2026-04-21T09:10:00+00:00Z", "z_m": 19.381994495574308}, "geometry": {"type": "Point", "coordinates": [-113.51458193695197, 53.69917848048822]}}, {"type": "Feature", "properties": {"t": "2026-04-21T09:10:00+00:00Z", "z_m": 20.0}, "geometry": {"type": "Point", "coordinates": [-113.51612976498711, 53.69848529658246]}}, {"type": "Feature", "properties": {"t": "2026-04-21T09:10:00+00:00Z", "z_m": 11.36868175892162}, "geometry": {"type": "Point", "coordinates": [-113.51396590359943, 53.70087470200811]}}, {"type": "Feature", "properties": {"t": "2026-04-21T09:10:00+00:00Z", "z_m": 17.617032817034627}, "geometry": {"type": "Point", "coordinates": [-113.51830444303361, 53.70401067833001]}}, {"type": "Feature", "properties": {"t": "2026-04-21T09:10:00+00:00Z", "z_m": 10.069702039036963}, "geometry": {"type": "Point", "coordinates": [-113.52099523598316, 53.69985016912157]}}, {"type": "Feature", "properties": {"t": "2026-04-21T09:10:00+00:00Z", "z_m": 15.000293648873303}, "geometry": {"type": "Point", "coordinates": [-113.5225074269219, 53.70006923624763]}}, {"type": "Feature", "properties": {"t": "2026-04-21T09:10:00+00:00Z", "z_m": 15.549800695170301}, "geometry": {"type": "Point", "coordinates": [-113.50962089933654, 53.70004262333611]}}, {"type": "Feature", "properties": {"t": "2026-04-21T09:10:00+00:00Z", "z_m": 20.0}, "geometry": {"type": "Point", "coordinates": [-113.52351014219964, 53.700715583016674]}}, {"type": "Feature", "properties": {"t": "2026-04-21T09:10:00+00:00Z", "z_m": 19.93826036304872}, "geometry": {"type": "Point", "coordinates": [-113.52582197156651, 53.69954998201804]}}, {"type": "Feature", "properties": {"t": "2026-04-21T09:10:00+00:00Z", "z_m": 19.98880280507226}, "geometry": {"type": "Point", "coordinates": [-113.51235656143714, 53.70000881086563]}}, {"type": "Feature", "properties": {"t": "2026-04-21T09:10:00+00:00Z", "z_m": 8.630638507499652}, "geometry": {"type": "Point", "coordinates": [-113.51756842815173, 53.697659511123256]}}, {"type": "Feature", "properties": {"t": "2026-04-21T09:10:00+00:00Z", "z_m": 16.226690768879205}, "geometry": {"type": "Point", "coordinates": [-113.51930276255166, 53.69765025642775]}}, {"type": "Feature", "properties": {"t": "2026-04-21T09:05:00+00:00Z", "z_m": 14.356102199977393}, "geometry": {"type": "Point", "coordinates": [-113.53056922675306, 53.710992750786055]}}, {"type": "Feature", "properties": {"t": "2026-04-21T09:05:00+00:00Z", "z_m": 17.752030599436456}, "geometry": {"type": "Point", "coordinates": [-113.51948363286546, 53.711099285016026]}}, {"type": "Feature", "properties": {"t": "2026-04-21T09:05:00+00:00Z", "z_m": 18.939686004471877}, "geometry": {"type": "Point", "coordinates": [-113.52316789634297, 53.71268434196815]}}, {"type": "Feature", "properties": {"t": "2026-04-21T09:05:00+00:00Z", "z_m": 16.276823554274205}, "geometry": {"type": "Point", "coordinates": [-113.51981476157461, 53.716160150376304]}}, {"type": "Feature", "properties": {"t": "2026-04-21T09:05:00+00:00Z", "z_m": 18.718194241515015}, "geometry": {"type": "Point", "coordinates": [-113.5216701445271, 53.70992603115418]}}, {"type": "Feature", "properties": {"t": "2026-04-21T09:05:00+00:00Z", "z_m": 20.0}, "geometry": {"type": "Point", "coordinates": [-113.52692616324508, 53.7135618807132]}}, {"type": "Feature", "properties": {"t": "2026-04-21T09:05:00+00:00Z", "z_m": 19.276972947502884}, "geometry": {"type": "Point", "coordinates": [-113.52583857022677, 53.71750478599239]}}, {"type": "Feature", "properties": {"t": "2026-04-21T09:05:00+00:00Z", "z_m": 14.166996578282944}, "geometry": {"type": "Point", "coordinates": [-113.52785094972904, 53.71016346396329]}}, {"type": "Feature", "properties": {"t": "2026-04-21T09:05:00+00:00Z", "z_m": 11.149125461882392}, "geometry": {"type": "Point", "coordinates": [-113.51988659783065, 53.714201182448015]}}, {"type": "Feature", "properties": {"t": "2026-04-21T09:05:00+00:00Z", "z_m": 17.97376970026797}, "geometry": {"type": "Point", "coordinates": [-113.52478562895487, 53.71395357488294]}}, {"type": "Feature", "properties": {"t": "2026-04-21T09:05:00+00:00Z", "z_m": 16.64136494896663}, "geometry": {"type": "Point", "coordinates": [-113.52258057758185, 53.715044352375415]}}, {"type": "Feature", "properties": {"t": "2026-04-21T09:05:00+00:00Z", "z_m": 20.0}, "geometry": {"type": "Point", "coordinates": [-113.52395595478785, 53.7164875461757]}}, {"type": "Feature", "properties": {"t": "2026-04-21T09:05:00+00:00Z", "z_m": 17.92780273238511}, "geometry": {"type": "Point", "coordinates": [-113.52181738753073, 53.71197257497058]}}, {"type": "Feature", "properties": {"t": "2026-04-21T09:05:00+00:00Z", "z_m": 13.445284586932383}, "geometry": {"type": "Point", "coordinates": [-113.5247076546476, 53.71029642277974]}}, {"type": "Feature", "properties": {"t": "2026-04-21T09:05:00+00:00Z", "z_m": 3.5273036037958803}, "geometry": {"type": "Point", "coordinates": [-113.51866611005694, 53.713597176830056]}}, {"type": "Feature", "properties": {"t": "2026-04-21T09:05:00+00:00Z", "z_m": 15.890378755631406}, "geometry": {"type": "Point", "coordinates": [-113.51722378150006, 53.70975402215073]}}, {"type": "Feature", "properties": {"t": "2026-04-21T09:05:00+00:00Z", "z_m": 15.71922704076095}, "geometry": {"type": "Point", "coordinates": [-113.51311360791321, 53.71266316647267]}}, {"type": "Feature", "properties": {"t": "2026-04-21T09:05:00+00:00Z", "z_m": 9.58248391076387}, "geometry": {"type": "Point", "coordinates": [-113.52504261956133, 53.71338479052374]}}, {"type": "Feature", "properties": {"t": "2026-04-21T09:05:00+00:00Z", "z_m": 13.224846384173379}, "geometry": {"type": "Point", "coordinates": [-113.52222815806458, 53.711033044190714]}}, {"type": "Feature", "properties": {"t": "2026-04-21T09:05:00+00:00Z", "z_m": 17.049646305415937}, "geometry": {"type": "Point", "coordinates": [-113.52259901036412, 53.7142917023258]}}, {"type": "Feature", "properties": {"t": "2026-04-21T09:05:00+00:00Z", "z_m": 9.806347614431644}, "geometry": {"type": "Point", "coordinates": [-113.51221969210796, 53.71985999092624]}}, {"type": "Feature", "properties": {"t": "2026-04-21T09:05:00+00:00Z", "z_m": 17.87198484927511}, "geometry": {"type": "Point", "coordinates": [-113.52411667184211, 53.71304100387507]}}, {"type": "Feature", "properties": {"t": "2026-04-21T09:05:00+00:00Z", "z_m": 16.86857723414687}, "geometry": {"type": "Point", "coordinates": [-113.51914732753752, 53.71506830143666]}}, {"type": "Feature", "properties": {"t": "2026-04-21T09:05:00+00:00Z", "z_m": 12.961452938680893}, "geometry": {"type": "Point", "coordinates": [-113.52089032267759, 53.71539424416103]}}, {"type": "Feature", "properties": {"t": "2026-04-21T09:05:00+00:00Z", "z_m": 15.100752975246095}, "geometry": {"type": "Point", "coordinates": [-113.52743440774468, 53.71243875926974]}}, {"type": "Feature", "properties": {"t": "2026-04-21T09:05:00+00:00Z", "z_m": 19.77445820049781}, "geometry": {"type": "Point", "coordinates": [-113.52391829807695, 53.713192453118516]}}, {"type": "Feature", "properties": {"t": "2026-04-21T09:05:00+00:00Z", "z_m": 16.086555356976863}, "geometry": {"type": "Point", "coordinates": [-113.51659647796458, 53.714859586655514]}}, {"type": "Feature", "properties": {"t": "2026-04-21T09:05:00+00:00Z", "z_m": 15.994241870692443}, "geometry": {"type": "Point", "coordinates": [-113.53117249580279, 53.71321211871678]}}, {"type": "Feature", "properties": {"t": "2026-04-21T09:05:00+00:00Z", "z_m": 16.533053421871244}, "geometry": {"type": "Point", "coordinates": [-113.52470887120222, 53.71258970836236]}}, {"type": "Feature", "properties": {"t": "2026-04-21T09:05:00+00:00Z", "z_m": 15.59119258261775}, "geometry": {"type": "Point", "coordinates": [-113.52169723628482, 53.71290810101829]}}, {"type": "Feature", "properties": {"t": "2026-04-21T09:05:00+00:00Z", "z_m": 16.361774948791975}, "geometry": {"type": "Point", "coordinates": [-113.52503312156013, 53.71499717590113]}}, {"type": "Feature", "properties": {"t": "2026-04-21T09:05:00+00:00Z", "z_m": 3.9955915017926227}, "geometry": {"type": "Point", "coordinates": [-113.52129478449726, 53.71767110990661]}}, {"type": "Feature", "properties": {"t": "2026-04-21T09:05:00+00:00Z", "z_m": 13.774783567693657}, "geometry": {"type": "Point", "coordinates": [-113.51671911461098, 53.71376727292792]}}, {"type": "Feature", "properties": {"t": "2026-04-21T09:05:00+00:00Z", "z_m": 9.971623705001893}, "geometry": {"type": "Point", "coordinates": [-113.52313587308574, 53.71470418398338]}}, {"type": "Feature", "properties": {"t": "2026-04-21T09:05:00+00:00Z", "z_m": 18.031257766651674}, "geometry": {"type": "Point", "coordinates": [-113.52236614935424, 53.7119717313273]}}, {"type": "Feature", "properties": {"t": "2026-04-21T09:05:00+00:00Z", "z_m": 16.82389570846749}, "geometry": {"type": "Point", "coordinates": [-113.52168125760201, 53.70902959280314]}}, {"type": "Feature", "properties": {"t": "2026-04-21T09:05:00+00:00Z", "z_m": 13.343230064565223}, "geometry": {"type": "Point", "coordinates": [-113.52279565691012, 53.71388691779109]}}, {"type": "Feature", "properties": {"t": "2026-04-21T09:05:00+00:00Z", "z_m": 19.184912726216282}, "geometry": {"type": "Point", "coordinates": [-113.52525984099873, 53.71192195716973]}}, {"type": "Feature", "properties": {"t": "2026-04-21T09:05:00+00:00Z", "z_m": 19.579978004748998}, "geometry": {"type": "Point", "coordinates": [-113.51559428042879, 53.711786258447965]}}, {"type": "Feature", "properties": {"t": "2026-04-21T09:05:00+00:00Z", "z_m": 20.0}, "geometry": {"type": "Point", "coordinates": [-113.5185685181304, 53.71226693677798]}}, {"type": "Feature", "properties": {"t": "2026-04-21T09:05:00+00:00Z", "z_m": 12.311865259066437}, "geometry": {"type": "Point", "coordinates": [-113.51504532681332, 53.71309169630413]}}, {"type": "Feature", "properties": {"t": "2026-04-21T09:05:00+00:00Z", "z_m": 18.676182354779474}, "geometry": {"type": "Point", "coordinates": [-113.51754465309592, 53.717245371871826]}}, {"type": "Feature", "properties": {"t": "2026-04-21T09:05:00+00:00Z", "z_m": 10.56386629454202}, "geometry": {"type": "Point", "coordinates": [-113.5238134890547, 53.712585497437885]}}, {"type": "Feature", "properties": {"t": "2026-04-21T09:05:00+00:00Z", "z_m": 18.828134349650945}, "geometry": {"type": "Point", "coordinates": [-113.5251649398192, 53.71239789446964]}}, {"type": "Feature", "properties": {"t": "2026-04-21T09:05:00+00:00Z", "z_m": 17.8069607159686}, "geometry": {"type": "Point", "coordinates": [-113.51048540360257, 53.713247479259415]}}, {"type": "Feature", "properties": {"t": "2026-04-21T09:05:00+00:00Z", "z_m": 20.0}, "geometry": {"type": "Point", "coordinates": [-113.5264399709565, 53.715074450228585]}}, {"type": "Feature", "properties": {"t": "2026-04-21T09:05:00+00:00Z", "z_m": 20.0}, "geometry": {"type": "Point", "coordinates": [-113.52514004086743, 53.713217258283116]}}, {"type": "Feature", "properties": {"t": "2026-04-21T09:05:00+00:00Z", "z_m": 19.913879455374136}, "geometry": {"type": "Point", "coordinates": [-113.51560748952414, 53.71259708266264]}}, {"type": "Feature", "properties": {"t": "2026-04-21T09:05:00+00:00Z", "z_m": 11.899212939966162}, "geometry": {"type": "Point", "coordinates": [-113.51992582813695, 53.7110524946329]}}, {"type": "Feature", "properties": {"t": "2026-04-21T09:05:00+00:00Z", "z_m": 16.266835251247414}, "geometry": {"type": "Point", "coordinates": [-113.51913003677389, 53.709831583615866]}}, {"type": "Feature", "properties": {"t": "2026-04-21T09:00:00+00:00Z", "z_m": 15.412570002996292}, "geometry": {"type": "Point", "coordinates": [-113.53401924662603, 53.723567806716254]}}, {"type": "Feature", "properties": {"t": "2026-04-21T09:00:00+00:00Z", "z_m": 17.233042468000185}, "geometry": {"type": "Point", "coordinates": [-113.5187127949856, 53.72398545704299]}}, {"type": "Feature", "properties": {"t": "2026-04-21T09:00:00+00:00Z", "z_m": 18.871645801766988}, "geometry": {"type": "Point", "coordinates": [-113.52426386629732, 53.724990291515084]}}, {"type": "Feature", "properties": {"t": "2026-04-21T09:00:00+00:00Z", "z_m": 15.712002715565193}, "geometry": {"type": "Point", "coordinates": [-113.52189409327124, 53.728261311128335]}}, {"type": "Feature", "properties": {"t": "2026-04-21T09:00:00+00:00Z", "z_m": 17.68481083090669}, "geometry": {"type": "Point", "coordinates": [-113.52100246107806, 53.72312926775139]}}, {"type": "Feature", "properties": {"t": "2026-04-21T09:00:00+00:00Z", "z_m": 18.921728793768654}, "geometry": {"type": "Point", "coordinates": [-113.5270678938149, 53.727926307537174]}}, {"type": "Feature", "properties": {"t": "2026-04-21T09:00:00+00:00Z", "z_m": 19.698217180051163}, "geometry": {"type": "Point", "coordinates": [-113.52808057812993, 53.73075266462267]}}, {"type": "Feature", "properties": {"t": "2026-04-21T09:00:00+00:00Z", "z_m": 15.931261829125159}, "geometry": {"type": "Point", "coordinates": [-113.53001437821759, 53.722034650937466]}}, {"type": "Feature", "properties": {"t": "2026-04-21T09:00:00+00:00Z", "z_m": 11.473890986369103}, "geometry": {"type": "Point", "coordinates": [-113.51929456710539, 53.72689430765634]}}, {"type": "Feature", "properties": {"t": "2026-04-21T09:00:00+00:00Z", "z_m": 18.612923154583587}, "geometry": {"type": "Point", "coordinates": [-113.52707568402158, 53.7249168263926]}}, {"type": "Feature", "properties": {"t": "2026-04-21T09:00:00+00:00Z", "z_m": 15.520892414936753}, "geometry": {"type": "Point", "coordinates": [-113.52091281156106, 53.72743826287499]}}, {"type": "Feature", "properties": {"t": "2026-04-21T09:00:00+00:00Z", "z_m": 20.0}, "geometry": {"type": "Point", "coordinates": [-113.52585176870444, 53.7299443526769]}}, {"type": "Feature", "properties": {"t": "2026-04-21T09:00:00+00:00Z", "z_m": 20.0}, "geometry": {"type": "Point", "coordinates": [-113.52003942579351, 53.72513571427599]}}, {"type": "Feature", "properties": {"t": "2026-04-21T09:00:00+00:00Z", "z_m": 13.927056735941006}, "geometry": {"type": "Point", "coordinates": [-113.52740194810616, 53.72384407176794]}}, {"type": "Feature", "properties": {"t": "2026-04-21T09:00:00+00:00Z", "z_m": 3.903744161775922}, "geometry": {"type": "Point", "coordinates": [-113.51814186252237, 53.726695032400066]}}, {"type": "Feature", "properties": {"t": "2026-04-21T09:00:00+00:00Z", "z_m": 15.088554842541855}, "geometry": {"type": "Point", "coordinates": [-113.51675022136246, 53.72285165959684]}}, {"type": "Feature", "properties": {"t": "2026-04-21T09:00:00+00:00Z", "z_m": 15.223247769671284}, "geometry": {"type": "Point", "coordinates": [-113.51498616669963, 53.72549785240806]}}, {"type": "Feature", "properties": {"t": "2026-04-21T09:00:00+00:00Z", "z_m": 7.674324291304471}, "geometry": {"type": "Point", "coordinates": [-113.5263480458537, 53.72693046185538]}}, {"type": "Feature", "properties": {"t": "2026-04-21T09:00:00+00:00Z", "z_m": 15.00170777721155}, "geometry": {"type": "Point", "coordinates": [-113.52429716072267, 53.722279580802464]}}, {"type": "Feature", "properties": {"t": "2026-04-21T09:00:00+00:00Z", "z_m": 17.388165538716244}, "geometry": {"type": "Point", "coordinates": [-113.52312939481766, 53.728063957610225]}}, {"type": "Feature", "properties": {"t": "2026-04-21T09:00:00+00:00Z", "z_m": 8.889685849507979}, "geometry": {"type": "Point", "coordinates": [-113.51216646935185, 53.731409373092504]}}, {"type": "Feature", "properties": {"t": "2026-04-21T09:00:00+00:00Z", "z_m": 16.706458187020377}, "geometry": {"type": "Point", "coordinates": [-113.5253214181758, 53.72647225864886]}}, {"type": "Feature", "properties": {"t": "2026-04-21T09:00:00+00:00Z", "z_m": 19.110062410012752}, "geometry": {"type": "Point", "coordinates": [-113.51861314234833, 53.72814898696828]}}, {"type": "Feature", "properties": {"t": "2026-04-21T09:00:00+00:00Z", "z_m": 13.92708042083469}, "geometry": {"type": "Point", "coordinates": [-113.52126007438586, 53.7282576415333]}}, {"type": "Feature", "properties": {"t": "2026-04-21T09:00:00+00:00Z", "z_m": 19.755836247292923}, "geometry": {"type": "Point", "coordinates": [-113.52676393489989, 53.72440682296793]}}, {"type": "Feature", "properties": {"t": "2026-04-21T09:00:00+00:00Z", "z_m": 17.903012215882136}, "geometry": {"type": "Point", "coordinates": [-113.52520920006289, 53.72623176918657]}}, {"type": "Feature", "properties": {"t": "2026-04-21T09:00:00+00:00Z", "z_m": 16.082555422858164}, "geometry": {"type": "Point", "coordinates": [-113.51723156446988, 53.72599195803473]}}, {"type": "Feature", "properties": {"t": "2026-04-21T09:00:00+00:00Z", "z_m": 15.501678283263876}, "geometry": {"type": "Point", "coordinates": [-113.53024433128978, 53.72606464016718]}}, {"type": "Feature", "properties": {"t": "2026-04-21T09:00:00+00:00Z", "z_m": 18.432882941818047}, "geometry": {"type": "Point", "coordinates": [-113.52667088554058, 53.72613933368323]}}, {"type": "Feature", "properties": {"t": "2026-04-21T09:00:00+00:00Z", "z_m": 14.314978565999924}, "geometry": {"type": "Point", "coordinates": [-113.51995704519868, 53.72610949221598]}}, {"type": "Feature", "properties": {"t": "2026-04-21T09:00:00+00:00Z", "z_m": 15.828410580638714}, "geometry": {"type": "Point", "coordinates": [-113.52484506124608, 53.72686412992064]}}, {"type": "Feature", "properties": {"t": "2026-04-21T09:00:00+00:00Z", "z_m": 3.648024601728484}, "geometry": {"type": "Point", "coordinates": [-113.52334802495565, 53.73042179515507]}}, {"type": "Feature", "properties": {"t": "2026-04-21T09:00:00+00:00Z", "z_m": 13.666499130160782}, "geometry": {"type": "Point", "coordinates": [-113.51832133903713, 53.72723917857386]}}, {"type": "Feature", "properties": {"t": "2026-04-21T09:00:00+00:00Z", "z_m": 8.357591659480741}, "geometry": {"type": "Point", "coordinates": [-113.52306245088658, 53.72802354413763]}}, {"type": "Feature", "properties": {"t": "2026-04-21T09:00:00+00:00Z", "z_m": 16.081063185904316}, "geometry": {"type": "Point", "coordinates": [-113.52346724547233, 53.72495780507792]}}, {"type": "Feature", "properties": {"t": "2026-04-21T09:00:00+00:00Z", "z_m": 15.162694227950158}, "geometry": {"type": "Point", "coordinates": [-113.5230189467611, 53.72272871491687]}}, {"type": "Feature", "properties": {"t": "2026-04-21T09:00:00+00:00Z", "z_m": 12.799502817341786}, "geometry": {"type": "Point", "coordinates": [-113.5231546108968, 53.72615394022735]}}, {"type": "Feature", "properties": {"t": "2026-04-21T09:00:00+00:00Z", "z_m": 17.1441998564179}, "geometry": {"type": "Point", "coordinates": [-113.52513457976255, 53.72543549449942]}}, {"type": "Feature", "properties": {"t": "2026-04-21T09:00:00+00:00Z", "z_m": 19.49686256985168}, "geometry": {"type": "Point", "coordinates": [-113.51693489988685, 53.72448441513534]}}, {"type": "Feature", "properties": {"t": "2026-04-21T09:00:00+00:00Z", "z_m": 16.054477922232955}, "geometry": {"type": "Point", "coordinates": [-113.52029729226145, 53.72676435549059]}}, {"type": "Feature", "properties": {"t": "2026-04-21T09:00:00+00:00Z", "z_m": 12.52706493853943}, "geometry": {"type": "Point", "coordinates": [-113.51521814731012, 53.72734626512711]}}, {"type": "Feature", "properties": {"t": "2026-04-21T09:00:00+00:00Z", "z_m": 20.0}, "geometry": {"type": "Point", "coordinates": [-113.51859704962416, 53.72964385352703]}}, {"type": "Feature", "properties": {"t": "2026-04-21T09:00:00+00:00Z", "z_m": 8.743247283545946}, "geometry": {"type": "Point", "coordinates": [-113.52400780100801, 53.72541074734816]}}, {"type": "Feature", "properties": {"t": "2026-04-21T09:00:00+00:00Z", "z_m": 19.99037197106321}, "geometry": {"type": "Point", "coordinates": [-113.52736770798582, 53.72541120476323]}}, {"type": "Feature", "properties": {"t": "2026-04-21T09:00:00+00:00Z", "z_m": 17.004264005104563}, "geometry": {"type": "Point", "coordinates": [-113.51268064950912, 53.72678996287677]}}, {"type": "Feature", "properties": {"t": "2026-04-21T09:00:00+00:00Z", "z_m": 17.88074680923171}, "geometry": {"type": "Point", "coordinates": [-113.52892367947082, 53.727529163217966]}}, {"type": "Feature", "properties": {"t": "2026-04-21T09:00:00+00:00Z", "z_m": 18.35783495007517}, "geometry": {"type": "Point", "coordinates": [-113.52668035448878, 53.725814380543795]}}, {"type": "Feature", "properties": {"t": "2026-04-21T09:00:00+00:00Z", "z_m": 20.0}, "geometry": {"type": "Point", "coordinates": [-113.51699055855383, 53.725640685124624]}}, {"type": "Feature", "properties": {"t": "2026-04-21T09:00:00+00:00Z", "z_m": 14.144857732140373}, "geometry": {"type": "Point", "coordinates": [-113.52247440112501, 53.72381847147994]}}, {"type": "Feature", "properties": {"t": "2026-04-21T09:00:00+00:00Z", "z_m": 15.99242696040249}, "geometry": {"type": "Point", "coordinates": [-113.51829059766838, 53.72362251028409]}}, {"type": "Feature", "properties": {"t": "2026-04-21T08:55:00+00:00Z", "z_m": 15.343251170460254}, "geometry": {"type": "Point", "coordinates": [-113.53712788018527, 53.72576823630522]}}, {"type": "Feature", "properties": {"t": "2026-04-21T08:55:00+00:00Z", "z_m": 15.051516812875864}, "geometry": {"type": "Point", "coordinates": [-113.52025481560737, 53.727287281843175]}}, {"type": "Feature", "properties": {"t": "2026-04-21T08:55:00+00:00Z", "z_m": 20.0}, "geometry": {"type": "Point", "coordinates": [-113.52639313027784, 53.727140059042526]}}, {"type": "Feature", "properties": {"t": "2026-04-21T08:55:00+00:00Z", "z_m": 13.06632592722329}, "geometry": {"type": "Point", "coordinates": [-113.52170858082225, 53.732148273288345]}}, {"type": "Feature", "properties": {"t": "2026-04-21T08:55:00+00:00Z", "z_m": 19.4164959478667}, "geometry": {"type": "Point", "coordinates": [-113.5223749398996, 53.72582389424858]}}, {"type": "Feature", "properties": {"t": "2026-04-21T08:55:00+00:00Z", "z_m": 15.173794395243517}, "geometry": {"type": "Point", "coordinates": [-113.53254953705843, 53.72980604040386]}}, {"type": "Feature", "properties": {"t": "2026-04-21T08:55:00+00:00Z", "z_m": 20.0}, "geometry": {"type": "Point", "coordinates": [-113.52745120994689, 53.73393700387035]}}, {"type": "Feature", "properties": {"t": "2026-04-21T08:55:00+00:00Z", "z_m": 15.950373956466459}, "geometry": {"type": "Point", "coordinates": [-113.53290481977747, 53.72499013536433]}}, {"type": "Feature", "properties": {"t": "2026-04-21T08:55:00+00:00Z", "z_m": 9.426948565389813}, "geometry": {"type": "Point", "coordinates": [-113.51966732913681, 53.72910108457602]}}, {"type": "Feature", "properties": {"t": "2026-04-21T08:55:00+00:00Z", "z_m": 18.78901058429705}, "geometry": {"type": "Point", "coordinates": [-113.52950378266257, 53.726392861868966]}}, {"type": "Feature", "properties": {"t": "2026-04-21T08:55:00+00:00Z", "z_m": 12.150117304472598}, "geometry": {"type": "Point", "coordinates": [-113.5236713692974, 53.730750763536896]}}, {"type": "Feature", "properties": {"t": "2026-04-21T08:55:00+00:00Z", "z_m": 17.223156798388516}, "geometry": {"type": "Point", "coordinates": [-113.52866941799829, 53.73202428803929]}}, {"type": "Feature", "properties": {"t": "2026-04-21T08:55:00+00:00Z", "z_m": 20.0}, "geometry": {"type": "Point", "coordinates": [-113.5221965438685, 53.72767239196677]}}, {"type": "Feature", "properties": {"t": "2026-04-21T08:55:00+00:00Z", "z_m": 13.884113713774262}, "geometry": {"type": "Point", "coordinates": [-113.52966994978472, 53.7272052990908]}}, {"type": "Feature", "properties": {"t": "2026-04-21T08:55:00+00:00Z", "z_m": 6.006288148236127}, "geometry": {"type": "Point", "coordinates": [-113.5204017943499, 53.72860058474641]}}, {"type": "Feature", "properties": {"t": "2026-04-21T08:55:00+00:00Z", "z_m": 18.94461506368554}, "geometry": {"type": "Point", "coordinates": [-113.51857047276629, 53.7272925180917]}}, {"type": "Feature", "properties": {"t": "2026-04-21T08:55:00+00:00Z", "z_m": 14.08026560202939}, "geometry": {"type": "Point", "coordinates": [-113.51725736079874, 53.72956899532313]}}, {"type": "Feature", "properties": {"t": "2026-04-21T08:55:00+00:00Z", "z_m": 8.77485288731014}, "geometry": {"type": "Point", "coordinates": [-113.52560892659375, 53.73124949096673]}}, {"type": "Feature", "properties": {"t": "2026-04-21T08:55:00+00:00Z", "z_m": 14.221615571547996}, "geometry": {"type": "Point", "coordinates": [-113.52729698923828, 53.72492506467675]}}, {"type": "Feature", "properties": {"t": "2026-04-21T08:55:00+00:00Z", "z_m": 17.51314001736057}, "geometry": {"type": "Point", "coordinates": [-113.52346516194059, 53.73203852539832]}}, {"type": "Feature", "properties": {"t": "2026-04-21T08:55:00+00:00Z", "z_m": 9.417604948996056}, "geometry": {"type": "Point", "coordinates": [-113.51473247403852, 53.73423618738931]}}, {"type": "Feature", "properties": {"t": "2026-04-21T08:55:00+00:00Z", "z_m": 15.618360492771767}, "geometry": {"type": "Point", "coordinates": [-113.5254175279792, 53.72949325416709]}}, {"type": "Feature", "properties": {"t": "2026-04-21T08:55:00+00:00Z", "z_m": 20.0}, "geometry": {"type": "Point", "coordinates": [-113.51876380577956, 53.731475548521175]}}, {"type": "Feature", "properties": {"t": "2026-04-21T08:55:00+00:00Z", "z_m": 10.787932211562644}, "geometry": {"type": "Point", "coordinates": [-113.52034638380196, 53.73116810963252]}}, {"type": "Feature", "properties": {"t": "2026-04-21T08:55:00+00:00Z", "z_m": 19.113853722057346}, "geometry": {"type": "Point", "coordinates": [-113.52946763796028, 53.7270344034604]}}, {"type": "Feature", "properties": {"t": "2026-04-21T08:55:00+00:00Z", "z_m": 19.487670860549713}, "geometry": {"type": "Point", "coordinates": [-113.53008160601837, 53.72796230277271]}}, {"type": "Feature", "properties": {"t": "2026-04-21T08:55:00+00:00Z", "z_m": 16.93977961974816}, "geometry": {"type": "Point", "coordinates": [-113.51767538210893, 53.72818866264594]}}, {"type": "Feature", "properties": {"t": "2026-04-21T08:55:00+00:00Z", "z_m": 18.34160968849044}, "geometry": {"type": "Point", "coordinates": [-113.53254793445619, 53.7287436670553]}}, {"type": "Feature", "properties": {"t": "2026-04-21T08:55:00+00:00Z", "z_m": 20.0}, "geometry": {"type": "Point", "coordinates": [-113.52608700836443, 53.72939886596644]}}, {"type": "Feature", "properties": {"t": "2026-04-21T08:55:00+00:00Z", "z_m": 13.86270040831386}, "geometry": {"type": "Point", "coordinates": [-113.5197302790893, 53.72896549770673]}}, {"type": "Feature", "properties": {"t": "2026-04-21T08:55:00+00:00Z", "z_m": 15.971434011299907}, "geometry": {"type": "Point", "coordinates": [-113.52462424278498, 53.73055638169595]}}, {"type": "Feature", "properties": {"t": "2026-04-21T08:55:00+00:00Z", "z_m": 2.262978657379694}, "geometry": {"type": "Point", "coordinates": [-113.522601052613, 53.733956445885106]}}, {"type": "Feature", "properties": {"t": "2026-04-21T08:55:00+00:00Z", "z_m": 12.050741082986658}, "geometry": {"type": "Point", "coordinates": [-113.51865463415668, 53.72990725167584]}}, {"type": "Feature", "properties": {"t": "2026-04-21T08:55:00+00:00Z", "z_m": 9.536739190946674}, "geometry": {"type": "Point", "coordinates": [-113.52411431178348, 53.73245978981384]}}, {"type": "Feature", "properties": {"t": "2026-04-21T08:55:00+00:00Z", "z_m": 14.570590427573116}, "geometry": {"type": "Point", "coordinates": [-113.52692415061016, 53.72762122848709]}}, {"type": "Feature", "properties": {"t": "2026-04-21T08:55:00+00:00Z", "z_m": 14.403519552590272}, "geometry": {"type": "Point", "coordinates": [-113.52522022874506, 53.72600383019244]}}, {"type": "Feature", "properties": {"t": "2026-04-21T08:55:00+00:00Z", "z_m": 11.895283278350348}, "geometry": {"type": "Point", "coordinates": [-113.52359316916827, 53.72929247965819]}}, {"type": "Feature", "properties": {"t": "2026-04-21T08:55:00+00:00Z", "z_m": 18.06491681571101}, "geometry": {"type": "Point", "coordinates": [-113.52703032299029, 53.72867952570845]}}, {"type": "Feature", "properties": {"t": "2026-04-21T08:55:00+00:00Z", "z_m": 19.622652364790504}, "geometry": {"type": "Point", "coordinates": [-113.51996270408522, 53.72796613886784]}}, {"type": "Feature", "properties": {"t": "2026-04-21T08:55:00+00:00Z", "z_m": 13.315337120039247}, "geometry": {"type": "Point", "coordinates": [-113.52101813407737, 53.73056521843332]}}, {"type": "Feature", "properties": {"t": "2026-04-21T08:55:00+00:00Z", "z_m": 12.473627616362814}, "geometry": {"type": "Point", "coordinates": [-113.51717331069563, 53.73100027062975]}}, {"type": "Feature", "properties": {"t": "2026-04-21T08:55:00+00:00Z", "z_m": 18.219417045473588}, "geometry": {"type": "Point", "coordinates": [-113.5197671530581, 53.73347229349908]}}, {"type": "Feature", "properties": {"t": "2026-04-21T08:55:00+00:00Z", "z_m": 9.675350341659897}, "geometry": {"type": "Point", "coordinates": [-113.52366429952828, 53.73025935321868]}}, {"type": "Feature", "properties": {"t": "2026-04-21T08:55:00+00:00Z", "z_m": 17.792401741046504}, "geometry": {"type": "Point", "coordinates": [-113.53033534794959, 53.729132512501266]}}, {"type": "Feature", "properties": {"t": "2026-04-21T08:55:00+00:00Z", "z_m": 16.746703597358014}, "geometry": {"type": "Point", "coordinates": [-113.51439324702082, 53.73090922366941]}}, {"type": "Feature", "properties": {"t": "2026-04-21T08:55:00+00:00Z", "z_m": 17.385266937030785}, "geometry": {"type": "Point", "coordinates": [-113.52740529251916, 53.72973342876294]}}, {"type": "Feature", "properties": {"t": "2026-04-21T08:55:00+00:00Z", "z_m": 17.214651376081726}, "geometry": {"type": "Point", "coordinates": [-113.52869201102185, 53.7283551239491]}}, {"type": "Feature", "properties": {"t": "2026-04-21T08:55:00+00:00Z", "z_m": 17.375091840831306}, "geometry": {"type": "Point", "coordinates": [-113.52035332246587, 53.730318630772494]}}, {"type": "Feature", "properties": {"t": "2026-04-21T08:55:00+00:00Z", "z_m": 14.520964901995171}, "geometry": {"type": "Point", "coordinates": [-113.52332024434399, 53.72760506108052]}}, {"type": "Feature", "properties": {"t": "2026-04-21T08:55:00+00:00Z", "z_m": 14.824613125501825}, "geometry": {"type": "Point", "coordinates": [-113.52280592673411, 53.72744744909558]}}, {"type": "Feature", "properties": {"t": "2026-04-21T08:50:00+00:00Z", "z_m": 16.305377668208894}, "geometry": {"type": "Point", "coordinates": [-113.53714403436028, 53.72890947972284]}}, {"type": "Feature", "properties": {"t": "2026-04-21T08:50:00+00:00Z", "z_m": 14.121387455356881}, "geometry": {"type": "Point", "coordinates": [-113.52027142628302, 53.73053805858581]}}, {"type": "Feature", "properties": {"t": "2026-04-21T08:50:00+00:00Z", "z_m": 18.74311276294902}, "geometry": {"type": "Point", "coordinates": [-113.52696389391518, 53.72992893674874]}}, {"type": "Feature", "properties": {"t": "2026-04-21T08:50:00+00:00Z", "z_m": 11.314071140863486}, "geometry": {"type": "Point", "coordinates": [-113.52481987947876, 53.73497114425488]}}, {"type": "Feature", "properties": {"t": "2026-04-21T08:50:00+00:00Z", "z_m": 19.66632714605439}, "geometry": {"type": "Point", "coordinates": [-113.52340172605376, 53.728520850213854]}}, {"type": "Feature", "properties": {"t": "2026-04-21T08:50:00+00:00Z", "z_m": 16.48940941848578}, "geometry": {"type": "Point", "coordinates": [-113.53521327715931, 53.73265972858946]}}, {"type": "Feature", "properties": {"t": "2026-04-21T08:50:00+00:00Z", "z_m": 18.970163976370976}, "geometry": {"type": "Point", "coordinates": [-113.52690303833178, 53.73695658894975]}}, {"type": "Feature", "properties": {"t": "2026-04-21T08:50:00+00:00Z", "z_m": 18.004135728544625}, "geometry": {"type": "Point", "coordinates": [-113.53765234245147, 53.727282821663664]}}, {"type": "Feature", "properties": {"t": "2026-04-21T08:50:00+00:00Z", "z_m": 11.025057380289375}, "geometry": {"type": "Point", "coordinates": [-113.52040143329293, 53.732865034534775]}}, {"type": "Feature", "properties": {"t": "2026-04-21T08:50:00+00:00Z", "z_m": 20.0}, "geometry": {"type": "Point", "coordinates": [-113.5324679047552, 53.7290768747263]}}, {"type": "Feature", "properties": {"t": "2026-04-21T08:50:00+00:00Z", "z_m": 11.191302481102035}, "geometry": {"type": "Point", "coordinates": [-113.5235896731575, 53.73473980791226]}}, {"type": "Feature", "properties": {"t": "2026-04-21T08:50:00+00:00Z", "z_m": 20.0}, "geometry": {"type": "Point", "coordinates": [-113.53017433888408, 53.734924086861184]}}, {"type": "Feature", "properties": {"t": "2026-04-21T08:50:00+00:00Z", "z_m": 19.097391636137125}, "geometry": {"type": "Point", "coordinates": [-113.5228675583765, 53.73131147510708]}}, {"type": "Feature", "properties": {"t": "2026-04-21T08:50:00+00:00Z", "z_m": 11.357086872172518}, "geometry": {"type": "Point", "coordinates": [-113.53355871719101, 53.72902325403676]}}, {"type": "Feature", "properties": {"t": "2026-04-21T08:50:00+00:00Z", "z_m": 6.263853011961303}, "geometry": {"type": "Point", "coordinates": [-113.52241812703495, 53.73124122273814]}}, {"type": "Feature", "properties": {"t": "2026-04-21T08:50:00+00:00Z", "z_m": 19.798374780305043}, "geometry": {"type": "Point", "coordinates": [-113.5192425146246, 53.73051067381078]}}, {"type": "Feature", "properties": {"t": "2026-04-21T08:50:00+00:00Z", "z_m": 13.790418760799131}, "geometry": {"type": "Point", "coordinates": [-113.51910122001568, 53.73365980873404]}}, {"type": "Feature", "properties": {"t": "2026-04-21T08:50:00+00:00Z", "z_m": 6.193990104099052}, "geometry": {"type": "Point", "coordinates": [-113.52669613888858, 53.73415971236741]}}, {"type": "Feature", "properties": {"t": "2026-04-21T08:50:00+00:00Z", "z_m": 14.443877280448367}, "geometry": {"type": "Point", "coordinates": [-113.52953479661899, 53.72784088725376]}}, {"type": "Feature", "properties": {"t": "2026-04-21T08:50:00+00:00Z", "z_m": 18.56054443450483}, "geometry": {"type": "Point", "coordinates": [-113.5241071837333, 53.73534590953816]}}, {"type": "Feature", "properties": {"t": "2026-04-21T08:50:00+00:00Z", "z_m": 9.423236665601914}, "geometry": {"type": "Point", "coordinates": [-113.5185167593911, 53.73723948132168]}}, {"type": "Feature", "properties": {"t": "2026-04-21T08:50:00+00:00Z", "z_m": 15.769798950628829}, "geometry": {"type": "Point", "coordinates": [-113.52758141488972, 53.733042852909556]}}, {"type": "Feature", "properties": {"t": "2026-04-21T08:50:00+00:00Z", "z_m": 19.59898069417141}, "geometry": {"type": "Point", "coordinates": [-113.51956747046682, 53.73487416455038]}}, {"type": "Feature", "properties": {"t": "2026-04-21T08:50:00+00:00Z", "z_m": 8.747376811153144}, "geometry": {"type": "Point", "coordinates": [-113.52245824656703, 53.73514245792422]}}, {"type": "Feature", "properties": {"t": "2026-04-21T08:50:00+00:00Z", "z_m": 16.35673426431716}, "geometry": {"type": "Point", "coordinates": [-113.5352060298715, 53.729804059048675]}}, {"type": "Feature", "properties": {"t": "2026-04-21T08:50:00+00:00Z", "z_m": 19.409136540214543}, "geometry": {"type": "Point", "coordinates": [-113.53160354031246, 53.73015333167206]}}, {"type": "Feature", "properties": {"t": "2026-04-21T08:50:00+00:00Z", "z_m": 18.484175522522694}, "geometry": {"type": "Point", "coordinates": [-113.51990746415701, 53.731498606258455]}}, {"type": "Feature", "properties": {"t": "2026-04-21T08:50:00+00:00Z", "z_m": 18.276956077423396}, "geometry": {"type": "Point", "coordinates": [-113.53859906995739, 53.73072211941365]}}, {"type": "Feature", "properties": {"t": "2026-04-21T08:50:00+00:00Z", "z_m": 19.10249476124423}, "geometry": {"type": "Point", "coordinates": [-113.5290536375523, 53.73230447558731]}}, {"type": "Feature", "properties": {"t": "2026-04-21T08:50:00+00:00Z", "z_m": 13.82997377116718}, "geometry": {"type": "Point", "coordinates": [-113.52169179770657, 53.73121026621003]}}, {"type": "Feature", "properties": {"t": "2026-04-21T08:50:00+00:00Z", "z_m": 17.531667880114604}, "geometry": {"type": "Point", "coordinates": [-113.52511151686566, 53.73407114150761]}}, {"type": "Feature", "properties": {"t": "2026-04-21T08:50:00+00:00Z", "z_m": 3.6213520608230287}, "geometry": {"type": "Point", "coordinates": [-113.52546805029304, 53.735832269935415]}}, {"type": "Feature", "properties": {"t": "2026-04-21T08:50:00+00:00Z", "z_m": 12.90617639334436}, "geometry": {"type": "Point", "coordinates": [-113.51995297644781, 53.73331041626966]}}, {"type": "Feature", "properties": {"t": "2026-04-21T08:50:00+00:00Z", "z_m": 5.932350581449955}, "geometry": {"type": "Point", "coordinates": [-113.52634359056154, 53.73582984065539]}}, {"type": "Feature", "properties": {"t": "2026-04-21T08:50:00+00:00Z", "z_m": 19.00571619027634}, "geometry": {"type": "Point", "coordinates": [-113.52684268304291, 53.73116687665262]}}, {"type": "Feature", "properties": {"t": "2026-04-21T08:50:00+00:00Z", "z_m": 16.369378311737137}, "geometry": {"type": "Point", "coordinates": [-113.52565605884153, 53.729854828461384]}}, {"type": "Feature", "properties": {"t": "2026-04-21T08:50:00+00:00Z", "z_m": 12.591893685634924}, "geometry": {"type": "Point", "coordinates": [-113.52547962990668, 53.73126565595541]}}, {"type": "Feature", "properties": {"t": "2026-04-21T08:50:00+00:00Z", "z_m": 18.203350316743695}, "geometry": {"type": "Point", "coordinates": [-113.53107987382269, 53.73128684317339]}}, {"type": "Feature", "properties": {"t": "2026-04-21T08:50:00+00:00Z", "z_m": 19.239542608933696}, "geometry": {"type": "Point", "coordinates": [-113.52242665107522, 53.73134031082711]}}, {"type": "Feature", "properties": {"t": "2026-04-21T08:50:00+00:00Z", "z_m": 9.883054044573292}, "geometry": {"type": "Point", "coordinates": [-113.52219286175475, 53.733808396108]}}, {"type": "Feature", "properties": {"t": "2026-04-21T08:50:00+00:00Z", "z_m": 12.946725238042264}, "geometry": {"type": "Point", "coordinates": [-113.51822811866884, 53.73440059672809]}}, {"type": "Feature", "properties": {"t": "2026-04-21T08:50:00+00:00Z", "z_m": 16.842290366764246}, "geometry": {"type": "Point", "coordinates": [-113.52274217158366, 53.73525493698587]}}, {"type": "Feature", "properties": {"t": "2026-04-21T08:50:00+00:00Z", "z_m": 6.902287042396228}, "geometry": {"type": "Point", "coordinates": [-113.52745998252021, 53.734169885451536]}}, {"type": "Feature", "properties": {"t": "2026-04-21T08:50:00+00:00Z", "z_m": 18.397809820652256}, "geometry": {"type": "Point", "coordinates": [-113.53234532200895, 53.73126455807959]}}, {"type": "Feature", "properties": {"t": "2026-04-21T08:50:00+00:00Z", "z_m": 16.91728362585212}, "geometry": {"type": "Point", "coordinates": [-113.51562759272092, 53.73356232069526]}}, {"type": "Feature", "properties": {"t": "2026-04-21T08:50:00+00:00Z", "z_m": 16.61746714758882}, "geometry": {"type": "Point", "coordinates": [-113.52967248219323, 53.73309649346428]}}, {"type": "Feature", "properties": {"t": "2026-04-21T08:50:00+00:00Z", "z_m": 17.60347140752879}, "geometry": {"type": "Point", "coordinates": [-113.529897540856, 53.73078598355139]}}, {"type": "Feature", "properties": {"t": "2026-04-21T08:50:00+00:00Z", "z_m": 20.0}, "geometry": {"type": "Point", "coordinates": [-113.52447793184645, 53.733956228717126]}}, {"type": "Feature", "properties": {"t": "2026-04-21T08:50:00+00:00Z", "z_m": 13.716821314925355}, "geometry": {"type": "Point", "coordinates": [-113.52494313411643, 53.73070178990085]}}, {"type": "Feature", "properties": {"t": "2026-04-21T08:50:00+00:00Z", "z_m": 14.75141797796568}, "geometry": {"type": "Point", "coordinates": [-113.52821100057102, 53.7299487968881]}}, {"type": "Feature", "properties": {"t": "2026-04-21T08:45:00+00:00Z", "z_m": 15.22597518736612}, "geometry": {"type": "Point", "coordinates": [-113.54099343286138, 53.73251221735898]}}, {"type": "Feature", "properties": {"t": "2026-04-21T08:45:00+00:00Z", "z_m": 12.77353331143577}, "geometry": {"type": "Point", "coordinates": [-113.52431999792617, 53.73416880444029]}}, {"type": "Feature", "properties": {"t": "2026-04-21T08:45:00+00:00Z", "z_m": 20.0}, "geometry": {"type": "Point", "coordinates": [-113.52747778021315, 53.73253020347701]}}, {"type": "Feature", "properties": {"t": "2026-04-21T08:45:00+00:00Z", "z_m": 13.022380542702999}, "geometry": {"type": "Point", "coordinates": [-113.52574613864111, 53.73843353990406]}}, {"type": "Feature", "properties": {"t": "2026-04-21T08:45:00+00:00Z", "z_m": 18.374174152531676}, "geometry": {"type": "Point", "coordinates": [-113.52393816181353, 53.73289317061518]}}, {"type": "Feature", "properties": {"t": "2026-04-21T08:45:00+00:00Z", "z_m": 18.234644446263694}, "geometry": {"type": "Point", "coordinates": [-113.54066466332226, 53.73492821824941]}}, {"type": "Feature", "properties": {"t": "2026-04-21T08:45:00+00:00Z", "z_m": 17.66664295694406}, "geometry": {"type": "Point", "coordinates": [-113.52649094330044, 53.73988262199859]}}, {"type": "Feature", "properties": {"t": "2026-04-21T08:45:00+00:00Z", "z_m": 18.02648292535796}, "geometry": {"type": "Point", "coordinates": [-113.53763831240815, 53.730102765650855]}}, {"type": "Feature", "properties": {"t": "2026-04-21T08:45:00+00:00Z", "z_m": 15.108272019625351}, "geometry": {"type": "Point", "coordinates": [-113.52189278656972, 53.73679756736839]}}, {"type": "Feature", "properties": {"t": "2026-04-21T08:45:00+00:00Z", "z_m": 20.0}, "geometry": {"type": "Point", "coordinates": [-113.5348827323875, 53.732868666713024]}}, {"type": "Feature", "properties": {"t": "2026-04-21T08:45:00+00:00Z", "z_m": 9.029888006857021}, "geometry": {"type": "Point", "coordinates": [-113.5235735786524, 53.738029722028415]}}, {"type": "Feature", "properties": {"t": "2026-04-21T08:45:00+00:00Z", "z_m": 19.713272050862372}, "geometry": {"type": "Point", "coordinates": [-113.53179051908371, 53.73740569711165]}}, {"type": "Feature", "properties": {"t": "2026-04-21T08:45:00+00:00Z", "z_m": 17.886973268156968}, "geometry": {"type": "Point", "coordinates": [-113.52277943685644, 53.73488643247157]}}, {"type": "Feature", "properties": {"t": "2026-04-21T08:45:00+00:00Z", "z_m": 11.377658043868918}, "geometry": {"type": "Point", "coordinates": [-113.53874369314974, 53.7317853461446]}}, {"type": "Feature", "properties": {"t": "2026-04-21T08:45:00+00:00Z", "z_m": 5.320284488087398}, "geometry": {"type": "Point", "coordinates": [-113.5233006301256, 53.73417315414788]}}, {"type": "Feature", "properties": {"t": "2026-04-21T08:45:00+00:00Z", "z_m": 20.0}, "geometry": {"type": "Point", "coordinates": [-113.52159700884665, 53.73374591017116]}}, {"type": "Feature", "properties": {"t": "2026-04-21T08:45:00+00:00Z", "z_m": 14.278901741406425}, "geometry": {"type": "Point", "coordinates": [-113.52320134266225, 53.73714462691327]}}, {"type": "Feature", "properties": {"t": "2026-04-21T08:45:00+00:00Z", "z_m": 9.475812845764512}, "geometry": {"type": "Point", "coordinates": [-113.52829880818425, 53.73814593475862]}}, {"type": "Feature", "properties": {"t": "2026-04-21T08:45:00+00:00Z", "z_m": 14.669789901048144}, "geometry": {"type": "Point", "coordinates": [-113.5334328708562, 53.73005167279044]}}, {"type": "Feature", "properties": {"t": "2026-04-21T08:45:00+00:00Z", "z_m": 19.10843999411247}, "geometry": {"type": "Point", "coordinates": [-113.52872885215267, 53.73607116289494]}}, {"type": "Feature", "properties": {"t": "2026-04-21T08:45:00+00:00Z", "z_m": 11.18354970606398}, "geometry": {"type": "Point", "coordinates": [-113.5226072973115, 53.73928488904591]}}, {"type": "Feature", "properties": {"t": "2026-04-21T08:45:00+00:00Z", "z_m": 19.71680349328505}, "geometry": {"type": "Point", "coordinates": [-113.52764948460147, 53.7361225359073]}}, {"type": "Feature", "properties": {"t": "2026-04-21T08:45:00+00:00Z", "z_m": 19.60184302678163}, "geometry": {"type": "Point", "coordinates": [-113.52540422241267, 53.73705092318528]}}, {"type": "Feature", "properties": {"t": "2026-04-21T08:45:00+00:00Z", "z_m": 9.483162537460437}, "geometry": {"type": "Point", "coordinates": [-113.52375401738864, 53.73817330989264]}}, {"type": "Feature", "properties": {"t": "2026-04-21T08:45:00+00:00Z", "z_m": 17.54721004862392}, "geometry": {"type": "Point", "coordinates": [-113.53813291903245, 53.731619070752664]}}, {"type": "Feature", "properties": {"t": "2026-04-21T08:45:00+00:00Z", "z_m": 19.151161678088737}, "geometry": {"type": "Point", "coordinates": [-113.53527977707871, 53.73190314645]}}, {"type": "Feature", "properties": {"t": "2026-04-21T08:45:00+00:00Z", "z_m": 20.0}, "geometry": {"type": "Point", "coordinates": [-113.52209744540681, 53.73542205015622]}}, {"type": "Feature", "properties": {"t": "2026-04-21T08:45:00+00:00Z", "z_m": 15.854556871557634}, "geometry": {"type": "Point", "coordinates": [-113.54353089213033, 53.732531007005946]}}, {"type": "Feature", "properties": {"t": "2026-04-21T08:45:00+00:00Z", "z_m": 19.10827729305493}, "geometry": {"type": "Point", "coordinates": [-113.52988895117568, 53.736428965726]}}, {"type": "Feature", "properties": {"t": "2026-04-21T08:45:00+00:00Z", "z_m": 14.168589183781762}, "geometry": {"type": "Point", "coordinates": [-113.52297273772622, 53.73461758054916]}}, {"type": "Feature", "properties": {"t": "2026-04-21T08:45:00+00:00Z", "z_m": 19.143288267169517}, "geometry": {"type": "Point", "coordinates": [-113.52543439764186, 53.73668972315457]}}, {"type": "Feature", "properties": {"t": "2026-04-21T08:45:00+00:00Z", "z_m": 2.925944448719949}, "geometry": {"type": "Point", "coordinates": [-113.52907007155075, 53.73704364012428]}}, {"type": "Feature", "properties": {"t": "2026-04-21T08:45:00+00:00Z", "z_m": 12.586502298858475}, "geometry": {"type": "Point", "coordinates": [-113.52443355612539, 53.73536091727822]}}, {"type": "Feature", "properties": {"t": "2026-04-21T08:45:00+00:00Z", "z_m": 8.483528601009219}, "geometry": {"type": "Point", "coordinates": [-113.5277447720942, 53.73935173180242]}}, {"type": "Feature", "properties": {"t": "2026-04-21T08:45:00+00:00Z", "z_m": 18.076816038685823}, "geometry": {"type": "Point", "coordinates": [-113.52820511814696, 53.73327706374369]}}, {"type": "Feature", "properties": {"t": "2026-04-21T08:45:00+00:00Z", "z_m": 16.657555882509556}, "geometry": {"type": "Point", "coordinates": [-113.52720801048231, 53.73329751985016]}}, {"type": "Feature", "properties": {"t": "2026-04-21T08:45:00+00:00Z", "z_m": 11.127648510940949}, "geometry": {"type": "Point", "coordinates": [-113.5273658506359, 53.734569107246365]}}, {"type": "Feature", "properties": {"t": "2026-04-21T08:45:00+00:00Z", "z_m": 20.0}, "geometry": {"type": "Point", "coordinates": [-113.53322344482784, 53.73521292314621]}}, {"type": "Feature", "properties": {"t": "2026-04-21T08:45:00+00:00Z", "z_m": 19.59151800192862}, "geometry": {"type": "Point", "coordinates": [-113.52637020521153, 53.73333614460041]}}, {"type": "Feature", "properties": {"t": "2026-04-21T08:45:00+00:00Z", "z_m": 11.105723355946708}, "geometry": {"type": "Point", "coordinates": [-113.52396673583411, 53.73643572144168]}}, {"type": "Feature", "properties": {"t": "2026-04-21T08:45:00+00:00Z", "z_m": 15.194912163808604}, "geometry": {"type": "Point", "coordinates": [-113.52280976826904, 53.73676286261218]}}, {"type": "Feature", "properties": {"t": "2026-04-21T08:45:00+00:00Z", "z_m": 15.100476910467943}, "geometry": {"type": "Point", "coordinates": [-113.52571513540761, 53.73742811362504]}}, {"type": "Feature", "properties": {"t": "2026-04-21T08:45:00+00:00Z", "z_m": 4.521473051514004}, "geometry": {"type": "Point", "coordinates": [-113.5290309170679, 53.737682258449816]}}, {"type": "Feature", "properties": {"t": "2026-04-21T08:45:00+00:00Z", "z_m": 18.86638023956284}, "geometry": {"type": "Point", "coordinates": [-113.53347608003708, 53.73510522947974]}}, {"type": "Feature", "properties": {"t": "2026-04-21T08:45:00+00:00Z", "z_m": 18.503258896159533}, "geometry": {"type": "Point", "coordinates": [-113.51967736905283, 53.73558593523291]}}, {"type": "Feature", "properties": {"t": "2026-04-21T08:45:00+00:00Z", "z_m": 14.924335738554111}, "geometry": {"type": "Point", "coordinates": [-113.53187634931989, 53.73768452877279]}}, {"type": "Feature", "properties": {"t": "2026-04-21T08:45:00+00:00Z", "z_m": 13.815991560484443}, "geometry": {"type": "Point", "coordinates": [-113.5312770067074, 53.73248154405659]}}, {"type": "Feature", "properties": {"t": "2026-04-21T08:45:00+00:00Z", "z_m": 17.0306468814555}, "geometry": {"type": "Point", "coordinates": [-113.52985798449028, 53.73624285134974]}}, {"type": "Feature", "properties": {"t": "2026-04-21T08:45:00+00:00Z", "z_m": 14.768747795997475}, "geometry": {"type": "Point", "coordinates": [-113.52719065111688, 53.73379931516184]}}, {"type": "Feature", "properties": {"t": "2026-04-21T08:45:00+00:00Z", "z_m": 16.71827978915516}, "geometry": {"type": "Point", "coordinates": [-113.52943639781148, 53.73365501694883]}}, {"type": "Feature", "properties": {"t": "2026-04-21T08:40:00+00:00Z", "z_m": 13.27265253212575}, "geometry": {"type": "Point", "coordinates": [-113.54182526492362, 53.73505696701677]}}, {"type": "Feature", "properties": {"t": "2026-04-21T08:40:00+00:00Z", "z_m": 12.248857229785354}, "geometry": {"type": "Point", "coordinates": [-113.52780953317871, 53.738870947778864]}}, {"type": "Feature", "properties": {"t": "2026-04-21T08:40:00+00:00Z", "z_m": 17.964138780119356}, "geometry": {"type": "Point", "coordinates": [-113.5283796905406, 53.73601254621976]}}, {"type": "Feature", "properties": {"t": "2026-04-21T08:40:00+00:00Z", "z_m": 11.130590848983298}, "geometry": {"type": "Point", "coordinates": [-113.52887474717987, 53.740675046548]}}, {"type": "Feature", "properties": {"t": "2026-04-21T08:40:00+00:00Z", "z_m": 15.572469628130339}, "geometry": {"type": "Point", "coordinates": [-113.52637467216925, 53.736970583484194]}}, {"type": "Feature", "properties": {"t": "2026-04-21T08:40:00+00:00Z", "z_m": 18.143221047561582}, "geometry": {"type": "Point", "coordinates": [-113.54580977213091, 53.73854031560264]}}, {"type": "Feature", "properties": {"t": "2026-04-21T08:40:00+00:00Z", "z_m": 20.0}, "geometry": {"type": "Point", "coordinates": [-113.53085886983031, 53.742730470903844]}}, {"type": "Feature", "properties": {"t": "2026-04-21T08:40:00+00:00Z", "z_m": 17.956207064947826}, "geometry": {"type": "Point", "coordinates": [-113.54232313435874, 53.731717257093955]}}, {"type": "Feature", "properties": {"t": "2026-04-21T08:40:00+00:00Z", "z_m": 14.4082657802504}, "geometry": {"type": "Point", "coordinates": [-113.52591699702515, 53.73921690086857]}}, {"type": "Feature", "properties": {"t": "2026-04-21T08:40:00+00:00Z", "z_m": 18.946799738494537}, "geometry": {"type": "Point", "coordinates": [-113.53562458366783, 53.73636279625664]}}, {"type": "Feature", "properties": {"t": "2026-04-21T08:40:00+00:00Z", "z_m": 10.905853672970874}, "geometry": {"type": "Point", "coordinates": [-113.52876145888705, 53.74150731618329]}}, {"type": "Feature", "properties": {"t": "2026-04-21T08:40:00+00:00Z", "z_m": 19.57351918118683}, "geometry": {"type": "Point", "coordinates": [-113.53268953633058, 53.74012156265399]}}, {"type": "Feature", "properties": {"t": "2026-04-21T08:40:00+00:00Z", "z_m": 19.350750369196312}, "geometry": {"type": "Point", "coordinates": [-113.52587565595971, 53.73822686060803]}}, {"type": "Feature", "properties": {"t": "2026-04-21T08:40:00+00:00Z", "z_m": 10.826331336147636}, "geometry": {"type": "Point", "coordinates": [-113.54395313392187, 53.734102949842516]}}, {"type": "Feature", "properties": {"t": "2026-04-21T08:40:00+00:00Z", "z_m": 5.390721152270594}, "geometry": {"type": "Point", "coordinates": [-113.525434604316, 53.7363086845615]}}, {"type": "Feature", "properties": {"t": "2026-04-21T08:40:00+00:00Z", "z_m": 19.207878107148463}, "geometry": {"type": "Point", "coordinates": [-113.52499850362527, 53.736398759528846]}}, {"type": "Feature", "properties": {"t": "2026-04-21T08:40:00+00:00Z", "z_m": 13.368803370819117}, "geometry": {"type": "Point", "coordinates": [-113.5267066097072, 53.73990356072152]}}, {"type": "Feature", "properties": {"t": "2026-04-21T08:40:00+00:00Z", "z_m": 9.706299280062}, "geometry": {"type": "Point", "coordinates": [-113.52927983530056, 53.741513151185764]}}, {"type": "Feature", "properties": {"t": "2026-04-21T08:40:00+00:00Z", "z_m": 15.88417014737072}, "geometry": {"type": "Point", "coordinates": [-113.53628750179291, 53.732203263408806]}}, {"type": "Feature", "properties": {"t": "2026-04-21T08:40:00+00:00Z", "z_m": 20.0}, "geometry": {"type": "Point", "coordinates": [-113.53070425070732, 53.739411730741146]}}, {"type": "Feature", "properties": {"t": "2026-04-21T08:40:00+00:00Z", "z_m": 10.62829182192646}, "geometry": {"type": "Point", "coordinates": [-113.52625841919064, 53.74153719129522]}}, {"type": "Feature", "properties": {"t": "2026-04-21T08:40:00+00:00Z", "z_m": 19.354276539775004}, "geometry": {"type": "Point", "coordinates": [-113.53088560586737, 53.73759505601717]}}, {"type": "Feature", "properties": {"t": "2026-04-21T08:40:00+00:00Z", "z_m": 17.790628931166932}, "geometry": {"type": "Point", "coordinates": [-113.53052573311442, 53.7393004077798]}}, {"type": "Feature", "properties": {"t": "2026-04-21T08:40:00+00:00Z", "z_m": 8.611848864260377}, "geometry": {"type": "Point", "coordinates": [-113.52803326439246, 53.74054095162843]}}, {"type": "Feature", "properties": {"t": "2026-04-21T08:40:00+00:00Z", "z_m": 17.17959577687551}, "geometry": {"type": "Point", "coordinates": [-113.542514716045, 53.73486807857766]}}, {"type": "Feature", "properties": {"t": "2026-04-21T08:40:00+00:00Z", "z_m": 19.899254208518485}, "geometry": {"type": "Point", "coordinates": [-113.54028517231244, 53.73447898614091]}}, {"type": "Feature", "properties": {"t": "2026-04-21T08:40:00+00:00Z", "z_m": 19.059262052967714}, "geometry": {"type": "Point", "coordinates": [-113.52622126324141, 53.739624128813176]}}, {"type": "Feature", "properties": {"t": "2026-04-21T08:40:00+00:00Z", "z_m": 15.590938774610306}, "geometry": {"type": "Point", "coordinates": [-113.54734028758583, 53.733127243260135]}}, {"type": "Feature", "properties": {"t": "2026-04-21T08:40:00+00:00Z", "z_m": 17.219028224397157}, "geometry": {"type": "Point", "coordinates": [-113.53209819647007, 53.739991021222]}}, {"type": "Feature", "properties": {"t": "2026-04-21T08:40:00+00:00Z", "z_m": 14.249159438808721}, "geometry": {"type": "Point", "coordinates": [-113.52604409926388, 53.738743621303506]}}, {"type": "Feature", "properties": {"t": "2026-04-21T08:40:00+00:00Z", "z_m": 20.0}, "geometry": {"type": "Point", "coordinates": [-113.52725345264298, 53.73961315880098]}}, {"type": "Feature", "properties": {"t": "2026-04-21T08:40:00+00:00Z", "z_m": 3.335312128364191}, "geometry": {"type": "Point", "coordinates": [-113.53157682981224, 53.73869821421732]}}, {"type": "Feature", "properties": {"t": "2026-04-21T08:40:00+00:00Z", "z_m": 13.160704789928479}, "geometry": {"type": "Point", "coordinates": [-113.52660983300761, 53.73737314984495]}}, {"type": "Feature", "properties": {"t": "2026-04-21T08:40:00+00:00Z", "z_m": 3.8702526150551364}, "geometry": {"type": "Point", "coordinates": [-113.53036160163748, 53.74176175859013]}}, {"type": "Feature", "properties": {"t": "2026-04-21T08:40:00+00:00Z", "z_m": 19.978486382235054}, "geometry": {"type": "Point", "coordinates": [-113.529678816527, 53.73660001531959]}}, {"type": "Feature", "properties": {"t": "2026-04-21T08:40:00+00:00Z", "z_m": 16.873679834928215}, "geometry": {"type": "Point", "coordinates": [-113.52911058284121, 53.735787226880575]}}, {"type": "Feature", "properties": {"t": "2026-04-21T08:40:00+00:00Z", "z_m": 9.638412489794542}, "geometry": {"type": "Point", "coordinates": [-113.52750549902268, 53.73853188486562]}}, {"type": "Feature", "properties": {"t": "2026-04-21T08:40:00+00:00Z", "z_m": 17.560189982819104}, "geometry": {"type": "Point", "coordinates": [-113.53364057978347, 53.73813851259045]}}, {"type": "Feature", "properties": {"t": "2026-04-21T08:40:00+00:00Z", "z_m": 19.95065639726387}, "geometry": {"type": "Point", "coordinates": [-113.52725210854399, 53.73562858569601]}}, {"type": "Feature", "properties": {"t": "2026-04-21T08:40:00+00:00Z", "z_m": 10.439780756958074}, "geometry": {"type": "Point", "coordinates": [-113.52600246240769, 53.73991051604779]}}, {"type": "Feature", "properties": {"t": "2026-04-21T08:40:00+00:00Z", "z_m": 15.983129393694396}, "geometry": {"type": "Point", "coordinates": [-113.52544997069418, 53.738673224660424]}}, {"type": "Feature", "properties": {"t": "2026-04-21T08:40:00+00:00Z", "z_m": 13.231679260640467}, "geometry": {"type": "Point", "coordinates": [-113.52516454707637, 53.74055662050143]}}, {"type": "Feature", "properties": {"t": "2026-04-21T08:40:00+00:00Z", "z_m": 6.719209671644675}, "geometry": {"type": "Point", "coordinates": [-113.53064881143418, 53.74019875132074]}}, {"type": "Feature", "properties": {"t": "2026-04-21T08:40:00+00:00Z", "z_m": 19.076448771983298}, "geometry": {"type": "Point", "coordinates": [-113.53479057820178, 53.73820179294212]}}, {"type": "Feature", "properties": {"t": "2026-04-21T08:40:00+00:00Z", "z_m": 17.97331837654965}, "geometry": {"type": "Point", "coordinates": [-113.52581215373513, 53.73705681912293]}}, {"type": "Feature", "properties": {"t": "2026-04-21T08:40:00+00:00Z", "z_m": 12.735599841917614}, "geometry": {"type": "Point", "coordinates": [-113.5335733327938, 53.74052469558997]}}, {"type": "Feature", "properties": {"t": "2026-04-21T08:40:00+00:00Z", "z_m": 13.050455800764505}, "geometry": {"type": "Point", "coordinates": [-113.53444364187732, 53.73605934983179]}}, {"type": "Feature", "properties": {"t": "2026-04-21T08:40:00+00:00Z", "z_m": 17.802698568960302}, "geometry": {"type": "Point", "coordinates": [-113.533675404525, 53.739742151458046]}}, {"type": "Feature", "properties": {"t": "2026-04-21T08:40:00+00:00Z", "z_m": 16.269220414432183}, "geometry": {"type": "Point", "coordinates": [-113.52895751114809, 53.73481322207653]}}, {"type": "Feature", "properties": {"t": "2026-04-21T08:40:00+00:00Z", "z_m": 18.168366421170827}, "geometry": {"type": "Point", "coordinates": [-113.53120326021822, 53.73651628645411]}}, {"type": "Feature", "properties": {"t": "2026-04-21T08:35:00+00:00Z", "z_m": 13.519527364371186}, "geometry": {"type": "Point", "coordinates": [-113.54518149172998, 53.73767500858285]}}, {"type": "Feature", "properties": {"t": "2026-04-21T08:35:00+00:00Z", "z_m": 11.937881592397376}, "geometry": {"type": "Point", "coordinates": [-113.53095365926454, 53.74186221801175]}}, {"type": "Feature", "properties": {"t": "2026-04-21T08:35:00+00:00Z", "z_m": 18.801559634689713}, "geometry": {"type": "Point", "coordinates": [-113.53093546167365, 53.738588356299736]}}, {"type": "Feature", "properties": {"t": "2026-04-21T08:35:00+00:00Z", "z_m": 13.635942496259055}, "geometry": {"type": "Point", "coordinates": [-113.53273226636452, 53.74352737595663]}}, {"type": "Feature", "properties": {"t": "2026-04-21T08:35:00+00:00Z", "z_m": 17.449209446536486}, "geometry": {"type": "Point", "coordinates": [-113.52845137162194, 53.73949641217933]}}, {"type": "Feature", "properties": {"t": "2026-04-21T08:35:00+00:00Z", "z_m": 20.0}, "geometry": {"type": "Point", "coordinates": [-113.5488938097287, 53.74193685672161]}}, {"type": "Feature", "properties": {"t": "2026-04-21T08:35:00+00:00Z", "z_m": 19.576218715997094}, "geometry": {"type": "Point", "coordinates": [-113.53248994178455, 53.74660567878099]}}, {"type": "Feature", "properties": {"t": "2026-04-21T08:35:00+00:00Z", "z_m": 15.860191093314132}, "geometry": {"type": "Point", "coordinates": [-113.54792611015438, 53.73469209470033]}}, {"type": "Feature", "properties": {"t": "2026-04-21T08:35:00+00:00Z", "z_m": 17.22074439823897}, "geometry": {"type": "Point", "coordinates": [-113.52945815136631, 53.74234098298963]}}, {"type": "Feature", "properties": {"t": "2026-04-21T08:35:00+00:00Z", "z_m": 15.282702568717959}, "geometry": {"type": "Point", "coordinates": [-113.53771360437528, 53.73842326285442]}}, {"type": "Feature", "properties": {"t": "2026-04-21T08:35:00+00:00Z", "z_m": 10.218430812206414}, "geometry": {"type": "Point", "coordinates": [-113.53244622214807, 53.74443028952767]}}, {"type": "Feature", "properties": {"t": "2026-04-21T08:35:00+00:00Z", "z_m": 18.656469560697126}, "geometry": {"type": "Point", "coordinates": [-113.53388718919594, 53.7432364859347]}}, {"type": "Feature", "properties": {"t": "2026-04-21T08:35:00+00:00Z", "z_m": 18.018975718828393}, "geometry": {"type": "Point", "coordinates": [-113.52856832747472, 53.740379542531485]}}, {"type": "Feature", "properties": {"t": "2026-04-21T08:35:00+00:00Z", "z_m": 11.594241916963574}, "geometry": {"type": "Point", "coordinates": [-113.54596893149079, 53.73737889605454]}}, {"type": "Feature", "properties": {"t": "2026-04-21T08:35:00+00:00Z", "z_m": 7.21054309460744}, "geometry": {"type": "Point", "coordinates": [-113.52534811568971, 53.73893990869621]}}, {"type": "Feature", "properties": {"t": "2026-04-21T08:35:00+00:00Z", "z_m": 15.743768011396641}, "geometry": {"type": "Point", "coordinates": [-113.52774956376898, 53.74014355988394]}}, {"type": "Feature", "properties": {"t": "2026-04-21T08:35:00+00:00Z", "z_m": 12.878158949709212}, "geometry": {"type": "Point", "coordinates": [-113.53212602237485, 53.743310414140474]}}, {"type": "Feature", "properties": {"t": "2026-04-21T08:35:00+00:00Z", "z_m": 11.854010747183702}, "geometry": {"type": "Point", "coordinates": [-113.53174311690275, 53.7451666906976]}}, {"type": "Feature", "properties": {"t": "2026-04-21T08:35:00+00:00Z", "z_m": 13.401181294550945}, "geometry": {"type": "Point", "coordinates": [-113.54163628918897, 53.73559482692889]}}, {"type": "Feature", "properties": {"t": "2026-04-21T08:35:00+00:00Z", "z_m": 20.0}, "geometry": {"type": "Point", "coordinates": [-113.53280297003892, 53.742578778214856]}}, {"type": "Feature", "properties": {"t": "2026-04-21T08:35:00+00:00Z", "z_m": 8.359591484421033}, "geometry": {"type": "Point", "coordinates": [-113.5306135650714, 53.744050431155756]}}, {"type": "Feature", "properties": {"t": "2026-04-21T08:35:00+00:00Z", "z_m": 19.165864249500764}, "geometry": {"type": "Point", "coordinates": [-113.53430443306009, 53.739906846734506]}}, {"type": "Feature", "properties": {"t": "2026-04-21T08:35:00+00:00Z", "z_m": 15.786033096134231}, "geometry": {"type": "Point", "coordinates": [-113.53258191719713, 53.74122081447658]}}, {"type": "Feature", "properties": {"t": "2026-04-21T08:35:00+00:00Z", "z_m": 8.272055922468597}, "geometry": {"type": "Point", "coordinates": [-113.53123870538593, 53.74239152515072]}}, {"type": "Feature", "properties": {"t": "2026-04-21T08:35:00+00:00Z", "z_m": 17.324588347084426}, "geometry": {"type": "Point", "coordinates": [-113.54603890216333, 53.73766737319143]}}, {"type": "Feature", "properties": {"t": "2026-04-21T08:35:00+00:00Z", "z_m": 19.401940193239927}, "geometry": {"type": "Point", "coordinates": [-113.54617050173606, 53.73685825172425]}}, {"type": "Feature", "properties": {"t": "2026-04-21T08:35:00+00:00Z", "z_m": 16.22883035221662}, "geometry": {"type": "Point", "coordinates": [-113.53035055798917, 53.74285042228357]}}, {"type": "Feature", "properties": {"t": "2026-04-21T08:35:00+00:00Z", "z_m": 16.358124840928312}, "geometry": {"type": "Point", "coordinates": [-113.55148178672607, 53.73571149028123]}}, {"type": "Feature", "properties": {"t": "2026-04-21T08:35:00+00:00Z", "z_m": 15.94336613527449}, "geometry": {"type": "Point", "coordinates": [-113.53272247125504, 53.7420823985459]}}, {"type": "Feature", "properties": {"t": "2026-04-21T08:35:00+00:00Z", "z_m": 13.198888608393931}, "geometry": {"type": "Point", "coordinates": [-113.53059456727125, 53.7401824869831]}}, {"type": "Feature", "properties": {"t": "2026-04-21T08:35:00+00:00Z", "z_m": 19.806130759534753}, "geometry": {"type": "Point", "coordinates": [-113.5319592150966, 53.741032048360296]}}, {"type": "Feature", "properties": {"t": "2026-04-21T08:35:00+00:00Z", "z_m": 3.142992567293982}, "geometry": {"type": "Point", "coordinates": [-113.53309348913338, 53.741464418145405]}}, {"type": "Feature", "properties": {"t": "2026-04-21T08:35:00+00:00Z", "z_m": 12.735364589027528}, "geometry": {"type": "Point", "coordinates": [-113.52930081541163, 53.74044517697463]}}, {"type": "Feature", "properties": {"t": "2026-04-21T08:35:00+00:00Z", "z_m": 7.937285701775281}, "geometry": {"type": "Point", "coordinates": [-113.53290726858368, 53.74515039057867]}}, {"type": "Feature", "properties": {"t": "2026-04-21T08:35:00+00:00Z", "z_m": 20.0}, "geometry": {"type": "Point", "coordinates": [-113.53072406914816, 53.74076371860398]}}, {"type": "Feature", "properties": {"t": "2026-04-21T08:35:00+00:00Z", "z_m": 16.595161329395214}, "geometry": {"type": "Point", "coordinates": [-113.53322846275005, 53.738191795812284]}}, {"type": "Feature", "properties": {"t": "2026-04-21T08:35:00+00:00Z", "z_m": 10.693380587129077}, "geometry": {"type": "Point", "coordinates": [-113.5303072400021, 53.74118410592478]}}, {"type": "Feature", "properties": {"t": "2026-04-21T08:35:00+00:00Z", "z_m": 18.03663891529391}, "geometry": {"type": "Point", "coordinates": [-113.536118338306, 53.74203504448683]}}, {"type": "Feature", "properties": {"t": "2026-04-21T08:35:00+00:00Z", "z_m": 18.54330970915279}, "geometry": {"type": "Point", "coordinates": [-113.52873778567309, 53.73896316874612]}}, {"type": "Feature", "properties": {"t": "2026-04-21T08:35:00+00:00Z", "z_m": 8.379426881822862}, "geometry": {"type": "Point", "coordinates": [-113.53065509476183, 53.74146703780866]}}, {"type": "Feature", "properties": {"t": "2026-04-21T08:35:00+00:00Z", "z_m": 13.07816250647797}, "geometry": {"type": "Point", "coordinates": [-113.52754647705527, 53.740155401856796]}}, {"type": "Feature", "properties": {"t": "2026-04-21T08:35:00+00:00Z", "z_m": 11.31174721579133}, "geometry": {"type": "Point", "coordinates": [-113.53005076577139, 53.742914556592]}}, {"type": "Feature", "properties": {"t": "2026-04-21T08:35:00+00:00Z", "z_m": 6.505614562471476}, "geometry": {"type": "Point", "coordinates": [-113.53253524867203, 53.743007132850465]}}, {"type": "Feature", "properties": {"t": "2026-04-21T08:35:00+00:00Z", "z_m": 17.49425445727908}, "geometry": {"type": "Point", "coordinates": [-113.53580587742545, 53.74146173094484]}}, {"type": "Feature", "properties": {"t": "2026-04-21T08:35:00+00:00Z", "z_m": 18.450943851498987}, "geometry": {"type": "Point", "coordinates": [-113.52793693825427, 53.738981193300084]}}, {"type": "Feature", "properties": {"t": "2026-04-21T08:35:00+00:00Z", "z_m": 11.179106009185684}, "geometry": {"type": "Point", "coordinates": [-113.53564157815926, 53.743203517996506]}}, {"type": "Feature", "properties": {"t": "2026-04-21T08:35:00+00:00Z", "z_m": 12.92391364417955}, "geometry": {"type": "Point", "coordinates": [-113.53696245096305, 53.73920285042313]}}, {"type": "Feature", "properties": {"t": "2026-04-21T08:35:00+00:00Z", "z_m": 16.003115794860108}, "geometry": {"type": "Point", "coordinates": [-113.53917989157708, 53.7424691423435]}}, {"type": "Feature", "properties": {"t": "2026-04-21T08:35:00+00:00Z", "z_m": 16.195175229252904}, "geometry": {"type": "Point", "coordinates": [-113.52851648672463, 53.736883854390086]}}, {"type": "Feature", "properties": {"t": "2026-04-21T08:35:00+00:00Z", "z_m": 17.502166961276068}, "geometry": {"type": "Point", "coordinates": [-113.53377061269765, 53.740410973510144]}}, {"type": "Feature", "properties": {"t": "2026-04-21T08:30:00+00:00Z", "z_m": 13.798415796987564}, "geometry": {"type": "Point", "coordinates": [-113.54840963245375, 53.74052345875412]}}, {"type": "Feature", "properties": {"t": "2026-04-21T08:30:00+00:00Z", "z_m": 8.931841326051423}, "geometry": {"type": "Point", "coordinates": [-113.53352109263756, 53.74431415773554]}}, {"type": "Feature", "properties": {"t": "2026-04-21T08:30:00+00:00Z", "z_m": 19.03129233823231}, "geometry": {"type": "Point", "coordinates": [-113.536102762419, 53.74273941263203]}}, {"type": "Feature", "properties": {"t": "2026-04-21T08:30:00+00:00Z", "z_m": 15.75660457790962}, "geometry": {"type": "Point", "coordinates": [-113.53419855721533, 53.746134429285306]}}, {"type": "Feature", "properties": {"t": "2026-04-21T08:30:00+00:00Z", "z_m": 17.301995638937342}, "geometry": {"type": "Point", "coordinates": [-113.53069313648791, 53.74250245954418]}}, {"type": "Feature", "properties": {"t": "2026-04-21T08:30:00+00:00Z", "z_m": 20.0}, "geometry": {"type": "Point", "coordinates": [-113.55277567541725, 53.74522359908343]}}, {"type": "Feature", "properties": {"t": "2026-04-21T08:30:00+00:00Z", "z_m": 18.271632371381216}, "geometry": {"type": "Point", "coordinates": [-113.53542297628961, 53.749281511650715]}}, {"type": "Feature", "properties": {"t": "2026-04-21T08:30:00+00:00Z", "z_m": 15.130007753997717}, "geometry": {"type": "Point", "coordinates": [-113.54866288594206, 53.73904518582292]}}, {"type": "Feature", "properties": {"t": "2026-04-21T08:30:00+00:00Z", "z_m": 16.96384242450827}, "geometry": {"type": "Point", "coordinates": [-113.53178542672848, 53.74374083242763]}}, {"type": "Feature", "properties": {"t": "2026-04-21T08:30:00+00:00Z", "z_m": 14.876734424703852}, "geometry": {"type": "Point", "coordinates": [-113.54068108815359, 53.74240283316563]}}, {"type": "Feature", "properties": {"t": "2026-04-21T08:30:00+00:00Z", "z_m": 10.655392276760077}, "geometry": {"type": "Point", "coordinates": [-113.53306189156658, 53.74571754804515]}}, {"type": "Feature", "properties": {"t": "2026-04-21T08:30:00+00:00Z", "z_m": 18.708707955965526}, "geometry": {"type": "Point", "coordinates": [-113.53603998908886, 53.74534880035837]}}, {"type": "Feature", "properties": {"t": "2026-04-21T08:30:00+00:00Z", "z_m": 14.558775838465476}, "geometry": {"type": "Point", "coordinates": [-113.53353568370292, 53.74380754858538]}}, {"type": "Feature", "properties": {"t": "2026-04-21T08:30:00+00:00Z", "z_m": 9.606325454401857}, "geometry": {"type": "Point", "coordinates": [-113.54891328370927, 53.74036567060147]}}, {"type": "Feature", "properties": {"t": "2026-04-21T08:30:00+00:00Z", "z_m": 6.343109764539638}, "geometry": {"type": "Point", "coordinates": [-113.53174377693833, 53.74153793080434]}}, {"type": "Feature", "properties": {"t": "2026-04-21T08:30:00+00:00Z", "z_m": 14.187031183823125}, "geometry": {"type": "Point", "coordinates": [-113.5325003321164, 53.7435565819329]}}, {"type": "Feature", "properties": {"t": "2026-04-21T08:30:00+00:00Z", "z_m": 14.204784053416086}, "geometry": {"type": "Point", "coordinates": [-113.5363540491331, 53.746396548367294]}}, {"type": "Feature", "properties": {"t": "2026-04-21T08:30:00+00:00Z", "z_m": 8.839594325753962}, "geometry": {"type": "Point", "coordinates": [-113.53428138196689, 53.74817659464935]}}, {"type": "Feature", "properties": {"t": "2026-04-21T08:30:00+00:00Z", "z_m": 9.395389997237427}, "geometry": {"type": "Point", "coordinates": [-113.54490531267015, 53.73775055108262]}}, {"type": "Feature", "properties": {"t": "2026-04-21T08:30:00+00:00Z", "z_m": 19.778599740628614}, "geometry": {"type": "Point", "coordinates": [-113.53516223804485, 53.7451685768081]}}, {"type": "Feature", "properties": {"t": "2026-04-21T08:30:00+00:00Z", "z_m": 6.870757228607637}, "geometry": {"type": "Point", "coordinates": [-113.53355281595445, 53.74794697873562]}}, {"type": "Feature", "properties": {"t": "2026-04-21T08:30:00+00:00Z", "z_m": 19.398072882281152}, "geometry": {"type": "Point", "coordinates": [-113.53504324851247, 53.7419463150043]}}, {"type": "Feature", "properties": {"t": "2026-04-21T08:30:00+00:00Z", "z_m": 15.824140611516183}, "geometry": {"type": "Point", "coordinates": [-113.53446794274657, 53.743591742899845]}}, {"type": "Feature", "properties": {"t": "2026-04-21T08:30:00+00:00Z", "z_m": 6.787188950412533}, "geometry": {"type": "Point", "coordinates": [-113.53382819104337, 53.74489340280412]}}, {"type": "Feature", "properties": {"t": "2026-04-21T08:30:00+00:00Z", "z_m": 15.16651130156557}, "geometry": {"type": "Point", "coordinates": [-113.54642670691017, 53.74000221868263]}}, {"type": "Feature", "properties": {"t": "2026-04-21T08:30:00+00:00Z", "z_m": 19.534270601423806}, "geometry": {"type": "Point", "coordinates": [-113.54830983863499, 53.73848723377878]}}, {"type": "Feature", "properties": {"t": "2026-04-21T08:30:00+00:00Z", "z_m": 15.56557643286131}, "geometry": {"type": "Point", "coordinates": [-113.53164189374, 53.74523321860864]}}, {"type": "Feature", "properties": {"t": "2026-04-21T08:30:00+00:00Z", "z_m": 15.51158024956438}, "geometry": {"type": "Point", "coordinates": [-113.55223719746083, 53.738249097935054]}}, {"type": "Feature", "properties": {"t": "2026-04-21T08:30:00+00:00Z", "z_m": 17.361045619713465}, "geometry": {"type": "Point", "coordinates": [-113.53500164776224, 53.744094698322876]}}, {"type": "Feature", "properties": {"t": "2026-04-21T08:30:00+00:00Z", "z_m": 12.27162996656307}, "geometry": {"type": "Point", "coordinates": [-113.53274603446536, 53.74415868196756]}}, {"type": "Feature", "properties": {"t": "2026-04-21T08:30:00+00:00Z", "z_m": 19.543368773393187}, "geometry": {"type": "Point", "coordinates": [-113.53586829903863, 53.74356458100299]}}, {"type": "Feature", "properties": {"t": "2026-04-21T08:30:00+00:00Z", "z_m": 3.4713120745300348}, "geometry": {"type": "Point", "coordinates": [-113.53297296339906, 53.74444469904356]}}, {"type": "Feature", "properties": {"t": "2026-04-21T08:30:00+00:00Z", "z_m": 12.764071835147792}, "geometry": {"type": "Point", "coordinates": [-113.53118599944493, 53.74341521540828]}}, {"type": "Feature", "properties": {"t": "2026-04-21T08:30:00+00:00Z", "z_m": 8.347367476880104}, "geometry": {"type": "Point", "coordinates": [-113.53548956270606, 53.7479345891817]}}, {"type": "Feature", "properties": {"t": "2026-04-21T08:30:00+00:00Z", "z_m": 19.18090138896705}, "geometry": {"type": "Point", "coordinates": [-113.53090831703538, 53.74341299895838]}}, {"type": "Feature", "properties": {"t": "2026-04-21T08:30:00+00:00Z", "z_m": 15.835696021576789}, "geometry": {"type": "Point", "coordinates": [-113.53583906843171, 53.741088704319836]}}, {"type": "Feature", "properties": {"t": "2026-04-21T08:30:00+00:00Z", "z_m": 6.739044726331393}, "geometry": {"type": "Point", "coordinates": [-113.53263864110632, 53.74444611878321]}}, {"type": "Feature", "properties": {"t": "2026-04-21T08:30:00+00:00Z", "z_m": 18.66020151046982}, "geometry": {"type": "Point", "coordinates": [-113.53897806184337, 53.7455337697392]}}, {"type": "Feature", "properties": {"t": "2026-04-21T08:30:00+00:00Z", "z_m": 19.718956180029263}, "geometry": {"type": "Point", "coordinates": [-113.53129368279933, 53.74224560733899]}}, {"type": "Feature", "properties": {"t": "2026-04-21T08:30:00+00:00Z", "z_m": 10.443362401551735}, "geometry": {"type": "Point", "coordinates": [-113.53126184194305, 53.74531969408291]}}, {"type": "Feature", "properties": {"t": "2026-04-21T08:30:00+00:00Z", "z_m": 15.993902549840648}, "geometry": {"type": "Point", "coordinates": [-113.53029513502308, 53.743066460509226]}}, {"type": "Feature", "properties": {"t": "2026-04-21T08:30:00+00:00Z", "z_m": 10.592763615301163}, "geometry": {"type": "Point", "coordinates": [-113.53156117918624, 53.74653002853032]}}, {"type": "Feature", "properties": {"t": "2026-04-21T08:30:00+00:00Z", "z_m": 8.534811400872524}, "geometry": {"type": "Point", "coordinates": [-113.53490500343794, 53.74648464924499]}}, {"type": "Feature", "properties": {"t": "2026-04-21T08:30:00+00:00Z", "z_m": 17.242803686274666}, "geometry": {"type": "Point", "coordinates": [-113.53929685124888, 53.74479264581888]}}, {"type": "Feature", "properties": {"t": "2026-04-21T08:30:00+00:00Z", "z_m": 16.964347411254558}, "geometry": {"type": "Point", "coordinates": [-113.52821305775292, 53.740602802942185]}}, {"type": "Feature", "properties": {"t": "2026-04-21T08:30:00+00:00Z", "z_m": 11.185297492836458}, "geometry": {"type": "Point", "coordinates": [-113.53847964136772, 53.747116158355084]}}, {"type": "Feature", "properties": {"t": "2026-04-21T08:30:00+00:00Z", "z_m": 11.413617756146223}, "geometry": {"type": "Point", "coordinates": [-113.54006379727674, 53.74268726117673]}}, {"type": "Feature", "properties": {"t": "2026-04-21T08:30:00+00:00Z", "z_m": 16.110367122495617}, "geometry": {"type": "Point", "coordinates": [-113.54113850896239, 53.74605325051384]}}, {"type": "Feature", "properties": {"t": "2026-04-21T08:30:00+00:00Z", "z_m": 17.944310442051478}, "geometry": {"type": "Point", "coordinates": [-113.52859192182684, 53.7406407263178]}}, {"type": "Feature", "properties": {"t": "2026-04-21T08:30:00+00:00Z", "z_m": 19.391913535416123}, "geometry": {"type": "Point", "coordinates": [-113.53579314778072, 53.74377557916553]}}, {"type": "Feature", "properties": {"t": "2026-04-21T08:25:00+00:00Z", "z_m": 12.267950831127699}, "geometry": {"type": "Point", "coordinates": [-113.55184487613826, 53.74251678249088]}}, {"type": "Feature", "properties": {"t": "2026-04-21T08:25:00+00:00Z", "z_m": 6.032194226828141}, "geometry": {"type": "Point", "coordinates": [-113.5349030600221, 53.74769649053631]}}, {"type": "Feature", "properties": {"t": "2026-04-21T08:25:00+00:00Z", "z_m": 18.25906493104164}, "geometry": {"type": "Point", "coordinates": [-113.53700618813355, 53.74626548063167]}}, {"type": "Feature", "properties": {"t": "2026-04-21T08:25:00+00:00Z", "z_m": 17.441922424245202}, "geometry": {"type": "Point", "coordinates": [-113.53625773623796, 53.74960453711521]}}, {"type": "Feature", "properties": {"t": "2026-04-21T08:25:00+00:00Z", "z_m": 20.0}, "geometry": {"type": "Point", "coordinates": [-113.5331230414951, 53.74530710589052]}}, {"type": "Feature", "properties": {"t": "2026-04-21T08:25:00+00:00Z", "z_m": 18.67819768066128}, "geometry": {"type": "Point", "coordinates": [-113.55604562750581, 53.746856340338645]}}, {"type": "Feature", "properties": {"t": "2026-04-21T08:25:00+00:00Z", "z_m": 19.00436360664912}, "geometry": {"type": "Point", "coordinates": [-113.53681784011451, 53.75259212902368]}}, {"type": "Feature", "properties": {"t": "2026-04-21T08:25:00+00:00Z", "z_m": 11.640277236811077}, "geometry": {"type": "Point", "coordinates": [-113.55316745322429, 53.741527868267]}}, {"type": "Feature", "properties": {"t": "2026-04-21T08:25:00+00:00Z", "z_m": 15.488997681367382}, "geometry": {"type": "Point", "coordinates": [-113.53391337596638, 53.74663411951251]}}, {"type": "Feature", "properties": {"t": "2026-04-21T08:25:00+00:00Z", "z_m": 16.377636256009943}, "geometry": {"type": "Point", "coordinates": [-113.54342336495452, 53.74790289940946]}}, {"type": "Feature", "properties": {"t": "2026-04-21T08:25:00+00:00Z", "z_m": 8.679157952434993}, "geometry": {"type": "Point", "coordinates": [-113.5360402237461, 53.74936353789805]}}, {"type": "Feature", "properties": {"t": "2026-04-21T08:25:00+00:00Z", "z_m": 20.0}, "geometry": {"type": "Point", "coordinates": [-113.53637185799819, 53.748647358061284]}}, {"type": "Feature", "properties": {"t": "2026-04-21T08:25:00+00:00Z", "z_m": 13.990943912328946}, "geometry": {"type": "Point", "coordinates": [-113.53500592323992, 53.74758924855709]}}, {"type": "Feature", "properties": {"t": "2026-04-21T08:25:00+00:00Z", "z_m": 10.427437915904827}, "geometry": {"type": "Point", "coordinates": [-113.5523268212841, 53.743659147062466]}}, {"type": "Feature", "properties": {"t": "2026-04-21T08:25:00+00:00Z", "z_m": 4.418470977244883}, "geometry": {"type": "Point", "coordinates": [-113.53574228303661, 53.74411562080984]}}, {"type": "Feature", "properties": {"t": "2026-04-21T08:25:00+00:00Z", "z_m": 16.558380506878553}, "geometry": {"type": "Point", "coordinates": [-113.53634737836171, 53.74719083104943]}}, {"type": "Feature", "properties": {"t": "2026-04-21T08:25:00+00:00Z", "z_m": 10.629123176292763}, "geometry": {"type": "Point", "coordinates": [-113.53714421083666, 53.74870822270583]}}, {"type": "Feature", "properties": {"t": "2026-04-21T08:25:00+00:00Z", "z_m": 8.526283101849167}, "geometry": {"type": "Point", "coordinates": [-113.53802497861956, 53.751340880020166]}}, {"type": "Feature", "properties": {"t": "2026-04-21T08:25:00+00:00Z", "z_m": 10.354813044361416}, "geometry": {"type": "Point", "coordinates": [-113.5491951645318, 53.74178168606184]}}, {"type": "Feature", "properties": {"t": "2026-04-21T08:25:00+00:00Z", "z_m": 18.607234260032744}, "geometry": {"type": "Point", "coordinates": [-113.53837691241674, 53.74893946657248]}}, {"type": "Feature", "properties": {"t": "2026-04-21T08:25:00+00:00Z", "z_m": 6.49005434504676}, "geometry": {"type": "Point", "coordinates": [-113.53766748188912, 53.75136852971524]}}, {"type": "Feature", "properties": {"t": "2026-04-21T08:25:00+00:00Z", "z_m": 20.0}, "geometry": {"type": "Point", "coordinates": [-113.53649757422481, 53.74607248364429]}}, {"type": "Feature", "properties": {"t": "2026-04-21T08:25:00+00:00Z", "z_m": 15.989847222022576}, "geometry": {"type": "Point", "coordinates": [-113.53773523757158, 53.74532995287403]}}, {"type": "Feature", "properties": {"t": "2026-04-21T08:25:00+00:00Z", "z_m": 4.641323688627309}, "geometry": {"type": "Point", "coordinates": [-113.53724074810391, 53.745884561660155]}}, {"type": "Feature", "properties": {"t": "2026-04-21T08:25:00+00:00Z", "z_m": 13.810585358000086}, "geometry": {"type": "Point", "coordinates": [-113.54973846530368, 53.742021483676844]}}, {"type": "Feature", "properties": {"t": "2026-04-21T08:25:00+00:00Z", "z_m": 18.724070230353284}, "geometry": {"type": "Point", "coordinates": [-113.55126888091735, 53.74173097448226]}}, {"type": "Feature", "properties": {"t": "2026-04-21T08:25:00+00:00Z", "z_m": 14.580556771948197}, "geometry": {"type": "Point", "coordinates": [-113.53536850922227, 53.74909395885194]}}, {"type": "Feature", "properties": {"t": "2026-04-21T08:25:00+00:00Z", "z_m": 12.7903073583649}, "geometry": {"type": "Point", "coordinates": [-113.55463999309514, 53.74205830616088]}}, {"type": "Feature", "properties": {"t": "2026-04-21T08:25:00+00:00Z", "z_m": 18.19458447289398}, "geometry": {"type": "Point", "coordinates": [-113.53585469685301, 53.747367376472404]}}, {"type": "Feature", "properties": {"t": "2026-04-21T08:25:00+00:00Z", "z_m": 12.856512501405723}, "geometry": {"type": "Point", "coordinates": [-113.53404545562712, 53.74756180226587]}}, {"type": "Feature", "properties": {"t": "2026-04-21T08:25:00+00:00Z", "z_m": 19.906261599187882}, "geometry": {"type": "Point", "coordinates": [-113.53731777310313, 53.74684929292705]}}, {"type": "Feature", "properties": {"t": "2026-04-21T08:25:00+00:00Z", "z_m": 2.769803606070254}, "geometry": {"type": "Point", "coordinates": [-113.53365486755905, 53.74756050234289]}}, {"type": "Feature", "properties": {"t": "2026-04-21T08:25:00+00:00Z", "z_m": 12.97427619730641}, "geometry": {"type": "Point", "coordinates": [-113.53376478187567, 53.74740635153177]}}, {"type": "Feature", "properties": {"t": "2026-04-21T08:25:00+00:00Z", "z_m": 7.102728030442936}, "geometry": {"type": "Point", "coordinates": [-113.54072764838978, 53.75169073634811]}}, {"type": "Feature", "properties": {"t": "2026-04-21T08:25:00+00:00Z", "z_m": 20.0}, "geometry": {"type": "Point", "coordinates": [-113.53288492963678, 53.74594140300417]}}, {"type": "Feature", "properties": {"t": "2026-04-21T08:25:00+00:00Z", "z_m": 17.835425880137723}, "geometry": {"type": "Point", "coordinates": [-113.53778380094911, 53.744488557860045]}}, {"type": "Feature", "properties": {"t": "2026-04-21T08:25:00+00:00Z", "z_m": 9.477083322834075}, "geometry": {"type": "Point", "coordinates": [-113.53510675888728, 53.74698189080012]}}, {"type": "Feature", "properties": {"t": "2026-04-21T08:25:00+00:00Z", "z_m": 17.310944312737703}, "geometry": {"type": "Point", "coordinates": [-113.54134184162201, 53.749786000744514]}}, {"type": "Feature", "properties": {"t": "2026-04-21T08:25:00+00:00Z", "z_m": 19.913157272561627}, "geometry": {"type": "Point", "coordinates": [-113.53481147234395, 53.746846735219364]}}, {"type": "Feature", "properties": {"t": "2026-04-21T08:25:00+00:00Z", "z_m": 11.425652459668074}, "geometry": {"type": "Point", "coordinates": [-113.5329599776595, 53.74934109925464]}}, {"type": "Feature", "properties": {"t": "2026-04-21T08:25:00+00:00Z", "z_m": 17.39768408032605}, "geometry": {"type": "Point", "coordinates": [-113.53144926257984, 53.74625888328547]}}, {"type": "Feature", "properties": {"t": "2026-04-21T08:25:00+00:00Z", "z_m": 12.69242585660137}, "geometry": {"type": "Point", "coordinates": [-113.53615297309396, 53.75040349675862]}}, {"type": "Feature", "properties": {"t": "2026-04-21T08:25:00+00:00Z", "z_m": 6.973253796155913}, "geometry": {"type": "Point", "coordinates": [-113.53791417874528, 53.749960895423264]}}, {"type": "Feature", "properties": {"t": "2026-04-21T08:25:00+00:00Z", "z_m": 16.072049901361964}, "geometry": {"type": "Point", "coordinates": [-113.54136775028422, 53.74815129424799]}}, {"type": "Feature", "properties": {"t": "2026-04-21T08:25:00+00:00Z", "z_m": 17.819203228850306}, "geometry": {"type": "Point", "coordinates": [-113.53162734327826, 53.74398214952153]}}, {"type": "Feature", "properties": {"t": "2026-04-21T08:25:00+00:00Z", "z_m": 11.628650207281806}, "geometry": {"type": "Point", "coordinates": [-113.54111447426365, 53.75017308037838]}}, {"type": "Feature", "properties": {"t": "2026-04-21T08:25:00+00:00Z", "z_m": 11.328854389884786}, "geometry": {"type": "Point", "coordinates": [-113.5413975453846, 53.746359465450176]}}, {"type": "Feature", "properties": {"t": "2026-04-21T08:25:00+00:00Z", "z_m": 13.149024136476507}, "geometry": {"type": "Point", "coordinates": [-113.54220921591893, 53.7489761845469]}}, {"type": "Feature", "properties": {"t": "2026-04-21T08:25:00+00:00Z", "z_m": 18.695635849596396}, "geometry": {"type": "Point", "coordinates": [-113.5307363368867, 53.74468629458511]}}, {"type": "Feature", "properties": {"t": "2026-04-21T08:25:00+00:00Z", "z_m": 18.43852601079581}, "geometry": {"type": "Point", "coordinates": [-113.53936345939921, 53.747642284911095]}}, {"type": "Feature", "properties": {"t": "2026-04-21T08:20:00+00:00Z", "z_m": 12.549199024493598}, "geometry": {"type": "Point", "coordinates": [-113.55532358918535, 53.74457360791734]}}, {"type": "Feature", "properties": {"t": "2026-04-21T08:20:00+00:00Z", "z_m": 2.3344206061979147}, "geometry": {"type": "Point", "coordinates": [-113.53672087141629, 53.751468091844025]}}, {"type": "Feature", "properties": {"t": "2026-04-21T08:20:00+00:00Z", "z_m": 16.428137776248725}, "geometry": {"type": "Point", "coordinates": [-113.5396288721535, 53.74997013885162]}}, {"type": "Feature", "properties": {"t": "2026-04-21T08:20:00+00:00Z", "z_m": 20.0}, "geometry": {"type": "Point", "coordinates": [-113.53947139777345, 53.75289363106201]}}, {"type": "Feature", "properties": {"t": "2026-04-21T08:20:00+00:00Z", "z_m": 20.0}, "geometry": {"type": "Point", "coordinates": [-113.53311001432675, 53.74814263671654]}}, {"type": "Feature", "properties": {"t": "2026-04-21T08:20:00+00:00Z", "z_m": 18.234459293559762}, "geometry": {"type": "Point", "coordinates": [-113.55834794754186, 53.749094596798194]}}, {"type": "Feature", "properties": {"t": "2026-04-21T08:20:00+00:00Z", "z_m": 20.0}, "geometry": {"type": "Point", "coordinates": [-113.53880123618018, 53.75517251501255]}}, {"type": "Feature", "properties": {"t": "2026-04-21T08:20:00+00:00Z", "z_m": 12.522455962801308}, "geometry": {"type": "Point", "coordinates": [-113.5563743641794, 53.7434345311992]}}, {"type": "Feature", "properties": {"t": "2026-04-21T08:20:00+00:00Z", "z_m": 17.999927298422904}, "geometry": {"type": "Point", "coordinates": [-113.53636464634275, 53.74919376419751]}}, {"type": "Feature", "properties": {"t": "2026-04-21T08:20:00+00:00Z", "z_m": 15.348672007293272}, "geometry": {"type": "Point", "coordinates": [-113.54783425950272, 53.75175235992819]}}, {"type": "Feature", "properties": {"t": "2026-04-21T08:20:00+00:00Z", "z_m": 6.725884994368356}, "geometry": {"type": "Point", "coordinates": [-113.53807588397531, 53.75170859066649]}}, {"type": "Feature", "properties": {"t": "2026-04-21T08:20:00+00:00Z", "z_m": 18.488542160340717}, "geometry": {"type": "Point", "coordinates": [-113.53818396072255, 53.75186778094583]}}, {"type": "Feature", "properties": {"t": "2026-04-21T08:20:00+00:00Z", "z_m": 13.402188344484019}, "geometry": {"type": "Point", "coordinates": [-113.53816786957726, 53.74995992960021]}}, {"type": "Feature", "properties": {"t": "2026-04-21T08:20:00+00:00Z", "z_m": 11.004627357988644}, "geometry": {"type": "Point", "coordinates": [-113.55502222605935, 53.7454447466498]}}, {"type": "Feature", "properties": {"t": "2026-04-21T08:20:00+00:00Z", "z_m": 4.591517007947811}, "geometry": {"type": "Point", "coordinates": [-113.53859159023419, 53.74642101878163]}}, {"type": "Feature", "properties": {"t": "2026-04-21T08:20:00+00:00Z", "z_m": 17.224139144698697}, "geometry": {"type": "Point", "coordinates": [-113.5371014250426, 53.75012906953156]}}, {"type": "Feature", "properties": {"t": "2026-04-21T08:20:00+00:00Z", "z_m": 10.591762343922664}, "geometry": {"type": "Point", "coordinates": [-113.5404400387846, 53.75092912739776]}}, {"type": "Feature", "properties": {"t": "2026-04-21T08:20:00+00:00Z", "z_m": 8.416467209402796}, "geometry": {"type": "Point", "coordinates": [-113.54034648490033, 53.75524014168055]}}, {"type": "Feature", "properties": {"t": "2026-04-21T08:20:00+00:00Z", "z_m": 9.04697961620357}, "geometry": {"type": "Point", "coordinates": [-113.55286148840835, 53.745173577805666]}}, {"type": "Feature", "properties": {"t": "2026-04-21T08:20:00+00:00Z", "z_m": 15.068184021147578}, "geometry": {"type": "Point", "coordinates": [-113.54019828200742, 53.751036891053715]}}, {"type": "Feature", "properties": {"t": "2026-04-21T08:20:00+00:00Z", "z_m": 4.411216395299615}, "geometry": {"type": "Point", "coordinates": [-113.54126200498347, 53.754338637125045]}}, {"type": "Feature", "properties": {"t": "2026-04-21T08:20:00+00:00Z", "z_m": 20.0}, "geometry": {"type": "Point", "coordinates": [-113.53785670723393, 53.74953263336569]}}, {"type": "Feature", "properties": {"t": "2026-04-21T08:20:00+00:00Z", "z_m": 13.80673127532512}, "geometry": {"type": "Point", "coordinates": [-113.54052507356926, 53.74815894953276]}}, {"type": "Feature", "properties": {"t": "2026-04-21T08:20:00+00:00Z", "z_m": 4.993097110611833}, "geometry": {"type": "Point", "coordinates": [-113.540183528383, 53.748722686262866]}}, {"type": "Feature", "properties": {"t": "2026-04-21T08:20:00+00:00Z", "z_m": 16.135053766862516}, "geometry": {"type": "Point", "coordinates": [-113.55277990628447, 53.74590411471321]}}, {"type": "Feature", "properties": {"t": "2026-04-21T08:20:00+00:00Z", "z_m": 18.216104257957447}, "geometry": {"type": "Point", "coordinates": [-113.55577477068523, 53.743798109959144]}}, {"type": "Feature", "properties": {"t": "2026-04-21T08:20:00+00:00Z", "z_m": 13.020080724774795}, "geometry": {"type": "Point", "coordinates": [-113.5376503240027, 53.752995604933425]}}, {"type": "Feature", "properties": {"t": "2026-04-21T08:20:00+00:00Z", "z_m": 12.05338588385249}, "geometry": {"type": "Point", "coordinates": [-113.55650170328951, 53.74420674856249]}}, {"type": "Feature", "properties": {"t": "2026-04-21T08:20:00+00:00Z", "z_m": 18.03424964817727}, "geometry": {"type": "Point", "coordinates": [-113.53690290076653, 53.750348828358966]}}, {"type": "Feature", "properties": {"t": "2026-04-21T08:20:00+00:00Z", "z_m": 11.737552164201501}, "geometry": {"type": "Point", "coordinates": [-113.53648051367803, 53.750911852636804]}}, {"type": "Feature", "properties": {"t": "2026-04-21T08:20:00+00:00Z", "z_m": 19.96805752162001}, "geometry": {"type": "Point", "coordinates": [-113.5398790851091, 53.74906338959756]}}, {"type": "Feature", "properties": {"t": "2026-04-21T08:20:00+00:00Z", "z_m": 2.7779675929499574}, "geometry": {"type": "Point", "coordinates": [-113.53545667531874, 53.74981768004334]}}, {"type": "Feature", "properties": {"t": "2026-04-21T08:20:00+00:00Z", "z_m": 15.040083258170814}, "geometry": {"type": "Point", "coordinates": [-113.53861267767525, 53.75054851953792]}}, {"type": "Feature", "properties": {"t": "2026-04-21T08:20:00+00:00Z", "z_m": 6.01570565008501}, "geometry": {"type": "Point", "coordinates": [-113.54598647201598, 53.754208188729244]}}, {"type": "Feature", "properties": {"t": "2026-04-21T08:20:00+00:00Z", "z_m": 18.20509800923355}, "geometry": {"type": "Point", "coordinates": [-113.53529104891106, 53.74887120605859]}}, {"type": "Feature", "properties": {"t": "2026-04-21T08:20:00+00:00Z", "z_m": 18.130853046407868}, "geometry": {"type": "Point", "coordinates": [-113.53888547170602, 53.74843088221413]}}, {"type": "Feature", "properties": {"t": "2026-04-21T08:20:00+00:00Z", "z_m": 9.983232951375946}, "geometry": {"type": "Point", "coordinates": [-113.536505655328, 53.75047653780118]}}, {"type": "Feature", "properties": {"t": "2026-04-21T08:20:00+00:00Z", "z_m": 18.13227295991826}, "geometry": {"type": "Point", "coordinates": [-113.54323616512346, 53.75220803332092]}}, {"type": "Feature", "properties": {"t": "2026-04-21T08:20:00+00:00Z", "z_m": 17.82876147889439}, "geometry": {"type": "Point", "coordinates": [-113.53682456994831, 53.75025177778487]}}, {"type": "Feature", "properties": {"t": "2026-04-21T08:20:00+00:00Z", "z_m": 7.932684756669392}, "geometry": {"type": "Point", "coordinates": [-113.53646436920421, 53.75219942817674]}}, {"type": "Feature", "properties": {"t": "2026-04-21T08:20:00+00:00Z", "z_m": 18.23186464885322}, "geometry": {"type": "Point", "coordinates": [-113.53179139378332, 53.748985407574416]}}, {"type": "Feature", "properties": {"t": "2026-04-21T08:20:00+00:00Z", "z_m": 11.068927235060602}, "geometry": {"type": "Point", "coordinates": [-113.53864903946584, 53.753247962354685]}}, {"type": "Feature", "properties": {"t": "2026-04-21T08:20:00+00:00Z", "z_m": 5.370044859178214}, "geometry": {"type": "Point", "coordinates": [-113.54172793660496, 53.752144254070814]}}, {"type": "Feature", "properties": {"t": "2026-04-21T08:20:00+00:00Z", "z_m": 15.210887083352528}, "geometry": {"type": "Point", "coordinates": [-113.54268279752614, 53.75209949751115]}}, {"type": "Feature", "properties": {"t": "2026-04-21T08:20:00+00:00Z", "z_m": 16.254380481431134}, "geometry": {"type": "Point", "coordinates": [-113.53295266109626, 53.74826800957895]}}, {"type": "Feature", "properties": {"t": "2026-04-21T08:20:00+00:00Z", "z_m": 13.35731616835083}, "geometry": {"type": "Point", "coordinates": [-113.54382866670126, 53.75321956495171]}}, {"type": "Feature", "properties": {"t": "2026-04-21T08:20:00+00:00Z", "z_m": 12.311250863422844}, "geometry": {"type": "Point", "coordinates": [-113.54390667706443, 53.74952500274078]}}, {"type": "Feature", "properties": {"t": "2026-04-21T08:20:00+00:00Z", "z_m": 12.819314318908445}, "geometry": {"type": "Point", "coordinates": [-113.54250473473968, 53.75113820904531]}}, {"type": "Feature", "properties": {"t": "2026-04-21T08:20:00+00:00Z", "z_m": 18.523824534951775}, "geometry": {"type": "Point", "coordinates": [-113.53424836687095, 53.747740371322024]}}, {"type": "Feature", "properties": {"t": "2026-04-21T08:20:00+00:00Z", "z_m": 20.0}, "geometry": {"type": "Point", "coordinates": [-113.54156161733529, 53.750422417313736]}}, {"type": "Feature", "properties": {"t": "2026-04-21T08:15:00+00:00Z", "z_m": 14.2072217886318}, "geometry": {"type": "Point", "coordinates": [-113.55889845844601, 53.74748037285937]}}, {"type": "Feature", "properties": {"t": "2026-04-21T08:15:00+00:00Z", "z_m": 4.7749022191761075}, "geometry": {"type": "Point", "coordinates": [-113.5397170671498, 53.754549279539276]}}, {"type": "Feature", "properties": {"t": "2026-04-21T08:15:00+00:00Z", "z_m": 16.504391990779553}, "geometry": {"type": "Point", "coordinates": [-113.54260041999501, 53.75231719341826]}}, {"type": "Feature", "properties": {"t": "2026-04-21T08:15:00+00:00Z", "z_m": 19.00104608564712}, "geometry": {"type": "Point", "coordinates": [-113.54027661699799, 53.75520370763196]}}, {"type": "Feature", "properties": {"t": "2026-04-21T08:15:00+00:00Z", "z_m": 20.0}, "geometry": {"type": "Point", "coordinates": [-113.5343370374741, 53.75148469201413]}}, {"type": "Feature", "properties": {"t": "2026-04-21T08:15:00+00:00Z", "z_m": 19.00385423409801}, "geometry": {"type": "Point", "coordinates": [-113.56119568568457, 53.75162911094286]}}, {"type": "Feature", "properties": {"t": "2026-04-21T08:15:00+00:00Z", "z_m": 19.892994372653796}, "geometry": {"type": "Point", "coordinates": [-113.54050374469813, 53.75732998808701]}}, {"type": "Feature", "properties": {"t": "2026-04-21T08:15:00+00:00Z", "z_m": 14.51163927595268}, "geometry": {"type": "Point", "coordinates": [-113.55893902588065, 53.74729457376695]}}, {"type": "Feature", "properties": {"t": "2026-04-21T08:15:00+00:00Z", "z_m": 20.0}, "geometry": {"type": "Point", "coordinates": [-113.53775511402888, 53.75174787873539]}}, {"type": "Feature", "properties": {"t": "2026-04-21T08:15:00+00:00Z", "z_m": 15.81596800498523}, "geometry": {"type": "Point", "coordinates": [-113.55047266393437, 53.75528847000504]}}, {"type": "Feature", "properties": {"t": "2026-04-21T08:15:00+00:00Z", "z_m": 8.565077939025485}, "geometry": {"type": "Point", "coordinates": [-113.54211556852513, 53.75579526397592]}}, {"type": "Feature", "properties": {"t": "2026-04-21T08:15:00+00:00Z", "z_m": 15.80787656532935}, "geometry": {"type": "Point", "coordinates": [-113.54016366020461, 53.75508925879389]}}, {"type": "Feature", "properties": {"t": "2026-04-21T08:15:00+00:00Z", "z_m": 9.743868597794444}, "geometry": {"type": "Point", "coordinates": [-113.53930274870272, 53.75235948561226]}}, {"type": "Feature", "properties": {"t": "2026-04-21T08:15:00+00:00Z", "z_m": 11.770694076345901}, "geometry": {"type": "Point", "coordinates": [-113.556554206142, 53.74871452609239]}}, {"type": "Feature", "properties": {"t": "2026-04-21T08:15:00+00:00Z", "z_m": 4.13424630929292}, "geometry": {"type": "Point", "coordinates": [-113.54185869111136, 53.74901044363519]}}, {"type": "Feature", "properties": {"t": "2026-04-21T08:15:00+00:00Z", "z_m": 15.461960005168644}, "geometry": {"type": "Point", "coordinates": [-113.53966882977033, 53.752588615107]}}, {"type": "Feature", "properties": {"t": "2026-04-21T08:15:00+00:00Z", "z_m": 11.610705611246996}, "geometry": {"type": "Point", "coordinates": [-113.54304665390214, 53.75423535829315]}}, {"type": "Feature", "properties": {"t": "2026-04-21T08:15:00+00:00Z", "z_m": 5.689494343571379}, "geometry": {"type": "Point", "coordinates": [-113.5395616620646, 53.758202879095386]}}, {"type": "Feature", "properties": {"t": "2026-04-21T08:15:00+00:00Z", "z_m": 7.669058356421207}, "geometry": {"type": "Point", "coordinates": [-113.55646240211584, 53.74767412315312]}}, {"type": "Feature", "properties": {"t": "2026-04-21T08:15:00+00:00Z", "z_m": 16.163039224964223}, "geometry": {"type": "Point", "coordinates": [-113.5440127436026, 53.754205178050356]}}, {"type": "Feature", "properties": {"t": "2026-04-21T08:15:00+00:00Z", "z_m": 5.129120746034943}, "geometry": {"type": "Point", "coordinates": [-113.54562079485305, 53.75614750588222]}}, {"type": "Feature", "properties": {"t": "2026-04-21T08:15:00+00:00Z", "z_m": 18.99596650426492}, "geometry": {"type": "Point", "coordinates": [-113.54000917829643, 53.753123303698686]}}, {"type": "Feature", "properties": {"t": "2026-04-21T08:15:00+00:00Z", "z_m": 14.107107892247331}, "geometry": {"type": "Point", "coordinates": [-113.54263001253315, 53.7510301188988]}}, {"type": "Feature", "properties": {"t": "2026-04-21T08:15:00+00:00Z", "z_m": 6.006939098166087}, "geometry": {"type": "Point", "coordinates": [-113.54266676227995, 53.75267863469094]}}, {"type": "Feature", "properties": {"t": "2026-04-21T08:15:00+00:00Z", "z_m": 16.329019370417566}, "geometry": {"type": "Point", "coordinates": [-113.55530688152786, 53.74743023900898]}}, {"type": "Feature", "properties": {"t": "2026-04-21T08:15:00+00:00Z", "z_m": 20.0}, "geometry": {"type": "Point", "coordinates": [-113.55946655331711, 53.74677532061759]}}, {"type": "Feature", "properties": {"t": "2026-04-21T08:15:00+00:00Z", "z_m": 13.244388460058511}, "geometry": {"type": "Point", "coordinates": [-113.54201838188365, 53.7552209318563]}}, {"type": "Feature", "properties": {"t": "2026-04-21T08:15:00+00:00Z", "z_m": 10.808181041158234}, "geometry": {"type": "Point", "coordinates": [-113.55611320800314, 53.74715647496885]}}, {"type": "Feature", "properties": {"t": "2026-04-21T08:15:00+00:00Z", "z_m": 16.926535349924674}, "geometry": {"type": "Point", "coordinates": [-113.5382045594045, 53.75313722239716]}}, {"type": "Feature", "properties": {"t": "2026-04-21T08:15:00+00:00Z", "z_m": 10.856118165621824}, "geometry": {"type": "Point", "coordinates": [-113.53990246944852, 53.755041179553615]}}, {"type": "Feature", "properties": {"t": "2026-04-21T08:15:00+00:00Z", "z_m": 19.865105958100276}, "geometry": {"type": "Point", "coordinates": [-113.54211366105204, 53.75141669762838]}}, {"type": "Feature", "properties": {"t": "2026-04-21T08:15:00+00:00Z", "z_m": 4.940252930574927}, "geometry": {"type": "Point", "coordinates": [-113.53868248012705, 53.75280875146959]}}, {"type": "Feature", "properties": {"t": "2026-04-21T08:15:00+00:00Z", "z_m": 16.333237207480014}, "geometry": {"type": "Point", "coordinates": [-113.54134234751596, 53.753860616375]}}, {"type": "Feature", "properties": {"t": "2026-04-21T08:15:00+00:00Z", "z_m": 6.988309494745991}, "geometry": {"type": "Point", "coordinates": [-113.54686381205929, 53.75734350237279]}}, {"type": "Feature", "properties": {"t": "2026-04-21T08:15:00+00:00Z", "z_m": 20.0}, "geometry": {"type": "Point", "coordinates": [-113.53711383391507, 53.752361239884515]}}, {"type": "Feature", "properties": {"t": "2026-04-21T08:15:00+00:00Z", "z_m": 18.55791530921106}, "geometry": {"type": "Point", "coordinates": [-113.54276030743902, 53.75255072957302]}}, {"type": "Feature", "properties": {"t": "2026-04-21T08:15:00+00:00Z", "z_m": 8.98115525901101}, "geometry": {"type": "Point", "coordinates": [-113.53964153769154, 53.754540176651574]}}, {"type": "Feature", "properties": {"t": "2026-04-21T08:15:00+00:00Z", "z_m": 16.173782451625932}, "geometry": {"type": "Point", "coordinates": [-113.54502380014448, 53.755422114123675]}}, {"type": "Feature", "properties": {"t": "2026-04-21T08:15:00+00:00Z", "z_m": 18.949624905211657}, "geometry": {"type": "Point", "coordinates": [-113.53968146465893, 53.753444978920186]}}, {"type": "Feature", "properties": {"t": "2026-04-21T08:15:00+00:00Z", "z_m": 8.176184239217129}, "geometry": {"type": "Point", "coordinates": [-113.53888885311417, 53.75469089696392]}}, {"type": "Feature", "properties": {"t": "2026-04-21T08:15:00+00:00Z", "z_m": 14.839427273609557}, "geometry": {"type": "Point", "coordinates": [-113.53564981315941, 53.7525768432213]}}, {"type": "Feature", "properties": {"t": "2026-04-21T08:15:00+00:00Z", "z_m": 14.395551220378001}, "geometry": {"type": "Point", "coordinates": [-113.54344538435177, 53.755772675186115]}}, {"type": "Feature", "properties": {"t": "2026-04-21T08:15:00+00:00Z", "z_m": 4.2716596050326805}, "geometry": {"type": "Point", "coordinates": [-113.54582493396958, 53.75482745459922]}}, {"type": "Feature", "properties": {"t": "2026-04-21T08:15:00+00:00Z", "z_m": 13.782712934205577}, "geometry": {"type": "Point", "coordinates": [-113.54486660953347, 53.75431837462262]}}, {"type": "Feature", "properties": {"t": "2026-04-21T08:15:00+00:00Z", "z_m": 15.67223717325656}, "geometry": {"type": "Point", "coordinates": [-113.53568881636902, 53.750924346512065]}}, {"type": "Feature", "properties": {"t": "2026-04-21T08:15:00+00:00Z", "z_m": 12.135626244455104}, "geometry": {"type": "Point", "coordinates": [-113.54641760834328, 53.756035255284466]}}, {"type": "Feature", "properties": {"t": "2026-04-21T08:15:00+00:00Z", "z_m": 12.642118320462998}, "geometry": {"type": "Point", "coordinates": [-113.54613404132006, 53.75182603436476]}}, {"type": "Feature", "properties": {"t": "2026-04-21T08:15:00+00:00Z", "z_m": 15.3366938072184}, "geometry": {"type": "Point", "coordinates": [-113.54441358430508, 53.753096620830235]}}, {"type": "Feature", "properties": {"t": "2026-04-21T08:15:00+00:00Z", "z_m": 18.443833012426758}, "geometry": {"type": "Point", "coordinates": [-113.53645793543184, 53.7509980680466]}}, {"type": "Feature", "properties": {"t": "2026-04-21T08:15:00+00:00Z", "z_m": 18.2029190980143}, "geometry": {"type": "Point", "coordinates": [-113.54465846719205, 53.75370521816879]}}, {"type": "Feature", "properties": {"t": "2026-04-21T08:10:00+00:00Z", "z_m": 15.391332339363935}, "geometry": {"type": "Point", "coordinates": [-113.56102617388753, 53.750306527233015]}}, {"type": "Feature", "properties": {"t": "2026-04-21T08:10:00+00:00Z", "z_m": 5.722761520095482}, "geometry": {"type": "Point", "coordinates": [-113.5418187613258, 53.75560061090721]}}, {"type": "Feature", "properties": {"t": "2026-04-21T08:10:00+00:00Z", "z_m": 17.67778241795199}, "geometry": {"type": "Point", "coordinates": [-113.5462580901974, 53.755753855808734]}}, {"type": "Feature", "properties": {"t": "2026-04-21T08:10:00+00:00Z", "z_m": 17.368306124731753}, "geometry": {"type": "Point", "coordinates": [-113.54433824548383, 53.75868829984518]}}, {"type": "Feature", "properties": {"t": "2026-04-21T08:10:00+00:00Z", "z_m": 15.655834162802662}, "geometry": {"type": "Point", "coordinates": [-113.53619031962229, 53.755424084791414]}}, {"type": "Feature", "properties": {"t": "2026-04-21T08:10:00+00:00Z", "z_m": 20.0}, "geometry": {"type": "Point", "coordinates": [-113.56510340929326, 53.75481376254693]}}, {"type": "Feature", "properties": {"t": "2026-04-21T08:10:00+00:00Z", "z_m": 20.0}, "geometry": {"type": "Point", "coordinates": [-113.54202419545739, 53.7602041038338]}}, {"type": "Feature", "properties": {"t": "2026-04-21T08:10:00+00:00Z", "z_m": 14.632925729762247}, "geometry": {"type": "Point", "coordinates": [-113.55902460872205, 53.75228041029325]}}, {"type": "Feature", "properties": {"t": "2026-04-21T08:10:00+00:00Z", "z_m": 19.590832331243423}, "geometry": {"type": "Point", "coordinates": [-113.54258662653781, 53.75478565208703]}}, {"type": "Feature", "properties": {"t": "2026-04-21T08:10:00+00:00Z", "z_m": 12.921033686324911}, "geometry": {"type": "Point", "coordinates": [-113.55245738902507, 53.758489934063455]}}, {"type": "Feature", "properties": {"t": "2026-04-21T08:10:00+00:00Z", "z_m": 10.13171077512045}, "geometry": {"type": "Point", "coordinates": [-113.54369494706532, 53.75964578230602]}}, {"type": "Feature", "properties": {"t": "2026-04-21T08:10:00+00:00Z", "z_m": 17.519800410043718}, "geometry": {"type": "Point", "coordinates": [-113.54725382279776, 53.755734838300505]}}, {"type": "Feature", "properties": {"t": "2026-04-21T08:10:00+00:00Z", "z_m": 11.419145298529545}, "geometry": {"type": "Point", "coordinates": [-113.5450176113193, 53.755589140273315]}}, {"type": "Feature", "properties": {"t": "2026-04-21T08:10:00+00:00Z", "z_m": 9.189645043900658}, "geometry": {"type": "Point", "coordinates": [-113.56096865224636, 53.75075385193093]}}, {"type": "Feature", "properties": {"t": "2026-04-21T08:10:00+00:00Z", "z_m": 4.621129336925123}, "geometry": {"type": "Point", "coordinates": [-113.54575203631175, 53.752323981392145]}}, {"type": "Feature", "properties": {"t": "2026-04-21T08:10:00+00:00Z", "z_m": 12.90624813098625}, "geometry": {"type": "Point", "coordinates": [-113.5423246455131, 53.75497940071533]}}, {"type": "Feature", "properties": {"t": "2026-04-21T08:10:00+00:00Z", "z_m": 10.829290864166536}, "geometry": {"type": "Point", "coordinates": [-113.54682245936948, 53.75765490721541]}}, {"type": "Feature", "properties": {"t": "2026-04-21T08:10:00+00:00Z", "z_m": 6.025636390828415}, "geometry": {"type": "Point", "coordinates": [-113.54382444775128, 53.76194671860176]}}, {"type": "Feature", "properties": {"t": "2026-04-21T08:10:00+00:00Z", "z_m": 5.350122814079693}, "geometry": {"type": "Point", "coordinates": [-113.56117839575742, 53.75086803643634]}}, {"type": "Feature", "properties": {"t": "2026-04-21T08:10:00+00:00Z", "z_m": 19.335569364898138}, "geometry": {"type": "Point", "coordinates": [-113.54580923372727, 53.75682162766789]}}, {"type": "Feature", "properties": {"t": "2026-04-21T08:10:00+00:00Z", "z_m": 3.6731291100948367}, "geometry": {"type": "Point", "coordinates": [-113.54703491852375, 53.75935662615761]}}, {"type": "Feature", "properties": {"t": "2026-04-21T08:10:00+00:00Z", "z_m": 19.068581389744867}, "geometry": {"type": "Point", "coordinates": [-113.54191335193437, 53.75560449483469]}}, {"type": "Feature", "properties": {"t": "2026-04-21T08:10:00+00:00Z", "z_m": 14.588822560505259}, "geometry": {"type": "Point", "coordinates": [-113.54497992081379, 53.7546743653282]}}, {"type": "Feature", "properties": {"t": "2026-04-21T08:10:00+00:00Z", "z_m": 4.785568748074975}, "geometry": {"type": "Point", "coordinates": [-113.54711430562567, 53.758131454970005]}}, {"type": "Feature", "properties": {"t": "2026-04-21T08:10:00+00:00Z", "z_m": 16.663439149012547}, "geometry": {"type": "Point", "coordinates": [-113.55765447371428, 53.75124563140459]}}, {"type": "Feature", "properties": {"t": "2026-04-21T08:10:00+00:00Z", "z_m": 20.0}, "geometry": {"type": "Point", "coordinates": [-113.56083056165005, 53.750070999477124]}}, {"type": "Feature", "properties": {"t": "2026-04-21T08:10:00+00:00Z", "z_m": 12.575641099034955}, "geometry": {"type": "Point", "coordinates": [-113.5471065719426, 53.75823299213374]}}, {"type": "Feature", "properties": {"t": "2026-04-21T08:10:00+00:00Z", "z_m": 9.827685590803084}, "geometry": {"type": "Point", "coordinates": [-113.55699150601924, 53.74960002544695]}}, {"type": "Feature", "properties": {"t": "2026-04-21T08:10:00+00:00Z", "z_m": 17.485745267998357}, "geometry": {"type": "Point", "coordinates": [-113.54323693734506, 53.7552515854522]}}, {"type": "Feature", "properties": {"t": "2026-04-21T08:10:00+00:00Z", "z_m": 10.537638157682132}, "geometry": {"type": "Point", "coordinates": [-113.54522298490673, 53.755504886681116]}}, {"type": "Feature", "properties": {"t": "2026-04-21T08:10:00+00:00Z", "z_m": 18.810288427877556}, "geometry": {"type": "Point", "coordinates": [-113.54593881513667, 53.75426976878477]}}, {"type": "Feature", "properties": {"t": "2026-04-21T08:10:00+00:00Z", "z_m": 5.738280059313338}, "geometry": {"type": "Point", "coordinates": [-113.54412464300891, 53.7559478478132]}}, {"type": "Feature", "properties": {"t": "2026-04-21T08:10:00+00:00Z", "z_m": 14.522181180876663}, "geometry": {"type": "Point", "coordinates": [-113.54184014736391, 53.75670714999251]}}, {"type": "Feature", "properties": {"t": "2026-04-21T08:10:00+00:00Z", "z_m": 8.302345317273573}, "geometry": {"type": "Point", "coordinates": [-113.55113339798203, 53.758717789991245]}}, {"type": "Feature", "properties": {"t": "2026-04-21T08:10:00+00:00Z", "z_m": 20.0}, "geometry": {"type": "Point", "coordinates": [-113.53940822758668, 53.75511678597652]}}, {"type": "Feature", "properties": {"t": "2026-04-21T08:10:00+00:00Z", "z_m": 17.23532370365415}, "geometry": {"type": "Point", "coordinates": [-113.54732615010401, 53.75504748864661]}}, {"type": "Feature", "properties": {"t": "2026-04-21T08:10:00+00:00Z", "z_m": 8.975983209782235}, "geometry": {"type": "Point", "coordinates": [-113.54321883119582, 53.757791847983476]}}, {"type": "Feature", "properties": {"t": "2026-04-21T08:10:00+00:00Z", "z_m": 15.012571217243288}, "geometry": {"type": "Point", "coordinates": [-113.5467731737536, 53.75855967668197]}}, {"type": "Feature", "properties": {"t": "2026-04-21T08:10:00+00:00Z", "z_m": 20.0}, "geometry": {"type": "Point", "coordinates": [-113.5452074576998, 53.756426583951445]}}, {"type": "Feature", "properties": {"t": "2026-04-21T08:10:00+00:00Z", "z_m": 10.177459103942743}, "geometry": {"type": "Point", "coordinates": [-113.54438511171962, 53.75575223394575]}}, {"type": "Feature", "properties": {"t": "2026-04-21T08:10:00+00:00Z", "z_m": 16.49860189912709}, "geometry": {"type": "Point", "coordinates": [-113.53763093146704, 53.755219531976664]}}, {"type": "Feature", "properties": {"t": "2026-04-21T08:10:00+00:00Z", "z_m": 14.021473089939773}, "geometry": {"type": "Point", "coordinates": [-113.5473307437543, 53.75902336534333]}}, {"type": "Feature", "properties": {"t": "2026-04-21T08:10:00+00:00Z", "z_m": 4.135730977197884}, "geometry": {"type": "Point", "coordinates": [-113.54779447347255, 53.75635245492032]}}, {"type": "Feature", "properties": {"t": "2026-04-21T08:10:00+00:00Z", "z_m": 13.895400676119568}, "geometry": {"type": "Point", "coordinates": [-113.54763307700506, 53.757845291678926]}}, {"type": "Feature", "properties": {"t": "2026-04-21T08:10:00+00:00Z", "z_m": 16.695980380331676}, "geometry": {"type": "Point", "coordinates": [-113.53684242769265, 53.75371286357225]}}, {"type": "Feature", "properties": {"t": "2026-04-21T08:10:00+00:00Z", "z_m": 12.282489593459244}, "geometry": {"type": "Point", "coordinates": [-113.54823707703602, 53.75815638278844]}}, {"type": "Feature", "properties": {"t": "2026-04-21T08:10:00+00:00Z", "z_m": 14.661903156391585}, "geometry": {"type": "Point", "coordinates": [-113.54657350296272, 53.75463736790495]}}, {"type": "Feature", "properties": {"t": "2026-04-21T08:10:00+00:00Z", "z_m": 18.35317141661554}, "geometry": {"type": "Point", "coordinates": [-113.54608915869665, 53.75578020868243]}}, {"type": "Feature", "properties": {"t": "2026-04-21T08:10:00+00:00Z", "z_m": 12.94767273147253}, "geometry": {"type": "Point", "coordinates": [-113.53903756163007, 53.753205720568864]}}, {"type": "Feature", "properties": {"t": "2026-04-21T08:10:00+00:00Z", "z_m": 20.0}, "geometry": {"type": "Point", "coordinates": [-113.54498430372904, 53.758586030631854]}}, {"type": "Feature", "properties": {"t": "2026-04-21T08:05:00+00:00Z", "z_m": 16.378546183587893}, "geometry": {"type": "Point", "coordinates": [-113.56351159849748, 53.75206473317314]}}, {"type": "Feature", "properties": {"t": "2026-04-21T08:05:00+00:00Z", "z_m": 4.614124010753682}, "geometry": {"type": "Point", "coordinates": [-113.5456318504682, 53.75615733608272]}}, {"type": "Feature", "properties": {"t": "2026-04-21T08:05:00+00:00Z", "z_m": 18.162526050397275}, "geometry": {"type": "Point", "coordinates": [-113.55014257344085, 53.76019058234761]}}, {"type": "Feature", "properties": {"t": "2026-04-21T08:05:00+00:00Z", "z_m": 20.0}, "geometry": {"type": "Point", "coordinates": [-113.54856772631261, 53.761113093494515]}}, {"type": "Feature", "properties": {"t": "2026-04-21T08:05:00+00:00Z", "z_m": 15.843315114144739}, "geometry": {"type": "Point", "coordinates": [-113.53884879851908, 53.7582924912572]}}, {"type": "Feature", "properties": {"t": "2026-04-21T08:05:00+00:00Z", "z_m": 19.650577471518154}, "geometry": {"type": "Point", "coordinates": [-113.56590788288301, 53.75878602512338]}}, {"type": "Feature", "properties": {"t": "2026-04-21T08:05:00+00:00Z", "z_m": 19.841291318703018}, "geometry": {"type": "Point", "coordinates": [-113.54714760515817, 53.76367837309635]}}, {"type": "Feature", "properties": {"t": "2026-04-21T08:05:00+00:00Z", "z_m": 13.36158980291235}, "geometry": {"type": "Point", "coordinates": [-113.56124343448718, 53.755353189440996]}}, {"type": "Feature", "properties": {"t": "2026-04-21T08:05:00+00:00Z", "z_m": 20.0}, "geometry": {"type": "Point", "coordinates": [-113.54495341794868, 53.75871353818506]}}, {"type": "Feature", "properties": {"t": "2026-04-21T08:05:00+00:00Z", "z_m": 11.855650524487377}, "geometry": {"type": "Point", "coordinates": [-113.55540427153277, 53.76200800867732]}}, {"type": "Feature", "properties": {"t": "2026-04-21T08:05:00+00:00Z", "z_m": 11.065411531015462}, "geometry": {"type": "Point", "coordinates": [-113.54869181256551, 53.760784737224554]}}, {"type": "Feature", "properties": {"t": "2026-04-21T08:05:00+00:00Z", "z_m": 17.80842000135821}, "geometry": {"type": "Point", "coordinates": [-113.5495235277559, 53.75767467007855]}}, {"type": "Feature", "properties": {"t": "2026-04-21T08:05:00+00:00Z", "z_m": 9.720010870635585}, "geometry": {"type": "Point", "coordinates": [-113.54884958949388, 53.758597795701576]}}, {"type": "Feature", "properties": {"t": "2026-04-21T08:05:00+00:00Z", "z_m": 10.043251978337302}, "geometry": {"type": "Point", "coordinates": [-113.56449920037971, 53.7538619763536]}}, {"type": "Feature", "properties": {"t": "2026-04-21T08:05:00+00:00Z", "z_m": 2.543587328452486}, "geometry": {"type": "Point", "coordinates": [-113.54846739797706, 53.755799082255265]}}, {"type": "Feature", "properties": {"t": "2026-04-21T08:05:00+00:00Z", "z_m": 11.330426259043925}, "geometry": {"type": "Point", "coordinates": [-113.5454760400407, 53.75664270668841]}}, {"type": "Feature", "properties": {"t": "2026-04-21T08:05:00+00:00Z", "z_m": 7.514896545480706}, "geometry": {"type": "Point", "coordinates": [-113.54891107013812, 53.76042354762685]}}, {"type": "Feature", "properties": {"t": "2026-04-21T08:05:00+00:00Z", "z_m": 7.166766448043204}, "geometry": {"type": "Point", "coordinates": [-113.54599725627348, 53.764008120342915]}}, {"type": "Feature", "properties": {"t": "2026-04-21T08:05:00+00:00Z", "z_m": 8.509598848264405}, "geometry": {"type": "Point", "coordinates": [-113.56502514823107, 53.75458144883811]}}, {"type": "Feature", "properties": {"t": "2026-04-21T08:05:00+00:00Z", "z_m": 20.0}, "geometry": {"type": "Point", "coordinates": [-113.54705262771995, 53.759779142677004]}}, {"type": "Feature", "properties": {"t": "2026-04-21T08:05:00+00:00Z", "z_m": 3.8395629107863316}, "geometry": {"type": "Point", "coordinates": [-113.54842671643684, 53.76224498307998]}}, {"type": "Feature", "properties": {"t": "2026-04-21T08:05:00+00:00Z", "z_m": 20.0}, "geometry": {"type": "Point", "coordinates": [-113.54736884393667, 53.75804519539214]}}, {"type": "Feature", "properties": {"t": "2026-04-21T08:05:00+00:00Z", "z_m": 16.112215959154142}, "geometry": {"type": "Point", "coordinates": [-113.54671464892279, 53.75725732516158]}}, {"type": "Feature", "properties": {"t": "2026-04-21T08:05:00+00:00Z", "z_m": 2.0}, "geometry": {"type": "Point", "coordinates": [-113.5490549591647, 53.76098172330089]}}, {"type": "Feature", "properties": {"t": "2026-04-21T08:05:00+00:00Z", "z_m": 15.122265196059432}, "geometry": {"type": "Point", "coordinates": [-113.55915580293801, 53.754106110471966]}}, {"type": "Feature", "properties": {"t": "2026-04-21T08:05:00+00:00Z", "z_m": 17.1323983996472}, "geometry": {"type": "Point", "coordinates": [-113.5626079784539, 53.75230162800266]}}, {"type": "Feature", "properties": {"t": "2026-04-21T08:05:00+00:00Z", "z_m": 12.757836309809058}, "geometry": {"type": "Point", "coordinates": [-113.5513844381632, 53.76002448548245]}}, {"type": "Feature", "properties": {"t": "2026-04-21T08:05:00+00:00Z", "z_m": 8.561224186194863}, "geometry": {"type": "Point", "coordinates": [-113.56041255347242, 53.751086342969714]}}, {"type": "Feature", "properties": {"t": "2026-04-21T08:05:00+00:00Z", "z_m": 16.3968564987652}, "geometry": {"type": "Point", "coordinates": [-113.54615451360625, 53.75775836292857]}}, {"type": "Feature", "properties": {"t": "2026-04-21T08:05:00+00:00Z", "z_m": 8.255471815289773}, "geometry": {"type": "Point", "coordinates": [-113.54767969973751, 53.758531666508105]}}, {"type": "Feature", "properties": {"t": "2026-04-21T08:05:00+00:00Z", "z_m": 16.97900685366417}, "geometry": {"type": "Point", "coordinates": [-113.54929402683557, 53.756724601041675]}}, {"type": "Feature", "properties": {"t": "2026-04-21T08:05:00+00:00Z", "z_m": 8.464866744954946}, "geometry": {"type": "Point", "coordinates": [-113.54710232453863, 53.758858610832625]}}, {"type": "Feature", "properties": {"t": "2026-04-21T08:05:00+00:00Z", "z_m": 13.729233029805663}, "geometry": {"type": "Point", "coordinates": [-113.54450941891325, 53.75919809814616]}}, {"type": "Feature", "properties": {"t": "2026-04-21T08:05:00+00:00Z", "z_m": 5.77634768151771}, "geometry": {"type": "Point", "coordinates": [-113.55474706569396, 53.761720066490845]}}, {"type": "Feature", "properties": {"t": "2026-04-21T08:05:00+00:00Z", "z_m": 19.67676619685381}, "geometry": {"type": "Point", "coordinates": [-113.54488189282766, 53.75629762101851]}}, {"type": "Feature", "properties": {"t": "2026-04-21T08:05:00+00:00Z", "z_m": 18.436805388187473}, "geometry": {"type": "Point", "coordinates": [-113.54904740287132, 53.75683433735753]}}, {"type": "Feature", "properties": {"t": "2026-04-21T08:05:00+00:00Z", "z_m": 8.567332153935702}, "geometry": {"type": "Point", "coordinates": [-113.54563930305147, 53.759653270497054]}}, {"type": "Feature", "properties": {"t": "2026-04-21T08:05:00+00:00Z", "z_m": 13.741466169921217}, "geometry": {"type": "Point", "coordinates": [-113.55053117590796, 53.76114612844209]}}, {"type": "Feature", "properties": {"t": "2026-04-21T08:05:00+00:00Z", "z_m": 19.326276975517967}, "geometry": {"type": "Point", "coordinates": [-113.5500313754215, 53.75879355782504]}}, {"type": "Feature", "properties": {"t": "2026-04-21T08:05:00+00:00Z", "z_m": 10.037437764541508}, "geometry": {"type": "Point", "coordinates": [-113.54829018417078, 53.7569927163258]}}, {"type": "Feature", "properties": {"t": "2026-04-21T08:05:00+00:00Z", "z_m": 15.926698358524018}, "geometry": {"type": "Point", "coordinates": [-113.53762966268104, 53.758090103002814]}}, {"type": "Feature", "properties": {"t": "2026-04-21T08:05:00+00:00Z", "z_m": 16.298976446057928}, "geometry": {"type": "Point", "coordinates": [-113.55073958414113, 53.76201274547757]}}, {"type": "Feature", "properties": {"t": "2026-04-21T08:05:00+00:00Z", "z_m": 2.776612127353306}, "geometry": {"type": "Point", "coordinates": [-113.55209043526294, 53.7579332780248]}}, {"type": "Feature", "properties": {"t": "2026-04-21T08:05:00+00:00Z", "z_m": 15.093568053458116}, "geometry": {"type": "Point", "coordinates": [-113.54970652077549, 53.760176642688016]}}, {"type": "Feature", "properties": {"t": "2026-04-21T08:05:00+00:00Z", "z_m": 15.936471322345493}, "geometry": {"type": "Point", "coordinates": [-113.53826295823892, 53.756045885686206]}}, {"type": "Feature", "properties": {"t": "2026-04-21T08:05:00+00:00Z", "z_m": 9.759875580725824}, "geometry": {"type": "Point", "coordinates": [-113.54951192613187, 53.75961258562406]}}, {"type": "Feature", "properties": {"t": "2026-04-21T08:05:00+00:00Z", "z_m": 17.38324717048176}, "geometry": {"type": "Point", "coordinates": [-113.54659125314204, 53.75765029787648]}}, {"type": "Feature", "properties": {"t": "2026-04-21T08:05:00+00:00Z", "z_m": 17.306243438405247}, "geometry": {"type": "Point", "coordinates": [-113.55084034119969, 53.756264315341184]}}, {"type": "Feature", "properties": {"t": "2026-04-21T08:05:00+00:00Z", "z_m": 15.560795990415803}, "geometry": {"type": "Point", "coordinates": [-113.5446086440364, 53.75600521376745]}}, {"type": "Feature", "properties": {"t": "2026-04-21T08:05:00+00:00Z", "z_m": 18.989148216183864}, "geometry": {"type": "Point", "coordinates": [-113.54632662207315, 53.76154010841356]}}, {"type": "Feature", "properties": {"t": "2026-04-21T08:00:00+00:00Z", "z_m": 19.13980463300745}, "geometry": {"type": "Point", "coordinates": [-113.56765608685615, 53.75485339335309]}}, {"type": "Feature", "properties": {"t": "2026-04-21T08:00:00+00:00Z", "z_m": 7.446321867468365}, "geometry": {"type": "Point", "coordinates": [-113.5464364922658, 53.75954781890492]}}, {"type": "Feature", "properties": {"t": "2026-04-21T08:00:00+00:00Z", "z_m": 19.237440659562584}, "geometry": {"type": "Point", "coordinates": [-113.55128037114581, 53.76320030300361]}}, {"type": "Feature", "properties": {"t": "2026-04-21T08:00:00+00:00Z", "z_m": 17.566004677090223}, "geometry": {"type": "Point", "coordinates": [-113.55349839366937, 53.76325588560854]}}, {"type": "Feature", "properties": {"t": "2026-04-21T08:00:00+00:00Z", "z_m": 17.680889160519165}, "geometry": {"type": "Point", "coordinates": [-113.54027480680827, 53.76108628772595]}}, {"type": "Feature", "properties": {"t": "2026-04-21T08:00:00+00:00Z", "z_m": 17.04294861227849}, "geometry": {"type": "Point", "coordinates": [-113.56658644302192, 53.7620140335884]}}, {"type": "Feature", "properties": {"t": "2026-04-21T08:00:00+00:00Z", "z_m": 19.044962696255805}, "geometry": {"type": "Point", "coordinates": [-113.55307421370878, 53.7659170797177]}}, {"type": "Feature", "properties": {"t": "2026-04-21T08:00:00+00:00Z", "z_m": 12.837287085546718}, "geometry": {"type": "Point", "coordinates": [-113.56084892871456, 53.7578171090888]}}, {"type": "Feature", "properties": {"t": "2026-04-21T08:00:00+00:00Z", "z_m": 17.030982347753284}, "geometry": {"type": "Point", "coordinates": [-113.54959719774531, 53.76072304172252]}}, {"type": "Feature", "properties": {"t": "2026-04-21T08:00:00+00:00Z", "z_m": 12.029703638032883}, "geometry": {"type": "Point", "coordinates": [-113.55864114452632, 53.76436766028614]}}, {"type": "Feature", "properties": {"t": "2026-04-21T08:00:00+00:00Z", "z_m": 12.299184388877434}, "geometry": {"type": "Point", "coordinates": [-113.55336699794385, 53.76416510311362]}}, {"type": "Feature", "properties": {"t": "2026-04-21T08:00:00+00:00Z", "z_m": 16.904135526891363}, "geometry": {"type": "Point", "coordinates": [-113.55251736306317, 53.76123763333487]}}, {"type": "Feature", "properties": {"t": "2026-04-21T08:00:00+00:00Z", "z_m": 7.543837993610795}, "geometry": {"type": "Point", "coordinates": [-113.55050158018494, 53.76103715593139]}}, {"type": "Feature", "properties": {"t": "2026-04-21T08:00:00+00:00Z", "z_m": 8.968568011055552}, "geometry": {"type": "Point", "coordinates": [-113.56946671894178, 53.7570279477348]}}, {"type": "Feature", "properties": {"t": "2026-04-21T08:00:00+00:00Z", "z_m": 5.849000364787727}, "geometry": {"type": "Point", "coordinates": [-113.55084969804834, 53.75913110081339]}}, {"type": "Feature", "properties": {"t": "2026-04-21T08:00:00+00:00Z", "z_m": 6.170114078897455}, "geometry": {"type": "Point", "coordinates": [-113.54714327993973, 53.75912632481544]}}, {"type": "Feature", "properties": {"t": "2026-04-21T08:00:00+00:00Z", "z_m": 6.868606442359834}, "geometry": {"type": "Point", "coordinates": [-113.5505947425131, 53.76283370996007]}}, {"type": "Feature", "properties": {"t": "2026-04-21T08:00:00+00:00Z", "z_m": 4.29813898278838}, "geometry": {"type": "Point", "coordinates": [-113.55090706005504, 53.764136864150046]}}, {"type": "Feature", "properties": {"t": "2026-04-21T08:00:00+00:00Z", "z_m": 10.791231792770139}, "geometry": {"type": "Point", "coordinates": [-113.56944021446297, 53.7553031460722]}}, {"type": "Feature", "properties": {"t": "2026-04-21T08:00:00+00:00Z", "z_m": 19.242000205583622}, "geometry": {"type": "Point", "coordinates": [-113.55267425876787, 53.762258308616325]}}, {"type": "Feature", "properties": {"t": "2026-04-21T08:00:00+00:00Z", "z_m": 4.636172069277119}, "geometry": {"type": "Point", "coordinates": [-113.54636027839723, 53.76576607829779]}}, {"type": "Feature", "properties": {"t": "2026-04-21T08:00:00+00:00Z", "z_m": 18.4238014074597}, "geometry": {"type": "Point", "coordinates": [-113.55234842221002, 53.76136055553449]}}, {"type": "Feature", "properties": {"t": "2026-04-21T08:00:00+00:00Z", "z_m": 17.65011706441777}, "geometry": {"type": "Point", "coordinates": [-113.5490446378224, 53.760281492013725]}}, {"type": "Feature", "properties": {"t": "2026-04-21T08:00:00+00:00Z", "z_m": 2.0}, "geometry": {"type": "Point", "coordinates": [-113.55352659327554, 53.76366022390013]}}, {"type": "Feature", "properties": {"t": "2026-04-21T08:00:00+00:00Z", "z_m": 15.774033188830968}, "geometry": {"type": "Point", "coordinates": [-113.56282904557591, 53.75745745066423]}}, {"type": "Feature", "properties": {"t": "2026-04-21T08:00:00+00:00Z", "z_m": 18.654032326441115}, "geometry": {"type": "Point", "coordinates": [-113.5655780286841, 53.754716564503774]}}, {"type": "Feature", "properties": {"t": "2026-04-21T08:00:00+00:00Z", "z_m": 13.395793382304946}, "geometry": {"type": "Point", "coordinates": [-113.55461144188563, 53.76373240432315]}}, {"type": "Feature", "properties": {"t": "2026-04-21T08:00:00+00:00Z", "z_m": 8.907896028392987}, "geometry": {"type": "Point", "coordinates": [-113.56340092750644, 53.75492359388027]}}, {"type": "Feature", "properties": {"t": "2026-04-21T08:00:00+00:00Z", "z_m": 14.994589671051916}, "geometry": {"type": "Point", "coordinates": [-113.55023443081184, 53.76024574778399]}}, {"type": "Feature", "properties": {"t": "2026-04-21T08:00:00+00:00Z", "z_m": 7.793013617421794}, "geometry": {"type": "Point", "coordinates": [-113.55001138007286, 53.76221216975971]}}, {"type": "Feature", "properties": {"t": "2026-04-21T08:00:00+00:00Z", "z_m": 14.362824521375837}, "geometry": {"type": "Point", "coordinates": [-113.55063833414081, 53.761405997441344]}}, {"type": "Feature", "properties": {"t": "2026-04-21T08:00:00+00:00Z", "z_m": 8.238980037108746}, "geometry": {"type": "Point", "coordinates": [-113.55166144036272, 53.76084856803028]}}, {"type": "Feature", "properties": {"t": "2026-04-21T08:00:00+00:00Z", "z_m": 16.962938493727048}, "geometry": {"type": "Point", "coordinates": [-113.5483584605, 53.76191046983475]}}, {"type": "Feature", "properties": {"t": "2026-04-21T08:00:00+00:00Z", "z_m": 6.073802208569208}, "geometry": {"type": "Point", "coordinates": [-113.55968937554734, 53.765112131781784]}}, {"type": "Feature", "properties": {"t": "2026-04-21T08:00:00+00:00Z", "z_m": 20.0}, "geometry": {"type": "Point", "coordinates": [-113.55097140409148, 53.75736019513325]}}, {"type": "Feature", "properties": {"t": "2026-04-21T08:00:00+00:00Z", "z_m": 18.220725591835713}, "geometry": {"type": "Point", "coordinates": [-113.55149607498433, 53.759304355088645]}}, {"type": "Feature", "properties": {"t": "2026-04-21T08:00:00+00:00Z", "z_m": 9.558078436151211}, "geometry": {"type": "Point", "coordinates": [-113.54962194297882, 53.761458121554604]}}, {"type": "Feature", "properties": {"t": "2026-04-21T08:00:00+00:00Z", "z_m": 15.575458327808409}, "geometry": {"type": "Point", "coordinates": [-113.55415080432994, 53.764986100434534]}}, {"type": "Feature", "properties": {"t": "2026-04-21T08:00:00+00:00Z", "z_m": 18.62112186837763}, "geometry": {"type": "Point", "coordinates": [-113.55302522436392, 53.76327549321437]}}, {"type": "Feature", "properties": {"t": "2026-04-21T08:00:00+00:00Z", "z_m": 7.62323646548472}, "geometry": {"type": "Point", "coordinates": [-113.55057469839058, 53.761172892499864]}}, {"type": "Feature", "properties": {"t": "2026-04-21T08:00:00+00:00Z", "z_m": 13.79759155977452}, "geometry": {"type": "Point", "coordinates": [-113.54264916069137, 53.75959264835672]}}, {"type": "Feature", "properties": {"t": "2026-04-21T08:00:00+00:00Z", "z_m": 13.161773117218857}, "geometry": {"type": "Point", "coordinates": [-113.55146139060642, 53.76483585085901]}}, {"type": "Feature", "properties": {"t": "2026-04-21T08:00:00+00:00Z", "z_m": 4.666664381058152}, "geometry": {"type": "Point", "coordinates": [-113.55576985949357, 53.760484134621315]}}, {"type": "Feature", "properties": {"t": "2026-04-21T08:00:00+00:00Z", "z_m": 18.16133659635192}, "geometry": {"type": "Point", "coordinates": [-113.55105106145369, 53.763153380415176]}}, {"type": "Feature", "properties": {"t": "2026-04-21T08:00:00+00:00Z", "z_m": 16.883048853861037}, "geometry": {"type": "Point", "coordinates": [-113.54281424429439, 53.758332784850595]}}, {"type": "Feature", "properties": {"t": "2026-04-21T08:00:00+00:00Z", "z_m": 10.195392789572645}, "geometry": {"type": "Point", "coordinates": [-113.55329913214689, 53.762607070732805]}}, {"type": "Feature", "properties": {"t": "2026-04-21T08:00:00+00:00Z", "z_m": 18.703571348326456}, "geometry": {"type": "Point", "coordinates": [-113.54821877612785, 53.760299411721924]}}, {"type": "Feature", "properties": {"t": "2026-04-21T08:00:00+00:00Z", "z_m": 16.44399358982859}, "geometry": {"type": "Point", "coordinates": [-113.55301896059804, 53.759209446011596]}}, {"type": "Feature", "properties": {"t": "2026-04-21T08:00:00+00:00Z", "z_m": 15.995678159967126}, "geometry": {"type": "Point", "coordinates": [-113.54988594080828, 53.758485186296994]}}, {"type": "Feature", "properties": {"t": "2026-04-21T08:00:00+00:00Z", "z_m": 14.655513931200408}, "geometry": {"type": "Point", "coordinates": [-113.54919321386915, 53.76392196582635]}}]}